Carpeta,Bloque,Clave,Inglés (original),Español (borrador IA),Español (revisado),Estado,Comentarios
componentes/best-brokers-section,best-brokers-section,openAccount,Open account,Abrir cuenta,,Pendiente,
componentes/best-brokers-section,best-brokers-section,readReview,Read review,Leer reseña,,Pendiente,
componentes/best-brokers-section,best-brokers-section,title,Best brokers in your location,Los mejores brókers en tu ubicación,,Pendiente,
componentes/best-brokers-yearly-section,best-brokers-yearly-section,title,Best Brokers in {year},Mejores Brókers en {year},,Pendiente,
componentes/broker-detail,broker-detail,about,About {name},Sobre {name},,Pendiente,
componentes/broker-detail,broker-detail,account,Account,Cuenta,,Pendiente,
componentes/broker-detail,broker-detail,accountDetails,Account details,Detalles de la cuenta,,Pendiente,
componentes/broker-detail,broker-detail,accountFeature.commission,Commission,Comisión,,Pendiente,
componentes/broker-detail,broker-detail,accountFeature.demo,Demo,Demo,,Pendiente,
componentes/broker-detail,broker-detail,accountFeature.live,Live,Real,,Pendiente,
componentes/broker-detail,broker-detail,accountFeature.noCommission,No commission,Sin comisión,,Pendiente,
componentes/broker-detail,broker-detail,accountFeature.noPamm,No PAMM,Sin PAMM,,Pendiente,
componentes/broker-detail,broker-detail,accountFeature.pamm,PAMM,PAMM,,Pendiente,
componentes/broker-detail,broker-detail,accountFeature.swapFree,Swap-Free,Sin swap,,Pendiente,
componentes/broker-detail,broker-detail,accountTypes,Account types,Tipos de cuenta,,Pendiente,
componentes/broker-detail,broker-detail,commissionUnit.percentage,%,%,,Pendiente,
componentes/broker-detail,broker-detail,commissionUnit.perLot,lot,lote,,Pendiente,
componentes/broker-detail,broker-detail,commissionUnit.perMillion,million,millón,,Pendiente,
componentes/broker-detail,broker-detail,commissionUnit.perTrade,trade,operación,,Pendiente,
componentes/broker-detail,broker-detail,contact,Contact,Contacto,,Pendiente,
componentes/broker-detail,broker-detail,cost,Cost,Coste,,Pendiente,
componentes/broker-detail,broker-detail,costAndCommissions,Cost and Commissions,Costes y comisiones,,Pendiente,
componentes/broker-detail,broker-detail,costFromPips,from {pips} pips,desde {pips} pips,,Pendiente,
componentes/broker-detail,broker-detail,customerService,Customer service,Atención al cliente,,Pendiente,
componentes/broker-detail,broker-detail,demoAccount,Demo account,Cuenta demo,,Pendiente,
componentes/broker-detail,broker-detail,disclaimer,Disclaimer:,Aviso legal:,,Pendiente,
componentes/broker-detail,broker-detail,email,Email,Correo electrónico,,Pendiente,
componentes/broker-detail,broker-detail,executionModel,Execution model,Modelo de ejecución,,Pendiente,
componentes/broker-detail,broker-detail,faq,FAQ,FAQ,,Pendiente,
componentes/broker-detail,broker-detail,feature,Feature,Característica,,Pendiente,
componentes/broker-detail,broker-detail,features,Features,Características,,Pendiente,
componentes/broker-detail,broker-detail,freeDemoAccount,Free demo Account,Cuenta demo gratuita,,Pendiente,
componentes/broker-detail,broker-detail,frequentlyAskedQuestions,Frequently Asked Questions,Preguntas frecuentes,,Pendiente,
componentes/broker-detail,broker-detail,hqCountryIsoCode,HQ Country ISO Code,País de la sede (ISO),,Pendiente,
componentes/broker-detail,broker-detail,maxLeverage,Max. Leverage,Apalancamiento máx.,,Pendiente,
componentes/broker-detail,broker-detail,maxRetailLeverage,Max retail Leverage,Apalancamiento máximo minorista,,Pendiente,
componentes/broker-detail,broker-detail,metaTitle,{name} Trading Platform: All services and details,{name} Plataforma de trading: todos los servicios y detalles,,Pendiente,
componentes/broker-detail,broker-detail,minDeposit,Min. Deposit,Depósito mín.,,Pendiente,
componentes/broker-detail,broker-detail,minimumDepositFrom,Minimum deposit from {amount} USD,Depósito mínimo desde {amount} USD,,Pendiente,
componentes/broker-detail,broker-detail,notAvailableInCountry,This broker is not available in your country,Este bróker no está disponible en tu país,,Pendiente,
componentes/broker-detail,broker-detail,openAccount,Open account,Abrir cuenta,,Pendiente,
componentes/broker-detail,broker-detail,paymentMethods,Payment methods & Withdrawal,Métodos de pago y retirada,,Pendiente,
componentes/broker-detail,broker-detail,readReview,Read review,Leer reseña,,Pendiente,
componentes/broker-detail,broker-detail,regulators,Regulators,Reguladores,,Pendiente,
componentes/broker-detail,broker-detail,spread,Spread,Spread,,Pendiente,
componentes/broker-detail,broker-detail,spreadBased,Spread based,Basado en spread,,Pendiente,
componentes/broker-detail,broker-detail,spreadRaw,RAW,RAW,,Pendiente,
componentes/broker-detail,broker-detail,startFreeDemo,Start Free demo,Abrir cuenta demo,,Pendiente,
componentes/broker-detail,broker-detail,support,Support,Soporte,,Pendiente,
componentes/broker-detail,broker-detail,supportedAssets,Supported Assets,Activos disponibles,,Pendiente,
componentes/broker-detail,broker-detail,supportedCurrencies,Supported Currencies,Divisas disponibles,,Pendiente,
componentes/broker-detail,broker-detail,supportedLanguages,Supported Languages,Idiomas disponibles,,Pendiente,
componentes/broker-detail,broker-detail,tradingDetails,Trading details,Detalles de trading,,Pendiente,
componentes/broker-detail,broker-detail,tradingPlatforms,Trading Platforms,Plataformas de trading,,Pendiente,
componentes/broker-detail,broker-detail,tradingStyles,Trading styles,Estilos de trading,,Pendiente,
componentes/broker-detail,broker-detail,tradingStylesAllowed,Trading styles allowed,Estilos de trading permitidos,,Pendiente,
componentes/broker-detail,broker-detail,visitSite,Visit Site,Visitar el sitio,,Pendiente,
componentes/broker-detail,broker-detail,website,Website,Sitio web,,Pendiente,
componentes/broker-listing,broker-listing,cryptoTitle,Best Crypto Brokers and Exchanges,Los mejores brókers de criptomonedas y exchanges,,Pendiente,
componentes/broker-listing,broker-listing,next,Next,Siguiente,,Pendiente,
componentes/broker-listing,broker-listing,openAccount,Open account,Abrir cuenta,,Pendiente,
componentes/broker-listing,broker-listing,previous,Previous,Anterior,,Pendiente,
componentes/broker-listing,broker-listing,readReview,Read review,Leer reseña,,Pendiente,
componentes/broker-listing,broker-listing,sponsor,Sponsor,Patrocinador,,Pendiente,
componentes/broker-listing,broker-listing,title,Best brokers in your location,Los mejores brókers en tu ubicación,,Pendiente,
componentes/broker-review,broker-review,accountConditions.defaultSubtitle,A platform-based competitive offering,Una oferta competitiva basada en plataformas,,Pendiente,
componentes/broker-review,broker-review,accountConditions.id,accountConditions,accountConditions,,Pendiente,
componentes/broker-review,broker-review,accountConditions.readLess,Read less,Leer menos,,Pendiente,
componentes/broker-review,broker-review,accountConditions.readMore,Read more,Leer más,,Pendiente,
componentes/broker-review,broker-review,accountConditions.score,Score:,Puntuación:,,Pendiente,
componentes/broker-review,broker-review,accountConditions.subSections.accountTypes,Account Types,Tipos de cuenta,,Pendiente,
componentes/broker-review,broker-review,accountConditions.subSections.bonusesAndPromotions,Bonuses and promotions,Bonos y promociones,,Pendiente,
componentes/broker-review,broker-review,accountConditions.subSections.costsAndFees,Cost and fees,Costes y tarifas,,Pendiente,
componentes/broker-review,broker-review,accountConditions.subSections.depositingEase,Depositing ease,Facilidad de depósito,,Pendiente,
componentes/broker-review,broker-review,accountConditions.subSections.withdrawalEase,Withdrawal ease,Facilidad de retirada,,Pendiente,
componentes/broker-review,broker-review,accountConditions.table.accountTypes,Account Types,Tipos de cuenta,,Pendiente,
componentes/broker-review,broker-review,accountConditions.table.details,Details,Detalles,,Pendiente,
componentes/broker-review,broker-review,accountConditions.tip,TIP:,Consejo:,,Pendiente,
componentes/broker-review,broker-review,accountConditions.title,Account Conditions,Condiciones de la cuenta,,Pendiente,
componentes/broker-review,broker-review,authors.title,Authors,Autores,,Pendiente,
componentes/broker-review,broker-review,backToTop,Back to top,Ir arriba,,Pendiente,
componentes/broker-review,broker-review,customerService.defaultSubtitle,24/7 multilingual assistance,Asistencia multilingüe 24/7,,Pendiente,
componentes/broker-review,broker-review,customerService.id,customerService,customerService,,Pendiente,
componentes/broker-review,broker-review,customerService.readLess,Read less,Leer menos,,Pendiente,
componentes/broker-review,broker-review,customerService.readMore,Read more,Leer más,,Pendiente,
componentes/broker-review,broker-review,customerService.score,Score:,Puntuación:,,Pendiente,
componentes/broker-review,broker-review,customerService.subSections.supportAvailability,Support availability,Disponibilidad del servicio de soporte,,Pendiente,
componentes/broker-review,broker-review,customerService.subSections.usefulness,Usefulness,Utilidad,,Pendiente,
componentes/broker-review,broker-review,customerService.tip,TIP:,Consejo:,,Pendiente,
componentes/broker-review,broker-review,customerService.title,Customer Service and Support,Atención al cliente,,Pendiente,
componentes/broker-review,broker-review,disclaimer.text,"Information on these pages contains forward-looking statements that involve risks and uncertainties. Markets and instruments profiled on this page are for informational purposes only and should not in any way come across as a recommendation to buy or sell in these assets. You should do your own thorough research before making any investment decisions. FXStreet does not in any way guarantee that this information is free from mistakes, errors, or material misstatements. It also does not guarantee that this information is of a timely nature. Investing in Open Markets involves a great deal of risk, including the loss of all or a portion of your investment, as well as emotional distress. All risks, losses and costs associated with investing, including total loss of principal, are your responsibility. The views and opinions expressed in this article are those of the authors and do not necessarily reflect the official policy or position of FXStreet nor its advertisers. The author will not be held responsible for information that is found at the end of links posted on this page.<br/><br/>If not otherwise explicitly mentioned in the body of the article, at the time of writing, the author has no position in any stock mentioned in this article and no business relationship with any company mentioned. The author has not received compensation for writing this article, other than from FXStreet.<br/><br/>FXStreet and the author do not provide personalized recommendations. The author makes no representations as to the accuracy, completeness, or suitability of this information. FXStreet and the author will not be liable for any errors, omissions or any losses, injuries or damages arising from this information and its display or use. Errors and omissions excepted.<br/><br/>The author and FXStreet are not registered investment advisors and nothing in this article is intended to be investment advice.","La información de estas páginas contiene declaraciones prospectivas que implican riesgos e incertidumbres. Los mercados e instrumentos descritos en esta página son solo para fines informativos y no deben interpretarse en ningún caso como una recomendación para comprar o vender estos activos. Le recomendamos que investigue a fondo antes de tomar cualquier decisión de inversión. FXStreet no garantiza en modo alguno que esta información esté libre de errores, equivocaciones o inexactitudes significativas. Tampoco garantiza que esta información sea oportuna. Invertir en los mercados abiertos implica un alto riesgo, incluyendo la pérdida total o parcial de su inversión, así como angustia emocional. Todos los riesgos, pérdidas y costos asociados con la inversión, incluyendo la pérdida total del capital, son su responsabilidad. Las opiniones y puntos de vista expresados ​​en este artículo son los de los autores y no reflejan necesariamente la política o postura oficial de FXStreet ni de sus anunciantes. El autor no se responsabiliza de la información que se encuentra al final de los enlaces publicados en esta página.<br/><br/>Salvo que se indique explícitamente en el cuerpo del artículo, al momento de redactarlo, el autor no tiene ninguna posición en las acciones mencionadas en este artículo ni relación comercial con ninguna de las empresas mencionadas. El autor no ha recibido compensación por escribir este artículo, salvo la de FXStreet.<br/><br/>FXStreet y el autor no ofrecen recomendaciones personalizadas. El autor no garantiza la exactitud, integridad o idoneidad de esta información. FXStreet y el autor no serán responsables de ningún error, omisión, pérdida, lesión o daño derivado de esta información, su presentación o uso. Se exceptúan errores y omisiones.<br/><br/>El autor y FXStreet no son asesores de inversión registrados y nada de lo contenido en este artículo pretende ser un consejo de inversión.",,Pendiente,
componentes/broker-review,broker-review,faqs.title,{brokerName} FAQs,Preguntas frecuentes,,Pendiente,
componentes/broker-review,broker-review,featuresTable.features.assetClasses.icon,chartHistogram,chartHistogram,,Pendiente,
componentes/broker-review,broker-review,featuresTable.features.assetClasses.label,Tradable asset classes,Clases de activos negociables,,Pendiente,
componentes/broker-review,broker-review,featuresTable.features.bonusesPromotions.icon,rosetteDiscount,rosetteDiscount,,Pendiente,
componentes/broker-review,broker-review,featuresTable.features.bonusesPromotions.label,Bonuses/promotions,Bonificaciones y promociones,,Pendiente,
componentes/broker-review,broker-review,featuresTable.features.costs.icon,mathSymbols,mathSymbols,,Pendiente,
componentes/broker-review,broker-review,featuresTable.features.costs.label,"Costs (spreads, fees, commissions)","Costes (spreads, tarifas, comisiones)",,Pendiente,
componentes/broker-review,broker-review,featuresTable.features.currencies.icon,currencyDollar,currencyDollar,,Pendiente,
componentes/broker-review,broker-review,featuresTable.features.currencies.label,Currencies accepted for Deposits/Withdrawals,Monedas aceptadas para depósitos/retiros,,Pendiente,
componentes/broker-review,broker-review,featuresTable.features.leverage.icon,scale,scale,,Pendiente,
componentes/broker-review,broker-review,featuresTable.features.leverage.label,Leverage,Apalancamiento,,Pendiente,
componentes/broker-review,broker-review,featuresTable.features.minimumDeposit.icon,database,database,,Pendiente,
componentes/broker-review,broker-review,featuresTable.features.minimumDeposit.label,Minimum deposit,Depósito mínimo,,Pendiente,
componentes/broker-review,broker-review,featuresTable.features.regulatedRegions.icon,gavel,gavel,,Pendiente,
componentes/broker-review,broker-review,featuresTable.features.regulatedRegions.label,Regulated regions,Regiones reguladas,,Pendiente,
componentes/broker-review,broker-review,featuresTable.features.tradingPlatforms.icon,borderAll,borderAll,,Pendiente,
componentes/broker-review,broker-review,featuresTable.features.tradingPlatforms.label,Trading platforms allowed,Plataformas de trading,,Pendiente,
componentes/broker-review,broker-review,finalThoughts.followLabel,Follow,Seguir,,Pendiente,
componentes/broker-review,broker-review,finalThoughts.title,Final Thoughts,Reflexiones finales,,Pendiente,
componentes/broker-review,broker-review,geolocation.dismissLabel,Dismiss,Descartar,,Pendiente,
componentes/broker-review,broker-review,geolocation.message,This service is not available in your country.,Este servicio no está disponible en tu país.,,Pendiente,
componentes/broker-review,broker-review,geolocation.title,Attention,Atención,,Pendiente,
componentes/broker-review,broker-review,header.analystLabel,FXStreet,FXStreet,,Pendiente,
componentes/broker-review,broker-review,header.breadcrumb,BROKER REVIEWS,Reseñas de Brókers,,Pendiente,
componentes/broker-review,broker-review,header.logoAlt,{brokerName} Logo,Logo {brokerName},,Pendiente,
componentes/broker-review,broker-review,header.title,{brokerName} Broker Review {year}:,Reseña del bróker {brokerName} {year}:,,Pendiente,
componentes/broker-review,broker-review,header.titleSuffix,All you need to know,Todo lo que necesitas saber,,Pendiente,
componentes/broker-review,broker-review,header.updated,Updated,Modificado,,Pendiente,
componentes/broker-review,broker-review,header.verifiedConditions,Verified under real conditions,Verificado en condiciones reales,,Pendiente,
componentes/broker-review,broker-review,header.verifiedConditionsTooltip,The FXStreet team provides an independent and thorough analysis based on direct testing and real experiences with {brokerName}. Our editorial content is driven by rigorous research and data-driven insights.,El equipo de FXStreet ofrece un análisis independiente y exhaustivo basado en pruebas directas y experiencias reales con {brokerName}. Nuestro contenido editorial se basa en investigaciones rigurosas y análisis basados ​​en datos.,,Pendiente,
componentes/broker-review,broker-review,navigation.sections.accountConditions,Account Conditions,Condiciones de la cuenta,,Pendiente,
componentes/broker-review,broker-review,navigation.sections.customerService,Customer Service,Atención al cliente,,Pendiente,
componentes/broker-review,broker-review,navigation.sections.toolsResources,Tools and Resources,Herramientas y recursos,,Pendiente,
componentes/broker-review,broker-review,navigation.sections.tradingExperience,Trading Settings,Configuración de trading,,Pendiente,
componentes/broker-review,broker-review,navigation.sections.trust,Trust,Confianza,,Pendiente,
componentes/broker-review,broker-review,navigation.sections.userExperience,User Experience,Experiencia de usuario,,Pendiente,
componentes/broker-review,broker-review,openAccount,Open account,Abrir cuenta,,Pendiente,
componentes/broker-review,broker-review,overview.noteLabel,Note:,Nota:,,Pendiente,
componentes/broker-review,broker-review,relatedBrokers.title,More brokers in your location,Más brókers en tu zona,,Pendiente,
componentes/broker-review,broker-review,schema.publisherDescription,"At FXStreet, we aim to provide our readers an honest and impartial look at certain brokers that you might be interested in trying. We analyze every aspect a trader might consider when going through the process of selecting a broker to open an account and start trading. Every trader is different and not everyone looks at the same features when picking a broker, so our reviews evaluate closely different categories of a particular broker – account conditions, trading settings, tools available, trust, customer service and overall user experience. Our broker reviews aim to save you the tedious and risky process of setting up an account with an unknown brokerage, with your own time and funds, before finding out if it is the right fit for you. All Broker reviews are researched and written by FXStreet and follow our editorial values – which include, among others, being accurate, objective, trader-centered and transparent. Brokers pay to be reviewed by FXStreet, but our researchers and writers act with full autonomy when doing these reviews, and their work is unaffected by any pressures from brokers or commercial interests. As an independent financial media company since our foundation, FXStreet takes the view of the traders in every editorial decision we make.Read more about how do we score brokers.","En FXStreet, nuestro objetivo es ofrecer a nuestros lectores una visión honesta e imparcial de ciertos brókeres que podrían interesarles. Analizamos todos los aspectos que un trader podría considerar al seleccionar un bróker para abrir una cuenta y comenzar a operar. Cada trader es diferente y no todos buscan las mismas características al elegir un bróker, por lo que nuestras reseñas evalúan en detalle diferentes categorías de cada bróker: condiciones de la cuenta, configuración de trading, herramientas disponibles, confianza, servicio al cliente y experiencia general del usuario. Nuestras reseñas de brókeres buscan ahorrarle el tedioso y arriesgado proceso de abrir una cuenta con un bróker desconocido, con su propio tiempo y fondos, antes de determinar si es el adecuado para usted. Todas las reseñas de brókeres son investigadas y redactadas por FXStreet y siguen nuestros valores editoriales, que incluyen, entre otros, ser precisos, objetivos, estar centrados en el trader y ser transparentes. Los brókeres pagan para ser evaluados por FXStreet, pero nuestros investigadores y escritores actúan con total autonomía al realizar estas reseñas, y su trabajo no se ve afectado por presiones de brókeres o intereses comerciales. Como empresa de medios financieros independiente desde nuestra fundación, FXStreet tiene en cuenta el punto de vista de los traders en cada decisión editorial que tomamos. Lea más sobre cómo calificamos a los brokers.",,Pendiente,
componentes/broker-review,broker-review,scoringGrid.howWeScore,How do we score brokers,¿Cómo calificamos a los brokers?,,Pendiente,
componentes/broker-review,broker-review,scoringGrid.howWeScoreUrl,/info/how-we-score-reviews,/info/how-we-score-reviews,,Pendiente,
componentes/broker-review,broker-review,scoringGrid.sections.accountConditions.label,Account Conditions,Condiciones de la cuenta,,Pendiente,
componentes/broker-review,broker-review,scoringGrid.sections.customerService.label,Customer Service,Atención al cliente,,Pendiente,
componentes/broker-review,broker-review,scoringGrid.sections.toolsResources.label,Tools and Resources,Herramientas y recursos,,Pendiente,
componentes/broker-review,broker-review,scoringGrid.sections.tradingExperience.label,Trading Settings,Configuración de trading,,Pendiente,
componentes/broker-review,broker-review,scoringGrid.sections.trust.label,Trust,Confianza,,Pendiente,
componentes/broker-review,broker-review,scoringGrid.sections.userExperience.label,User Experience,Experiencia de usuario,,Pendiente,
componentes/broker-review,broker-review,toolsResources.defaultSubtitle,Excellent platforms plus great extras,Excelentes plataformas y fantásticos extras,,Pendiente,
componentes/broker-review,broker-review,toolsResources.id,toolsResources,toolsResources,,Pendiente,
componentes/broker-review,broker-review,toolsResources.readLess,Read less,Leer menos,,Pendiente,
componentes/broker-review,broker-review,toolsResources.readMore,Read more,Leer más,,Pendiente,
componentes/broker-review,broker-review,toolsResources.score,Score:,Puntuación:,,Pendiente,
componentes/broker-review,broker-review,toolsResources.subSections.additionalTradingTools,Additional trading tools,Complementos adicionales,,Pendiente,
componentes/broker-review,broker-review,toolsResources.subSections.education,Education,Educación,,Pendiente,
componentes/broker-review,broker-review,toolsResources.subSections.otherTools,Other tools,Otras herramientas,,Pendiente,
componentes/broker-review,broker-review,toolsResources.subSections.tradingPlatforms,Trading platforms,Plataformas de trading,,Pendiente,
componentes/broker-review,broker-review,toolsResources.tip,TIP:,Consejo:,,Pendiente,
componentes/broker-review,broker-review,toolsResources.title,Tools and Resources,Herramientas y recursos,,Pendiente,
componentes/broker-review,broker-review,tradingSettings.defaultSubtitle,Strong execution quality and high leverage options,Alta calidad de ejecución y opciones de alto apalancamiento,,Pendiente,
componentes/broker-review,broker-review,tradingSettings.id,tradingExperience,tradingExperience,,Pendiente,
componentes/broker-review,broker-review,tradingSettings.readLess,Read less,Leer menos,,Pendiente,
componentes/broker-review,broker-review,tradingSettings.readMore,Read more,Leer más,,Pendiente,
componentes/broker-review,broker-review,tradingSettings.score,Score:,Puntuación:,,Pendiente,
componentes/broker-review,broker-review,tradingSettings.subSections.assetsAndInstruments,Assets and instruments,Activos e instrumentos,,Pendiente,
componentes/broker-review,broker-review,tradingSettings.subSections.executionQuality,Execution quality,Calidad de ejecución,,Pendiente,
componentes/broker-review,broker-review,tradingSettings.subSections.leverage,Leverage,Apalancamiento,,Pendiente,
componentes/broker-review,broker-review,tradingSettings.subSections.lotSizes,Lot sizes,Tamaños de lote,,Pendiente,
componentes/broker-review,broker-review,tradingSettings.tip,TIP:,Consejo:,,Pendiente,
componentes/broker-review,broker-review,tradingSettings.title,Trading Settings,Configuración de trading,,Pendiente,
componentes/broker-review,broker-review,trust.defaultSubtitle,Different levels of oversight and protection,Diferentes niveles de supervisión y protección,,Pendiente,
componentes/broker-review,broker-review,trust.id,trust,trust,,Pendiente,
componentes/broker-review,broker-review,trust.readLess,Read less,Leer menos,,Pendiente,
componentes/broker-review,broker-review,trust.readMore,Read more,Leer más,,Pendiente,
componentes/broker-review,broker-review,trust.score,Score:,Puntuación:,,Pendiente,
componentes/broker-review,broker-review,trust.subSections.otherProtection,Other protection,Otra protección,,Pendiente,
componentes/broker-review,broker-review,trust.subSections.regulationTiers,Regulation tiers and alerts,Niveles de regulación y alertas,,Pendiente,
componentes/broker-review,broker-review,trust.subSections.reputation,Reputation,Reputación,,Pendiente,
componentes/broker-review,broker-review,trust.tip,TIP:,Consejo:,,Pendiente,
componentes/broker-review,broker-review,trust.title,Trust,Confianza,,Pendiente,
componentes/broker-review,broker-review,userExperience.defaultSubtitle,Friendly platforms and a quick setup,Plataformas amigables y una configuración rápida.,,Pendiente,
componentes/broker-review,broker-review,userExperience.id,userExperience,userExperience,,Pendiente,
componentes/broker-review,broker-review,userExperience.readLess,Read less,Leer menos,,Pendiente,
componentes/broker-review,broker-review,userExperience.readMore,Read more,Leer más,,Pendiente,
componentes/broker-review,broker-review,userExperience.score,Score:,Puntuación:,,Pendiente,
componentes/broker-review,broker-review,userExperience.subSections.accountOpeningProcess,Account opening process,Proceso de apertura de la cuenta,,Pendiente,
componentes/broker-review,broker-review,userExperience.subSections.mobileAppFriendliness,Mobile App friendliness,Facilidad de uso de la aplicación móvil,,Pendiente,
componentes/broker-review,broker-review,userExperience.subSections.webDesignAndNavigation,Web design and navigation,Diseño web y navegación,,Pendiente,
componentes/broker-review,broker-review,userExperience.tip,TIP:,Consejo:,,Pendiente,
componentes/broker-review,broker-review,userExperience.title,User Experience,Experiencia de usuario,,Pendiente,
componentes/broker-review,broker-review,visitBroker,Visit broker,Visitar bróker,,Pendiente,
componentes/broker-review-sub-home,broker-review-sub-home,allResults,All results:,Todos los resultados:,,Pendiente,
componentes/broker-review-sub-home,broker-review-sub-home,backToHome,Back to Homepage,Volver al inicio,,Pendiente,
componentes/broker-review-sub-home,broker-review-sub-home,brokersMatchYourCriteria,{count} brokers match your criteria,{count} Brokers que coinciden con tus criterios,,Pendiente,
componentes/broker-review-sub-home,broker-review-sub-home,coverText[0],"FXStreet's Forex Broker Reviews service offers in-depth analyses of specific brokers, enabling traders to make informed decisions with trusted insights.","El servicio de Reseñas de Brókers de Forex de FXStreet ofrece análisis en profundidad de brókers específicos, permitiendo a los traders tomar decisiones informadas con información confiable.",,Pendiente,
componentes/broker-review-sub-home,broker-review-sub-home,coverText[1],"These reviews are based on a comprehensive, honest, and impartial evaluation of different categories of a particular broker. All reviews are researched and written by FXStreet and follow our editorial values – which include, among others, being accurate, objective, accountable, trader-centered and transparent.","Estas reseñas se basan en una evaluación completa, honesta e imparcial de diferentes categorías de un bróker en particular. Todas las reseñas son investigadas y escritas por FXStreet y siguen nuestros valores editoriales, que incluyen, entre otros, ser precisos, objetivos, responsables, centrados en el trader y transparentes.",,Pendiente,
componentes/broker-review-sub-home,broker-review-sub-home,coverText[2],"While brokers pay to be reviewed by FXStreet, our researchers and writers conduct these reviews with complete autonomy, and their work remains unaffected by any pressures from brokers or commercial interests.","Aunque los brókers pagan para ser evaluados por FXStreet, nuestros investigadores y redactores realizan estas reseñas con total autonomía, y su trabajo no se ve afectado por presiones de los brókers o intereses comerciales.",,Pendiente,
componentes/broker-review-sub-home,broker-review-sub-home,disclaimer,"We're committed to the highest standards of editorial integrity. Still, it's crucial to recognize that some products we mention come from our partners. <a href=""/info/advertising-model"" class=""underline hover:text-main-primary"">Here's an insight into how we make money.</a> While we strive to be comprehensive, the compensation we receive can influence the products, companies, or services we showcase and review. Not all available options may be featured on this page.","Estamos comprometidos con los más altos estándares de integridad editorial. Sin embargo, es crucial reconocer que algunos productos que mencionamos provienen de nuestros socios. <a href=""/info/advertising-model"" class=""underline hover:text-main-primary"">Aquí te explicamos cómo generamos ingresos.</a> Aunque nos esforzamos por ser exhaustivos, la compensación que recibimos puede influir en los productos, empresas o servicios que mostramos y reseñamos. No todas las opciones disponibles pueden aparecer en esta página.",,Pendiente,
componentes/broker-review-sub-home,broker-review-sub-home,faqs[0].answerParagraphs[0],"When choosing a Forex broker, the following key factors should be evaluated:","Al elegir un bróker de Forex, se deben evaluar los siguientes factores clave:",,Pendiente,
componentes/broker-review-sub-home,broker-review-sub-home,faqs[0].answerParagraphs[1],"<strong>Trading platform and execution:</strong> Assess the reliability, speed, and functionality of the trading platform. Look for features such as customizable interfaces, advanced charting tools, order execution speed, and mobile trading app availability. Analyse historical data on platform performance, including uptime, latency, and order execution times.","<strong>Plataforma de trading y ejecución:</strong> Evalúe la fiabilidad, velocidad y funcionalidad de la plataforma de trading. Busque características como interfaces personalizables, herramientas avanzadas de gráficos, velocidad de ejecución de órdenes y disponibilidad de aplicaciones móviles de trading. Analice datos históricos sobre el rendimiento de la plataforma, incluyendo tiempo de actividad, latencia y tiempos de ejecución de órdenes.",,Pendiente,
componentes/broker-review-sub-home,broker-review-sub-home,faqs[0].answerParagraphs[2],"<strong>Asset offering and market coverage:</strong> Examine the range of tradable assets and market coverage offered by each broker. Evaluate data sets on available currency pairs, commodities, indices, and cryptocurrencies. Consider factors like liquidity, spreads, and overnight financing rates across different asset classes.","<strong>Oferta de activos y cobertura de mercado:</strong> Examine la gama de activos negociables y la cobertura de mercado que ofrece cada bróker. Evalúe conjuntos de datos sobre pares de divisas disponibles, materias primas, índices y criptomonedas. Considere factores como liquidez, spreads y tasas de financiación nocturna.",,Pendiente,
componentes/broker-review-sub-home,broker-review-sub-home,faqs[0].answerParagraphs[3],"<strong>Regulatory compliance and security:</strong> Review data sets related to regulatory compliance and security measures implemented by brokers. Check for licenses from reputable financial authorities and the adherence to strict regulatory standards. Assess the broker's track record regarding security breaches, data protection measures, and client fund segregation.","<strong>Cumplimiento regulatorio y seguridad:</strong> Revisa conjuntos de datos relacionados con el cumplimiento regulatorio y las medidas de seguridad implementadas por los brókers. Verifica licencias de autoridades financieras reputadas y la adhesión a estándares regulatorios estrictos. Evalúa el historial del bróker en brechas de seguridad, medidas de protección de datos y segregación de fondos de clientes.",,Pendiente,
componentes/broker-review-sub-home,broker-review-sub-home,faqs[0].answerParagraphs[4],"<strong>Trading costs and fee structures:</strong> Analyse fee structures, spreads, commissions, and hidden charges associated with trading. Compare data sets on bid-ask spreads, overnight financing rates, deposit-withdrawal fees, and inactivity fees across different brokers. Consider the overall cost of trading, including transaction costs and funding expenses.","<strong>Costos de trading y estructura de tarifas:</strong> Analiza las estructuras de tarifas, spreads, comisiones y cargos ocultos asociados con el trading. Compara conjuntos de datos sobre spreads de compra-venta, tasas de financiación nocturna, comisiones de depósito-retiro y cargos de inactividad entre diferentes brokers. Considera el costo total del trading, incluyendo los costos de transacción y los gastos de financiación.",,Pendiente,
componentes/broker-review-sub-home,broker-review-sub-home,faqs[0].answerParagraphs[5],"By analyzing these factors and comparing the offerings of different brokers, you can make an informed decision and find a Forex broker that aligns with your trading objectives, preferences, and risk tolerance.","Al analizar estos factores y comparar las ofertas de diferentes brókers, puede tomar una decisión informada y encontrar un bróker de Forex que se alinee con sus objetivos de trading, preferencias y tolerancia al riesgo.",,Pendiente,
componentes/broker-review-sub-home,broker-review-sub-home,faqs[0].question,How to choose a Forex Broker?,¿Cómo elegir un Bróker de Forex?,,Pendiente,
componentes/broker-review-sub-home,broker-review-sub-home,faqs[1].answerParagraphs[0],"To determine the best Forex broker, it is essential to compare data across various brokers and tailor your selection to your personal needs.","Para determinar el mejor bróker de Forex, es esencial comparar datos entre varios brókers y adaptar su selección a sus necesidades personales.",,Pendiente,
componentes/broker-review-sub-home,broker-review-sub-home,faqs[1].answerParagraphs[1],"Generally, top-tier brokers will have a very wide range of tradable assets, good liquidity providers, STP (straight-through processing), and low spreads, fees, and commissions.","Generalmente, los brókers de primer nivel tendrán una gama muy amplia de activos negociables, buenos proveedores de liquidez, STP (procesamiento directo) y bajos spreads, tarifas y comisiones.",,Pendiente,
componentes/broker-review-sub-home,broker-review-sub-home,faqs[1].answerParagraphs[2],"These will also have full regulatory compliance with reputable authorities, strong security measures, data protection, and fund segregation. Deposits and withdrawals will be fast, and the interface easily navigated.","Estos también tendrán total cumplimiento regulatorio con autoridades de renombre, fuertes medidas de seguridad, protección de datos y segregación de fondos. Los depósitos y retiros serán rápidos, y la interfaz fácil de navegar.",,Pendiente,
componentes/broker-review-sub-home,broker-review-sub-home,faqs[1].answerParagraphs[3],"By thoroughly comparing the data sets covered, one can identify the Forex broker that best meets trading objectives and personal needs.","Al comparar exhaustivamente los conjuntos de datos cubiertos, se puede identificar el bróker de Forex que mejor satisface los objetivos de trading y las necesidades personales.",,Pendiente,
componentes/broker-review-sub-home,broker-review-sub-home,faqs[1].question,How to know which Forex broker is the best?,¿Cómo saber cuál es el mejor Bróker de Forex?,,Pendiente,
componentes/broker-review-sub-home,broker-review-sub-home,faqs[2].answerParagraphs[0],"Forex trading, also known as foreign exchange trading, is the act of buying and selling currencies on the foreign exchange market with the aim of making a profit. It is one of the largest and most liquid financial markets globally.","El trading de Forex, también conocido como trading de divisas, es el acto de comprar y vender monedas en el mercado de divisas con el objetivo de obtener beneficios. Es uno de los mercados financieros más grandes y líquidos a nivel mundial.",,Pendiente,
componentes/broker-review-sub-home,broker-review-sub-home,faqs[2].answerParagraphs[1],"At its core, Forex trading involves speculating on the relative value of different currencies. Traders aim to profit from fluctuations in exchange rates between currency pairs, such as EUR/USD or GBP/JPY. The Forex market operates 24 hours a day, five days a week, allowing traders to engage in trading activities at any time.","En esencia, el trading de Forex implica especular sobre el valor relativo de diferentes monedas. Los traders buscan beneficiarse de las fluctuaciones en los tipos de cambio entre pares de divisas, como EUR/USD o GBP/JPY. El mercado de Forex opera 24 horas al día, cinco días a la semana, permitiendo a los traders participar en actividades de trading en cualquier momento.",,Pendiente,
componentes/broker-review-sub-home,broker-review-sub-home,faqs[2].answerParagraphs[2],"Forex trading is also sometimes used loosely to refer to CFD (Contract for Difference) trading. CFDs are instruments that allow traders to speculate on the price movements of various assets—such as shares, indices, commodities, cryptocurrencies, and fiat currencies—without owning the underlying asset.","El trading de Forex también es un término general para el trading de CFD. CFD es la abreviatura de contrato por diferencia y es el método de especular sobre el precio subyacente de un activo, como acciones, índices, materias primas, criptomonedas y monedas fiduciarias.",,Pendiente,
componentes/broker-review-sub-home,broker-review-sub-home,faqs[2].answerParagraphs[3],"Forex trading has several advantages, such as high liquidity, low transaction costs, and access to leverage. Leverage enables traders to control larger positions with a smaller amount of capital. However, leverage also increases the risk of losses, so traders should always assess their risk tolerance and develop appropriate trading strategies before entering the market.","El trading de Forex ofrece ventajas, incluyendo alta liquidez, bajos costos de transacción y la capacidad de operar con apalancamiento, lo que permite a los traders controlar posiciones más grandes con una pequeña cantidad de capital. Sin embargo, también conlleva riesgos, por lo que los traders deben considerar cuidadosamente su tolerancia al riesgo y estrategias de trading antes de entrar al mercado.",,Pendiente,
componentes/broker-review-sub-home,broker-review-sub-home,faqs[2].answerParagraphs[4],"Whether Forex trading is profitable for an individual trader depends on their ability to analyze the market, implement a sound trading strategy, and manage risks effectively.","Si el trading de Forex es rentable para un trader individual depende de su capacidad para analizar el mercado, implementar una estrategia de trading sólida y gestionar los riesgos de manera efectiva.",,Pendiente,
componentes/broker-review-sub-home,broker-review-sub-home,faqs[2].answerParagraphs[5],"Success in Forex trading requires continuous learning, adaptability, and discipline. While it can be profitable, it is not without risks, and traders should be prepared to face both profits and losses in their trading journey.","El éxito en el trading de Forex requiere un aprendizaje continuo, adaptabilidad y disciplina. Aunque puede ser rentable, no está libre de riesgos, y los traders deben estar preparados para enfrentar tanto ganancias como pérdidas en su viaje de trading.",,Pendiente,
componentes/broker-review-sub-home,broker-review-sub-home,faqs[2].question,What is Forex trading?,¿Qué es el trading de Forex?,,Pendiente,
componentes/broker-review-sub-home,broker-review-sub-home,faqs[3].answerParagraphs[0],"Like any investment activity, success in Forex trading depends greatly on the trader’s skills, knowledge, and experience. Understanding market dynamics, performing technical and fundamental analysis, and applying effective risk management are all critical components.","Como cualquier actividad de inversión, el éxito en el trading de Forex depende en gran medida de las habilidades, conocimientos y experiencia del trader. Entender la dinámica del mercado, el análisis técnico y fundamental, y la gestión eficaz de riesgos son aspectos críticos.",,Pendiente,
componentes/broker-review-sub-home,broker-review-sub-home,faqs[3].answerParagraphs[1],"The profitability of Forex trading is influenced by factors such as current market conditions, trading strategy, risk management, and the individual psychology of the trader. Some participants may realize significant profits, while others may incur losses. It is essential to approach Forex trading with realistic expectations and a well-defined trading plan.","La rentabilidad del trading de Forex depende de factores clave, como las condiciones del mercado, la estrategia de trading, la gestión de riesgos y la psicología individual del trader. Mientras que algunos traders pueden experimentar beneficios significativos, otros pueden incurrir en pérdidas. El trading de Forex debe abordarse con expectativas realistas y un plan de trading bien definido.",,Pendiente,
componentes/broker-review-sub-home,broker-review-sub-home,faqs[3].answerParagraphs[2],"High liquidity is one major advantage of Forex trading, allowing traders to enter and exit positions with relative ease. However, while leverage can magnify profits, it also increases the risk of greater losses.","Una de las ventajas del trading de Forex es su alta liquidez, que permite a los traders entrar y salir de posiciones con facilidad. Además, la capacidad de operar con apalancamiento puede amplificar las ganancias, pero también aumenta el potencial de pérdidas.",,Pendiente,
componentes/broker-review-sub-home,broker-review-sub-home,faqs[3].question,Is Forex profitable?,¿Es rentable el Forex?,,Pendiente,
componentes/broker-review-sub-home,broker-review-sub-home,faqsTitle,FAQ's,Preguntas Frecuentes,,Pendiente,
componentes/broker-review-sub-home,broker-review-sub-home,marketOptions.bonds,Bonds,Bonos,,Pendiente,
componentes/broker-review-sub-home,broker-review-sub-home,marketOptions.crypto,Crypto,Criptomonedas,,Pendiente,
componentes/broker-review-sub-home,broker-review-sub-home,marketOptions.etfs,ETFs,ETFs,,Pendiente,
componentes/broker-review-sub-home,broker-review-sub-home,marketOptions.forex,Forex,Forex,,Pendiente,
componentes/broker-review-sub-home,broker-review-sub-home,marketOptions.gold,Gold,Oro,,Pendiente,
componentes/broker-review-sub-home,broker-review-sub-home,marketOptions.indices,Indices,Índices,,Pendiente,
componentes/broker-review-sub-home,broker-review-sub-home,marketOptions.oilEnergies,Oil (& Energies),Petróleo (y Energías),,Pendiente,
componentes/broker-review-sub-home,broker-review-sub-home,marketOptions.otherCommodities,Other Commodities,Otras Materias Primas,,Pendiente,
componentes/broker-review-sub-home,broker-review-sub-home,marketOptions.stocks,Stocks,Acciones,,Pendiente,
componentes/broker-review-sub-home,broker-review-sub-home,markets,Markets,Mercados,,Pendiente,
componentes/broker-review-sub-home,broker-review-sub-home,noResultsDescription,"It looks like we don’t have any brokers available for your country right now, but we hope to bring them to you in the future.","Parece que no tenemos brókers disponibles para tu país en este momento, pero esperamos poder ofrecértelos en el futuro.",,Pendiente,
componentes/broker-review-sub-home,broker-review-sub-home,noResultsTitle,Ops! No brokers available here yet,¡Ups! Aún no hay brókers disponibles aquí,,Pendiente,
componentes/broker-review-sub-home,broker-review-sub-home,readReview,Read review,Leer reseña,,Pendiente,
componentes/broker-review-sub-home,broker-review-sub-home,searchPlaceholder,Search by name,Buscar por nombre,,Pendiente,
componentes/broker-review-sub-home,broker-review-sub-home,seo.description,Choose the best forex broker that fits your needs thanks to our in-depth forex broker reviews that provide valuable insights from FXStreet's experts,Elige el mejor bróker forex que se adapte a tus necesidades gracias a nuestras reseñas detalladas de brokers que ofrecen valiosos conocimientos de los expertos de FXStreet,,Pendiente,
componentes/broker-review-sub-home,broker-review-sub-home,seo.title,Forex Broker Reviews {year},Reseñas de Brokers Forex {year},,Pendiente,
componentes/broker-review-sub-home,broker-review-sub-home,subTitle,"More than <strong>10,000 traders</strong> matched with their ideal broker via FXStreet.",Más de <strong>10.000 traders</strong> emparejados con su bróker ideal a través de FXStreet..,,Pendiente,
componentes/broker-review-sub-home,broker-review-sub-home,title,Broker Reviews,Reseñas de Brokers,,Pendiente,
componentes/broker-review-sub-home,broker-review-sub-home,visitBroker,Visit broker,Visitar bróker,,Pendiente,
componentes/brokers,brokers,editorial.sections[0].blocks[0].text,"<strong>Forex brokers are central in facilitating access to the global foreign exchange market</strong>, the world's largest and most liquid financial market. With over $7.5 trillion traded daily, the foreign exchange (Forex, or FX) market operates 24 hours a day, five days a week. It enables a wide range of participants, from central banks and investment funds to individual retail traders, <strong>to trade currency pairs and speculate on exchange rate movements.</strong>","<strong>Los brókers de Forex son clave para facilitar el acceso al mercado global de divisas</strong>, el mercado financiero más grande y líquido del mundo. Con más de 7,5 billones de dólares negociados a diario, el mercado de divisas (Forex o FX) opera las 24 horas, cinco días a la semana. Permite a un amplio abanico de participantes, desde bancos centrales y fondos de inversión hasta traders minoristas, <strong>operar pares de divisas y especular sobre los movimientos de los tipos de cambio.</strong>",,Pendiente,
componentes/brokers,brokers,editorial.sections[0].blocks[0].type,paragraph,paragraph,,Pendiente,
componentes/brokers,brokers,editorial.sections[0].blocks[1].intro,At the heart of this vast ecosystem are forex brokers. These firms provide traders access to:,En el centro de este ecosistema están los brókers de Forex. Estas empresas ofrecen a los traders acceso a:,,Pendiente,
componentes/brokers,brokers,editorial.sections[0].blocks[1].items[0],<strong>Platforms</strong>,<strong>Plataformas</strong>,,Pendiente,
componentes/brokers,brokers,editorial.sections[0].blocks[1].items[1],<strong>Real-time data</strong>,<strong>Datos en tiempo real</strong>,,Pendiente,
componentes/brokers,brokers,editorial.sections[0].blocks[1].items[2],<strong>Pricing</strong>,<strong>Precios</strong>,,Pendiente,
componentes/brokers,brokers,editorial.sections[0].blocks[1].items[3],<strong>Execution</strong>,<strong>Ejecución</strong>,,Pendiente,
componentes/brokers,brokers,editorial.sections[0].blocks[1].items[4],<strong>Leverage needed to amplify market positions</strong>,<strong>Apalancamiento necesario para amplificar las posiciones en el mercado</strong>,,Pendiente,
componentes/brokers,brokers,editorial.sections[0].blocks[1].type,list,list,,Pendiente,
componentes/brokers,brokers,editorial.sections[0].blocks[2].intro,Many brokers also offer tools such as:,Muchos brókers también ofrecen herramientas como:,,Pendiente,
componentes/brokers,brokers,editorial.sections[0].blocks[2].items[0],<strong>Advanced charting software</strong>,<strong>Software avanzado de gráficos</strong>,,Pendiente,
componentes/brokers,brokers,editorial.sections[0].blocks[2].items[1],<strong>News feeds</strong>,<strong>Feeds de noticias</strong>,,Pendiente,
componentes/brokers,brokers,editorial.sections[0].blocks[2].items[2],<strong>Educational content to help traders refine their strategies and make informed decisions</strong>,<strong>Contenido educativo para ayudar a los traders a perfeccionar sus estrategias y tomar decisiones informadas</strong>,,Pendiente,
componentes/brokers,brokers,editorial.sections[0].blocks[2].type,list,list,,Pendiente,
componentes/brokers,brokers,editorial.sections[0].title,How to pick the right one using FXStreet's Broker Listing,Cómo elegir el adecuado con el listado de brókers de FXStreet,,Pendiente,
componentes/brokers,brokers,editorial.sections[1].blocks[0].text,"Whether a trader scalps the EUR/USD in milliseconds or holds a long-term position in GBP/JPY, <strong>a good broker can mean the difference between a smooth trading experience and costly mishaps.</strong>","Ya sea que un trader haga scalping del EUR/USD en milisegundos o mantenga una posición a largo plazo en GBP/JPY, <strong>un buen bróker puede marcar la diferencia entre una experiencia de trading fluida y costosos contratiempos.</strong>",,Pendiente,
componentes/brokers,brokers,editorial.sections[1].blocks[0].type,tip,tip,,Pendiente,
componentes/brokers,brokers,editorial.sections[2].blocks[0].text,"But with hundreds of brokers on the market, some regulated, others not, <strong>the quality and reliability of services vary greatly.</strong>","Pero con cientos de brókers en el mercado, algunos regulados y otros no, <strong>la calidad y fiabilidad de los servicios varía enormemente.</strong>",,Pendiente,
componentes/brokers,brokers,editorial.sections[2].blocks[0].type,paragraph,paragraph,,Pendiente,
componentes/brokers,brokers,editorial.sections[2].blocks[1].text,"That's where an editorially reviewed broker listing becomes invaluable. At FXStreet, we aim to help traders navigate this landscape confidently by <strong>highlighting only rigorously vetted, well-regulated brokers.</strong>","Ahí es donde un listado de brókers revisado editorialmente resulta invaluable. En FXStreet, nuestro objetivo es ayudar a los traders a navegar este panorama con confianza <strong>destacando únicamente brókers rigurosamente evaluados y bien regulados.</strong>",,Pendiente,
componentes/brokers,brokers,editorial.sections[2].blocks[1].type,paragraph,paragraph,,Pendiente,
componentes/brokers,brokers,editorial.sections[2].blocks[2].text,This ensures traders get access to competitive tools and pricing and the peace of mind that comes from working with trustworthy brokers.,"Así los traders acceden a herramientas y precios competitivos, y a la tranquilidad de trabajar con brókers de confianza.",,Pendiente,
componentes/brokers,brokers,editorial.sections[2].blocks[2].type,paragraph,paragraph,,Pendiente,
componentes/brokers,brokers,editorial.sections[3].blocks[0].text,Choosing the right forex broker requires careful consideration of several factors to ensure a safe and efficient trading experience. <strong>Regulation is paramount;</strong> traders should prioritize brokers regulated by reputable authorities in Tier-1 or Tier-2 jurisdictions. These regulators enforce strict standards to protect traders' interests.,Elegir el bróker de forex adecuado requiere considerar varios factores para garantizar una experiencia de trading segura y eficiente. <strong>La regulación es fundamental;</strong> los traders deben priorizar brókers regulados por autoridades reputadas en jurisdicciones Tier-1 o Tier-2. Estos reguladores aplican estándares estrictos para proteger los intereses de los traders.,,Pendiente,
componentes/brokers,brokers,editorial.sections[3].blocks[0].type,paragraph,paragraph,,Pendiente,
componentes/brokers,brokers,editorial.sections[3].blocks[1].intro,Other essential criteria include:,Otros criterios esenciales incluyen:,,Pendiente,
componentes/brokers,brokers,editorial.sections[3].blocks[1].items[0],"<strong>Trading costs, such as spreads, commissions, and hidden fees </strong>","<strong>Costes de trading, como spreads, comisiones y comisiones ocultas</strong>",,Pendiente,
componentes/brokers,brokers,editorial.sections[3].blocks[1].items[1],"<strong>The reliability and features of the Trading Platform (e.g., MetaTrader 4 or 5), mobile trading, and order execution speed can also significantly impact your experience</strong>","<strong>La fiabilidad y las funciones de la plataforma de trading (p. ej., MetaTrader 4 o 5), el trading móvil y la velocidad de ejecución de órdenes también pueden impactar significativamente tu experiencia</strong>",,Pendiente,
componentes/brokers,brokers,editorial.sections[3].blocks[1].items[2],"<strong>Tradable assets offered and account features, such as minimum deposits and leverage options</strong>","<strong>Activos negociables ofrecidos y características de la cuenta, como depósitos mínimos y opciones de apalancamiento</strong>",,Pendiente,
componentes/brokers,brokers,editorial.sections[3].blocks[1].items[3],<strong>Educational resources and tools for market analysis</strong>,<strong>Recursos educativos y herramientas de análisis de mercado</strong>,,Pendiente,
componentes/brokers,brokers,editorial.sections[3].blocks[1].items[4],<strong>Broker reputation for customer support and reliability</strong>,<strong>Reputación del bróker en soporte al cliente y fiabilidad</strong>,,Pendiente,
componentes/brokers,brokers,editorial.sections[3].blocks[1].type,list,list,,Pendiente,
componentes/brokers,brokers,editorial.sections[3].title,How to choose a forex broker?,Cómo elegir un bróker de forex?,,Pendiente,
componentes/brokers,brokers,editorial.sections[4].blocks[0].text,"At FXStreet, we simplify this process by providing detailed broker reviews to help you make an informed choice. Visit our <a href=""/brokers/reviews"" class=""text-main-primary font-bold hover:underline"">Broker Reviews</a> page for comprehensive insights into top forex brokers.","En FXStreet simplificamos este proceso ofreciendo reseñas detalladas de brókers para ayudarte a tomar una decisión informada. Visita nuestra página de <a href=""/brokers/reviews"" class=""text-main-primary font-bold hover:underline"">Reseñas de Brókers</a> para obtener información completa sobre los principales brókers de forex.",,Pendiente,
componentes/brokers,brokers,editorial.sections[4].blocks[0].type,tip,tip,,Pendiente,
componentes/brokers,brokers,editorial.sections[5].blocks[0].text,FXStreet's broker listing is designed to encourage traders to have access to <strong>trustworthy and regulated brokers</strong>.,El listado de brókers de FXStreet está diseñado para que los traders tengan acceso a <strong>brókers fiables y regulados</strong>.,,Pendiente,
componentes/brokers,brokers,editorial.sections[5].blocks[0].type,paragraph,paragraph,,Pendiente,
componentes/brokers,brokers,editorial.sections[5].blocks[1].text,"We include brokers regulated in Tier-1 and Tier-2 jurisdictions with the strictest oversight standards globally, ensuring that traders are well-protected under robust regulatory frameworks.","Incluimos brókers regulados en jurisdicciones Tier-1 y Tier-2 con los estándares de supervisión más estrictos a nivel global, garantizando que los traders estén bien protegidos bajo marcos regulatorios sólidos.",,Pendiente,
componentes/brokers,brokers,editorial.sections[5].blocks[1].type,paragraph,paragraph,,Pendiente,
componentes/brokers,brokers,editorial.sections[5].title,How FXStreet lists forex brokers,Cómo FXStreet lista los brókers de forex,,Pendiente,
componentes/brokers,brokers,editorial.sections[6].blocks[0].items[0].countryCode,au,au,,Pendiente,
componentes/brokers,brokers,editorial.sections[6].blocks[0].items[0].label,ASIC - Australia,ASIC - Australia,,Pendiente,
componentes/brokers,brokers,editorial.sections[6].blocks[0].items[1].countryCode,ca,ca,,Pendiente,
componentes/brokers,brokers,editorial.sections[6].blocks[0].items[1].label,CIRO - Canada,CIRO - Canadá,,Pendiente,
componentes/brokers,brokers,editorial.sections[6].blocks[0].items[2].countryCode,us,us,,Pendiente,
componentes/brokers,brokers,editorial.sections[6].blocks[0].items[2].label,CFTC - United States,CFTC - Estados Unidos,,Pendiente,
componentes/brokers,brokers,editorial.sections[6].blocks[0].items[3].countryCode,uk,uk,,Pendiente,
componentes/brokers,brokers,editorial.sections[6].blocks[0].items[3].label,FCA - United Kingdom,FCA - Reino Unido,,Pendiente,
componentes/brokers,brokers,editorial.sections[6].blocks[0].items[4].countryCode,nz,nz,,Pendiente,
componentes/brokers,brokers,editorial.sections[6].blocks[0].items[4].label,FMA - New Zealand,FMA - Nueva Zelanda,,Pendiente,
componentes/brokers,brokers,editorial.sections[6].blocks[0].items[5].countryCode,jp,jp,,Pendiente,
componentes/brokers,brokers,editorial.sections[6].blocks[0].items[5].label,JFSA - Japan,JFSA - Japón,,Pendiente,
componentes/brokers,brokers,editorial.sections[6].blocks[0].items[6].countryCode,sg,sg,,Pendiente,
componentes/brokers,brokers,editorial.sections[6].blocks[0].items[6].label,MAS - Singapore,MAS - Singapur,,Pendiente,
componentes/brokers,brokers,editorial.sections[6].blocks[0].items[7].countryCode,eu,eu,,Pendiente,
componentes/brokers,brokers,editorial.sections[6].blocks[0].items[7].label,EU regulators via MiFID,Reguladores UE vía MiFID,,Pendiente,
componentes/brokers,brokers,editorial.sections[6].blocks[0].items[8].countryCode,hk,hk,,Pendiente,
componentes/brokers,brokers,editorial.sections[6].blocks[0].items[8].label,SFC - Hong Kong,SFC - Hong Kong,,Pendiente,
componentes/brokers,brokers,editorial.sections[6].blocks[0].items[9].countryCode,ch,ch,,Pendiente,
componentes/brokers,brokers,editorial.sections[6].blocks[0].items[9].label,FINMA - Switzerland,FINMA - Suiza,,Pendiente,
componentes/brokers,brokers,editorial.sections[6].blocks[0].title,Tier-1 Regulators,Reguladores Tier-1,,Pendiente,
componentes/brokers,brokers,editorial.sections[6].blocks[0].type,countries,countries,,Pendiente,
componentes/brokers,brokers,editorial.sections[6].blocks[1].items[0].countryCode,tr,tr,,Pendiente,
componentes/brokers,brokers,editorial.sections[6].blocks[1].items[0].label,Capital Markets Board - Turkey,Capital Markets Board - Turquía,,Pendiente,
componentes/brokers,brokers,editorial.sections[6].blocks[1].items[1].countryCode,ke,ke,,Pendiente,
componentes/brokers,brokers,editorial.sections[6].blocks[1].items[1].label,CMA - Kenya,CMA - Kenia,,Pendiente,
componentes/brokers,brokers,editorial.sections[6].blocks[1].items[10].countryCode,sa,sa,,Pendiente,
componentes/brokers,brokers,editorial.sections[6].blocks[1].items[10].label,SAMA - Saudi Arabia,SAMA - Arabia Saudí,,Pendiente,
componentes/brokers,brokers,editorial.sections[6].blocks[1].items[11].countryCode,ae,ae,,Pendiente,
componentes/brokers,brokers,editorial.sections[6].blocks[1].items[11].label,CMA - UAE,CMA - EAU,,Pendiente,
componentes/brokers,brokers,editorial.sections[6].blocks[1].items[12].countryCode,in,in,,Pendiente,
componentes/brokers,brokers,editorial.sections[6].blocks[1].items[12].label,SEBI - India,SEBI - India,,Pendiente,
componentes/brokers,brokers,editorial.sections[6].blocks[1].items[13].countryCode,br,br,,Pendiente,
componentes/brokers,brokers,editorial.sections[6].blocks[1].items[13].label,SEC - Brazil,SEC - Brasil,,Pendiente,
componentes/brokers,brokers,editorial.sections[6].blocks[1].items[14].countryCode,ph,ph,,Pendiente,
componentes/brokers,brokers,editorial.sections[6].blocks[1].items[14].label,SEC - Philippines,SEC - Filipinas,,Pendiente,
componentes/brokers,brokers,editorial.sections[6].blocks[1].items[15].countryCode,th,th,,Pendiente,
componentes/brokers,brokers,editorial.sections[6].blocks[1].items[15].label,SEC - Thailand,SEC - Tailandia,,Pendiente,
componentes/brokers,brokers,editorial.sections[6].blocks[1].items[2].countryCode,cn,cn,,Pendiente,
componentes/brokers,brokers,editorial.sections[6].blocks[1].items[2].label,CBRC - China,CBRC - China,,Pendiente,
componentes/brokers,brokers,editorial.sections[6].blocks[1].items[3].countryCode,mx,mx,,Pendiente,
componentes/brokers,brokers,editorial.sections[6].blocks[1].items[3].label,CNBV - Mexico,CNBV - México,,Pendiente,
componentes/brokers,brokers,editorial.sections[6].blocks[1].items[4].countryCode,ae,ae,,Pendiente,
componentes/brokers,brokers,editorial.sections[6].blocks[1].items[4].label,DFSA - UAE,DFSA - EAU,,Pendiente,
componentes/brokers,brokers,editorial.sections[6].blocks[1].items[5].countryCode,za,za,,Pendiente,
componentes/brokers,brokers,editorial.sections[6].blocks[1].items[5].label,FSCA - South Africa,FSCA - Sudáfrica,,Pendiente,
componentes/brokers,brokers,editorial.sections[6].blocks[1].items[6].countryCode,id,id,,Pendiente,
componentes/brokers,brokers,editorial.sections[6].blocks[1].items[6].label,FSA - Indonesia,FSA - Indonesia,,Pendiente,
componentes/brokers,brokers,editorial.sections[6].blocks[1].items[7].countryCode,ae,ae,,Pendiente,
componentes/brokers,brokers,editorial.sections[6].blocks[1].items[7].label,FSRA - UAE,FSRA - EAU,,Pendiente,
componentes/brokers,brokers,editorial.sections[6].blocks[1].items[8].countryCode,il,il,,Pendiente,
componentes/brokers,brokers,editorial.sections[6].blocks[1].items[8].label,ISA - Israel,ISA - Israel,,Pendiente,
componentes/brokers,brokers,editorial.sections[6].blocks[1].items[9].countryCode,jo,jo,,Pendiente,
componentes/brokers,brokers,editorial.sections[6].blocks[1].items[9].label,Jordan Securities Commission,Jordan Securities Commission,,Pendiente,
componentes/brokers,brokers,editorial.sections[6].blocks[1].title,Tier-2 Regulators,Reguladores Tier-2,,Pendiente,
componentes/brokers,brokers,editorial.sections[6].blocks[1].type,countries,countries,,Pendiente,
componentes/brokers,brokers,editorial.sections[7].blocks[0].text,"We only accept brokers regulated in Tier-1 and Tier-2 jurisdictions to ensure a high standard of trader protection. Inclusion in the listing also depends on commercial agreements. This means the list may not feature all brokers that meet our regulatory criteria, nor are all brokers listed.","Solo aceptamos brókers regulados en jurisdicciones Tier-1 y Tier-2 para garantizar un alto estándar de protección al trader. La inclusión en el listado también depende de acuerdos comerciales. Esto significa que la lista puede no incluir todos los brókers que cumplen nuestros criterios regulatorios, ni figuran todos los brókers.",,Pendiente,
componentes/brokers,brokers,editorial.sections[7].blocks[0].type,tip,tip,,Pendiente,
componentes/brokers,brokers,listing.broker,Broker,Bróker,,Pendiente,
componentes/brokers,brokers,listing.brokerAccount,Broker account,Cuenta del bróker,,Pendiente,
componentes/brokers,brokers,listing.minDeposit,M.Deposit,Dep. mín.,,Pendiente,
componentes/brokers,brokers,listing.minDepositTitle,Min. deposit,Depósito mín.,,Pendiente,
componentes/brokers,brokers,listing.openAccount,Open account,Abrir cuenta,,Pendiente,
componentes/brokers,brokers,listing.paymentMethods,Payment methods,Métodos de pago,,Pendiente,
componentes/brokers,brokers,listing.readReview,Read review,Leer reseña,,Pendiente,
componentes/brokers,brokers,listing.regulators,Regulators,Reguladores,,Pendiente,
componentes/brokers,brokers,listing.toggleDetails,Toggle broker details,Mostrar u ocultar detalles del bróker,,Pendiente,
componentes/brokers,brokers,listing.viewProfile,View profile,Ver perfil,,Pendiente,
componentes/brokers,brokers,noBrokersAvailable.backToHome,Back to Homepage,Volver al inicio,,Pendiente,
componentes/brokers,brokers,noBrokersAvailable.description,"It looks like we don’t have any brokers available for your country right now, but we hope to bring them to you in the future.","Parece que no tenemos brókers disponibles para tu país en este momento, pero esperamos poder ofrecértelos en el futuro.",,Pendiente,
componentes/brokers,brokers,noBrokersAvailable.title,Ops! No brokers available here yet,¡Ups! Aún no hay brókers disponibles aquí,,Pendiente,
componentes/brokers,brokers,pageSubtitle,"A shortlist of regulated brokers available in your country. We only include those licensed by recognised financial authorities, so you can choose with confidence.","Una lista corta de brókers regulados disponibles en tu país. Solo incluimos aquellos con autorizaciones de autoridades financieras reconocidas, para que puedas elegir con confianza.",,Pendiente,
componentes/brokers,brokers,pageTitle,Forex Brokers,Brókers de Forex,,Pendiente,
componentes/brokers,brokers,seo.description,Searching for an online Forex broker? Find the best one for you in our comparative table of the most reputable Forex brokers.,¿Buscas un bróker de Forex online? Encuentra el más adecuado para ti en nuestra tabla comparativa de los brókers de Forex más reputados.,,Pendiente,
componentes/brokers,brokers,seo.keywords,"forex, brokers, comparison","forex, brókers, comparación",,Pendiente,
componentes/brokers,brokers,seo.title,Forex Brokers - FXStreet,Brókers Forex - FXStreet,,Pendiente,
componentes/calendar-event,calendar-event,charts.emptyState,"Sorry, no results were found.","Lo sentimos, no se encontraron resultados.",,Pendiente,
componentes/calendar-event,calendar-event,charts.historicalDate,Date,Fecha,,Pendiente,
componentes/calendar-event,calendar-event,charts.releases.actual,Actual,Actual,,Pendiente,
componentes/calendar-event,calendar-event,charts.releases.consensus,Consensus,Consenso,,Pendiente,
componentes/calendar-event,calendar-event,charts.releases.deviation,Dev.,Desv.,,Pendiente,
componentes/calendar-event,calendar-event,charts.releases.deviationTooltip,Deviation: It measures the surprise caused when the Actual data differs from the Consensus. It can oscillate in an open scale usually between -7 and +7.,"Desviación: Mide la sorpresa causada cuando el dato Real difiere del Consenso. Puede oscilar en una escala abierta, habitualmente entre -7 y +7.",,Pendiente,
componentes/calendar-event,calendar-event,charts.releases.deviationTooltipAria,Deviation information,Información sobre la desviación,,Pendiente,
componentes/calendar-event,calendar-event,charts.releases.na,n/a,n/d,,Pendiente,
componentes/calendar-event,calendar-event,charts.releases.revisedFrom,Revised from {value},Revisado desde {value},,Pendiente,
componentes/calendar-event,calendar-event,charts.timeRange.ariaLabel,Historical data time range,Rango temporal de datos históricos,,Pendiente,
componentes/calendar-event,calendar-event,charts.timeRange.fiveYears,5 YEARS,5 AÑOS,,Pendiente,
componentes/calendar-event,calendar-event,charts.timeRange.max,MAX,MAX,,Pendiente,
componentes/calendar-event,calendar-event,charts.timeRange.oneYear,1 YEAR,1 AÑO,,Pendiente,
componentes/calendar-event,calendar-event,charts.timeRange.twoYears,2 YEARS,2 AÑOS,,Pendiente,
componentes/calendar-event,calendar-event,charts.title,Historical Data Chart,Gráfico de datos históricos,,Pendiente,
componentes/calendar-event,calendar-event,charts.trueRangeHeading,True Range,Rango verdadero,,Pendiente,
componentes/calendar-event,calendar-event,charts.trueRangeSeries.averageTrueRange15Min,15m TR Averaged,TR 15m promedio,,Pendiente,
componentes/calendar-event,calendar-event,charts.trueRangeSeries.averageTrueRange4h,4h TR Averaged,TR 4h promedio,,Pendiente,
componentes/calendar-event,calendar-event,charts.trueRangeSeries.trueRange15Min,15m TR,TR 15m,,Pendiente,
componentes/calendar-event,calendar-event,charts.trueRangeSeries.trueRange4h,4h TR,TR 4h,,Pendiente,
componentes/calendar-event,calendar-event,charts.trueRangeVsDevHeading,True Range vs. Deviation,Rango verdadero vs desviación,,Pendiente,
componentes/calendar-event,calendar-event,charts.trueRangeVsDevTooltip.surpriseFactor,Surprise Factor,Factor sorpresa,,Pendiente,
componentes/calendar-event,calendar-event,charts.trueRangeVsDevTooltip.tr,TR,RV,,Pendiente,
componentes/calendar-event,calendar-event,charts.views.chart,Chart,Gráfico,,Pendiente,
componentes/calendar-event,calendar-event,charts.views.historicalData,Historical Data,Datos históricos,,Pendiente,
componentes/calendar-event,calendar-event,charts.views.trueRange,True Range,Rango verdadero,,Pendiente,
componentes/calendar-event,calendar-event,charts.views.trueRangeVsDev,True Range vs Dev,Rango verdadero vs desv.,,Pendiente,
componentes/calendar-event,calendar-event,charts.views.volatilityRatio,Volatility Ratio,Ratio de volatilidad,,Pendiente,
componentes/calendar-event,calendar-event,charts.volatilityRatioHeading,Volatility Ratio,Ratio de volatilidad,,Pendiente,
componentes/calendar-event,calendar-event,charts.volatilityRatioSeries.volatilityRatio15Min,15m VR,RV 15m,,Pendiente,
componentes/calendar-event,calendar-event,charts.volatilityRatioSeries.volatilityRatio4h,4h VR,RV 4h,,Pendiente,
componentes/calendar-event,calendar-event,charts.volatilityRatioSeries.volatilityRatioMedian15Min,15m VR Median,RV 15m mediana,,Pendiente,
componentes/calendar-event,calendar-event,charts.volatilityRatioSeries.volatilityRatioMedian4h,4h VR Median,RV 4h mediana,,Pendiente,
componentes/calendar-event,calendar-event,detail.description.frequency,Frequency,Frecuencia,,Pendiente,
componentes/calendar-event,calendar-event,detail.description.periodType.MONTH,Monthly,Mensual,,Pendiente,
componentes/calendar-event,calendar-event,detail.description.periodType.QUARTER,Quarterly,Trimestral,,Pendiente,
componentes/calendar-event,calendar-event,detail.description.periodType.WEEK,Weekly,Semanal,,Pendiente,
componentes/calendar-event,calendar-event,detail.description.periodType.YEAR,Yearly,Anual,,Pendiente,
componentes/calendar-event,calendar-event,detail.description.source,Source,Fuente,,Pendiente,
componentes/calendar-event,calendar-event,detail.relatedAnalysis.title,Related Analysis,Análisis relacionado,,Pendiente,
componentes/calendar-event,calendar-event,detail.relatedEvents.title,Related economic events,Eventos económicos relacionados,,Pendiente,
componentes/calendar-event,calendar-event,detail.relatedNews.title,Related News,Noticias relacionadas,,Pendiente,
componentes/calendar-event,calendar-event,detail.seo.description,"Follow {eventName}: consensus, previous readings, release dates, and related macroeconomic coverage on FXStreet's Economic Calendar.","Sigue {eventName}: consenso, dato anterior, fechas de publicación y cobertura macroeconómica relacionada en el calendario económico de FXStreet.",,Pendiente,
componentes/calendar-event,calendar-event,detail.seo.title,{eventName} - FXStreet Economic Calendar,{eventName} - Calendario económico FXStreet,,Pendiente,
componentes/calendar-guide,calendar-guide,countries.australia.description1,"Australia is a highly developed market economy and its currency, the Australian dollar, is one of the most popular among currency traders. One important thing to take into account is that the AUD price is correlated with gold, as it is a commodity currency. Australia is a big exporter to China and its economy, and currency reflects any change in the situation in that country.","Australia es una economía de mercado altamente desarrollada y su moneda, el dólar australiano, es una de las más populares entre los operadores de divisas. Un aspecto importante a tener en cuenta es que el precio del AUD está correlacionado con el oro, ya que es una divisa de materias primas. Australia es un gran exportador hacia China y su economía, y su moneda refleja cualquier cambio en la situación de ese país.",,Pendiente,
componentes/calendar-guide,calendar-guide,countries.australia.description2,"The most influenced currencies by Australia's economy are NZD and JPY. The organizations that publish the most meaningful indicators are the Reserve Bank of Australia, which issues statements and decides on the interest rates of the country, and the Australian Government and its Department of Finance that implement policies that affect the economy of the country.","Las divisas más influenciadas por la economía australiana son el NZD y el JPY. Las organizaciones que publican los indicadores más relevantes son el Banco de la Reserva de Australia, que emite comunicados y decide los tipos de interés del país, y el Gobierno australiano y su Departamento de Finanzas, que aplican políticas que afectan a la economía del país.",,Pendiente,
componentes/calendar-guide,calendar-guide,countries.australia.importantEvents.description,Australia regularly publishes data on various economic events that have a significant impact on its economy and various economies connected to the Australian reality. Here you can find the editorial selection made by the FXStreet team about the economic events that could have the most impact on your trading in the next months:,Australia publica regularmente datos sobre diversos eventos económicos que tienen un impacto significativo en su economía y en otras economías vinculadas a la realidad australiana. Aquí puede encontrar la selección editorial del equipo de FXStreet sobre los eventos económicos que podrían tener mayor impacto en su trading en los próximos meses:,,Pendiente,
componentes/calendar-guide,calendar-guide,countries.australia.importantEvents.events[0],RBA Interest Rate Decision,Decisión de tipos de interés del RBA,,Pendiente,
componentes/calendar-guide,calendar-guide,countries.australia.importantEvents.events[1],RBA Meeting Minutes,Minutas del RBA,,Pendiente,
componentes/calendar-guide,calendar-guide,countries.australia.importantEvents.events[2],Australia Unemployment Rate,Tasa de desempleo de Australia,,Pendiente,
componentes/calendar-guide,calendar-guide,countries.australia.importantEvents.events[3],RBA's Governor Lowe Speech,Discurso del Gobernador del RBA Lowe,,Pendiente,
componentes/calendar-guide,calendar-guide,countries.australia.importantEvents.events[4],Australia Consumer Price Index,Índice de Precios al Consumidor de Australia,,Pendiente,
componentes/calendar-guide,calendar-guide,countries.australia.importantEvents.title,What are the most important economic events for Australia?,¿Cuáles son los eventos económicos más importantes para Australia?,,Pendiente,
componentes/calendar-guide,calendar-guide,countries.australia.institutions.description,"The FXStreet editorial team has selected the most important institutions for Australia that generate most of the events with great volatility in the market. If you're interested in knowing the evolution of the country, it's important to take into account that it has its capital in Canberra. Other important things to take into account are the movements of the most relevant institutions of other related economies, such as the Australian and the American ones:","El equipo editorial de FXStreet ha seleccionado las instituciones más importantes para Australia que generan la mayoría de los eventos con gran volatilidad en el mercado. Si le interesa conocer la evolución del país, es importante tener en cuenta que su capital es Canberra. Otros aspectos relevantes son los movimientos de las instituciones más importantes de otras economías relacionadas, como las australiana y la estadounidense:",,Pendiente,
componentes/calendar-guide,calendar-guide,countries.australia.institutions.list[0],Reserve Bank of Australia,Banco de la Reserva de Australia,,Pendiente,
componentes/calendar-guide,calendar-guide,countries.australia.institutions.list[1],Federal Reserve,Reserva Federal,,Pendiente,
componentes/calendar-guide,calendar-guide,countries.australia.institutions.list[2],Bank of Japan,Banco de Japón,,Pendiente,
componentes/calendar-guide,calendar-guide,countries.australia.institutions.list[3],People's Bank of China,Banco Popular de China,,Pendiente,
componentes/calendar-guide,calendar-guide,countries.australia.institutions.title,Which are the most important economic institutions for Australia?,¿Cuáles son las instituciones económicas más importantes para Australia?,,Pendiente,
componentes/calendar-guide,calendar-guide,countries.australia.relatedEvents.leftColumn[0].text,EIA Crude Oil Stocks change,Variación de las reservas de petróleo crudo EIA,,Pendiente,
componentes/calendar-guide,calendar-guide,countries.australia.relatedEvents.leftColumn[0].url,/economic-calendar/event/8d7aa189-8c90-45a1-a5ee-82d480271b8f,/calendario-economico/event/8d7aa189-8c90-45a1-a5ee-82d480271b8f,,Pendiente,
componentes/calendar-guide,calendar-guide,countries.australia.relatedEvents.leftColumn[1].text,RBA Interest Rate Decision,Decisión de tipos de interés del RBA,,Pendiente,
componentes/calendar-guide,calendar-guide,countries.australia.relatedEvents.leftColumn[1].url,/economic-calendar/event/97e8d83b-a333-4be6-8cf9-1f4fa9f9789d,/calendario-economico/event/97e8d83b-a333-4be6-8cf9-1f4fa9f9789d,,Pendiente,
componentes/calendar-guide,calendar-guide,countries.australia.relatedEvents.leftColumn[2].text,FED Interest Rate Decision,Decisión de tipos de interés de la Fed,,Pendiente,
componentes/calendar-guide,calendar-guide,countries.australia.relatedEvents.leftColumn[2].url,/economic-calendar/event/fcfae951-09a7-449e-b6fe-525e1335aaba,/calendario-economico/event/fcfae951-09a7-449e-b6fe-525e1335aaba,,Pendiente,
componentes/calendar-guide,calendar-guide,countries.australia.relatedEvents.leftColumn[3].text,FOMC Minutes,Minutas del FOMC,,Pendiente,
componentes/calendar-guide,calendar-guide,countries.australia.relatedEvents.leftColumn[3].url,/economic-calendar/event/e10a1f69-915d-44b1-ad1d-0b8edf7853f3,/calendario-economico/event/e10a1f69-915d-44b1-ad1d-0b8edf7853f3,,Pendiente,
componentes/calendar-guide,calendar-guide,countries.australia.relatedEvents.leftColumn[4].text,ECB President Lagarde's Speech,Discurso de la Presidenta del BCE Lagarde,,Pendiente,
componentes/calendar-guide,calendar-guide,countries.australia.relatedEvents.leftColumn[4].url,/macroeconomics/central-banks/rba,/macroeconomics/central-banks/rba,,Pendiente,
componentes/calendar-guide,calendar-guide,countries.australia.relatedEvents.rightColumn[0].text,ECB Interest Rate Decision,Decisión de tipos de interés del BCE,,Pendiente,
componentes/calendar-guide,calendar-guide,countries.australia.relatedEvents.rightColumn[0].url,/economic-calendar/event/1a094a5e-3dee-4c96-b3bb-7c35cc52fa83,/calendario-economico/event/1a094a5e-3dee-4c96-b3bb-7c35cc52fa83,,Pendiente,
componentes/calendar-guide,calendar-guide,countries.australia.relatedEvents.rightColumn[1].text,BoJ Interest Rate Decision,Decisión de tipos de interés del BoJ,,Pendiente,
componentes/calendar-guide,calendar-guide,countries.australia.relatedEvents.rightColumn[1].url,/economic-calendar/event/8b3a0864-3ad8-4510-88a5-acaf0dc44ce0,/calendario-economico/event/8b3a0864-3ad8-4510-88a5-acaf0dc44ce0,,Pendiente,
componentes/calendar-guide,calendar-guide,countries.australia.relatedEvents.rightColumn[2].text,BoE Interest Rate Decision,Decisión de tipos de interés del BoE,,Pendiente,
componentes/calendar-guide,calendar-guide,countries.australia.relatedEvents.rightColumn[2].url,/economic-calendar/event/9959649d-be62-47f5-bafa-ff2f474b9e13,/calendario-economico/event/9959649d-be62-47f5-bafa-ff2f474b9e13,,Pendiente,
componentes/calendar-guide,calendar-guide,countries.australia.relatedEvents.rightColumn[3].text,PBoC Interest Rate Decision,Decisión de tipos de interés del PBoC,,Pendiente,
componentes/calendar-guide,calendar-guide,countries.australia.relatedEvents.rightColumn[3].url,/economic-calendar/event/fa510216-a58a-4dba-93f7-0c05c1e5e3d1,/calendario-economico/event/fa510216-a58a-4dba-93f7-0c05c1e5e3d1,,Pendiente,
componentes/calendar-guide,calendar-guide,countries.australia.relatedEvents.rightColumn[4].text,API Weekly Crude Oil Stock,Inventarios semanales de petróleo crudo API,,Pendiente,
componentes/calendar-guide,calendar-guide,countries.australia.relatedEvents.rightColumn[4].url,/economic-calendar/event/bcf389bd-5fe2-4bd1-b1e0-d0b3910ba944,/calendario-economico/event/bcf389bd-5fe2-4bd1-b1e0-d0b3910ba944,,Pendiente,
componentes/calendar-guide,calendar-guide,countries.australia.relatedEvents.title,Related economic events,Eventos económicos relacionados,,Pendiente,
componentes/calendar-guide,calendar-guide,countries.australia.title,Why the Australian economic calendar matters?,¿Por qué importa el calendario económico australiano?,,Pendiente,
componentes/calendar-guide,calendar-guide,countries.canada.description1,"The economy of Canada is a highly developed market economy. Canada is commonly known as a resource-based economy being a large producer and supplier of oil. For this reason, the USD/CAD (one of the three so-called ""commodity pairs"") is highly correlated with Oil prices, but gold and natural gas are also to be taken into account by traders.","La economía de Canadá es una economía de mercado altamente desarrollada. Canadá es conocida como una economía basada en recursos, siendo un gran productor y proveedor de petróleo. Por ello, el USD/CAD (uno de los tres llamados ""pares de materias primas"") está muy correlacionado con los precios del petróleo, aunque el oro y el gas natural también deben tenerse en cuenta por los operadores.",,Pendiente,
componentes/calendar-guide,calendar-guide,countries.canada.description2,"The leading export market for Canada is by far the United States making its currency particularly sensitive to US consumption data and economic health. The most important indicators mainly impact the price of the CAD, having important effects in other markets and currencies.","El principal mercado de exportación de Canadá es, con diferencia, Estados Unidos, lo que hace que su moneda sea especialmente sensible a los datos de consumo y a la salud económica estadounidense. Los indicadores más importantes impactan principalmente el precio del CAD, con efectos relevantes en otros mercados y divisas.",,Pendiente,
componentes/calendar-guide,calendar-guide,countries.canada.description3,"The organizations that publish the most meaningful indicators, the ones that carry the greatest impact in the markets, are the Bank of Canada (BoC), the Canadian Government and the CAPP (Canadian Association of Petroleum Producers). Of special interest are the BoC decisions, usually announced by Governor Tiff Macklem.","Las organizaciones que publican los indicadores más relevantes, los que tienen mayor impacto en los mercados, son el Banco de Canadá (BoC), el Gobierno canadiense y la CAPP (Asociación Canadiense de Productores de Petróleo). De especial interés son las decisiones del BoC, normalmente anunciadas por el Gobernador Tiff Macklem.",,Pendiente,
componentes/calendar-guide,calendar-guide,countries.canada.importantEvents.description,Canada regularly publishes data on various economic events that have a significant impact on its economy and various economies connected to Canadian reality. Here you have an editorial selection made by the FXStreet team about the economic events that could have the most impact on your trading in the next months:,Canadá publica regularmente datos sobre diversos eventos económicos que tienen un impacto significativo en su economía y en otras economías vinculadas a la realidad canadiense. Aquí tiene una selección editorial del equipo de FXStreet sobre los eventos económicos que podrían tener mayor impacto en su trading en los próximos meses:,,Pendiente,
componentes/calendar-guide,calendar-guide,countries.canada.importantEvents.events[0],BoC Interest Rate Decision,Decisión de tipos de interés del BoC,,Pendiente,
componentes/calendar-guide,calendar-guide,countries.canada.importantEvents.events[1],Canadian Unemployment Rate,Tasa de desempleo canadiense,,Pendiente,
componentes/calendar-guide,calendar-guide,countries.canada.importantEvents.events[2],Canadian Net Change in Employment,Variación neta del empleo canadiense,,Pendiente,
componentes/calendar-guide,calendar-guide,countries.canada.importantEvents.events[3],BoC Consumer Price Index Core,Índice subyacente de Precios al Consumidor del BoC,,Pendiente,
componentes/calendar-guide,calendar-guide,countries.canada.importantEvents.events[4],Canadian Retail Sales,Ventas minoristas canadienses,,Pendiente,
componentes/calendar-guide,calendar-guide,countries.canada.importantEvents.title,What are the most important economic events for Canada?,¿Cuáles son los eventos económicos más importantes para Canadá?,,Pendiente,
componentes/calendar-guide,calendar-guide,countries.canada.institutions.description,"The FXStreet editorial team has selected the most important institutions for Canada that generate most of the events with great volatility in the market. If you're interested in knowing the evolution of the country, it's important to take into account that it has its capital in Ottawa. Other important things to take into account are the movements of the most relevant institutions of other related economies, such as the Canadian and the American ones:","El equipo editorial de FXStreet ha seleccionado las instituciones más importantes para Canadá que generan la mayoría de los eventos con gran volatilidad en el mercado. Si le interesa conocer la evolución del país, es importante tener en cuenta que su capital es Ottawa. Otros aspectos relevantes son los movimientos de las instituciones más importantes de otras economías relacionadas, como las canadiense y la estadounidense:",,Pendiente,
componentes/calendar-guide,calendar-guide,countries.canada.institutions.list[0],Federal Reserve,Reserva Federal,,Pendiente,
componentes/calendar-guide,calendar-guide,countries.canada.institutions.list[1],Bank of Canada,Banco de Canadá,,Pendiente,
componentes/calendar-guide,calendar-guide,countries.canada.institutions.title,Which are the most important economic institutions for Canada?,¿Cuáles son las instituciones económicas más importantes para Canadá?,,Pendiente,
componentes/calendar-guide,calendar-guide,countries.canada.relatedEvents.leftColumn[0].text,BoC Interest Rate Decision,Decisión de tipos de interés del BoC,,Pendiente,
componentes/calendar-guide,calendar-guide,countries.canada.relatedEvents.leftColumn[0].url,/economic-calendar/event/7035bb7e-d65f-4e72-a0ba-f77baede0207,/calendario-economico/event/7035bb7e-d65f-4e72-a0ba-f77baede0207,,Pendiente,
componentes/calendar-guide,calendar-guide,countries.canada.relatedEvents.leftColumn[1].text,Canadian Unemployment Rate,Tasa de desempleo canadiense,,Pendiente,
componentes/calendar-guide,calendar-guide,countries.canada.relatedEvents.leftColumn[1].url,/economic-calendar/event/490c5492-6ace-4321-a078-64b949244b2e,/calendario-economico/event/490c5492-6ace-4321-a078-64b949244b2e,,Pendiente,
componentes/calendar-guide,calendar-guide,countries.canada.relatedEvents.leftColumn[2].text,EIA Crude Oil Stocks change,Variación de las reservas de petróleo crudo EIA,,Pendiente,
componentes/calendar-guide,calendar-guide,countries.canada.relatedEvents.leftColumn[2].url,/economic-calendar/event/8d7aa189-8c90-45a1-a5ee-82d480271b8f,/calendario-economico/event/8d7aa189-8c90-45a1-a5ee-82d480271b8f,,Pendiente,
componentes/calendar-guide,calendar-guide,countries.canada.relatedEvents.leftColumn[3].text,Nonfarm Payrolls,Nóminas no agrícolas,,Pendiente,
componentes/calendar-guide,calendar-guide,countries.canada.relatedEvents.leftColumn[3].url,/economic-calendar/event/9cdf56fd-99e4-4026-aa99-2b6c0ca92811,/calendario-economico/event/9cdf56fd-99e4-4026-aa99-2b6c0ca92811,,Pendiente,
componentes/calendar-guide,calendar-guide,countries.canada.relatedEvents.leftColumn[4].text,FED Interest Rate Decision,Decisión de tipos de interés de la Fed,,Pendiente,
componentes/calendar-guide,calendar-guide,countries.canada.relatedEvents.leftColumn[4].url,/economic-calendar/event/fcfae951-09a7-449e-b6fe-525e1335aaba,/calendario-economico/event/fcfae951-09a7-449e-b6fe-525e1335aaba,,Pendiente,
componentes/calendar-guide,calendar-guide,countries.canada.relatedEvents.rightColumn[0].text,ECB Interest Rate Decision,Decisión de tipos de interés del BCE,,Pendiente,
componentes/calendar-guide,calendar-guide,countries.canada.relatedEvents.rightColumn[0].url,/economic-calendar/event/1a094a5e-3dee-4c96-b3bb-7c35cc52fa83,/calendario-economico/event/1a094a5e-3dee-4c96-b3bb-7c35cc52fa83,,Pendiente,
componentes/calendar-guide,calendar-guide,countries.canada.relatedEvents.rightColumn[1].text,BoJ Interest Rate Decision,Decisión de tipos de interés del BoJ,,Pendiente,
componentes/calendar-guide,calendar-guide,countries.canada.relatedEvents.rightColumn[1].url,/economic-calendar/event/8b3a0864-3ad8-4510-88a5-acaf0dc44ce0,/calendario-economico/event/8b3a0864-3ad8-4510-88a5-acaf0dc44ce0,,Pendiente,
componentes/calendar-guide,calendar-guide,countries.canada.relatedEvents.rightColumn[2].text,BoE Interest Rate Decision,Decisión de tipos de interés del BoE,,Pendiente,
componentes/calendar-guide,calendar-guide,countries.canada.relatedEvents.rightColumn[2].url,/economic-calendar/event/9959649d-be62-47f5-bafa-ff2f474b9e13,/calendario-economico/event/9959649d-be62-47f5-bafa-ff2f474b9e13,,Pendiente,
componentes/calendar-guide,calendar-guide,countries.canada.relatedEvents.rightColumn[3].text,API Weekly Crude Oil Stock,Inventarios semanales de petróleo crudo API,,Pendiente,
componentes/calendar-guide,calendar-guide,countries.canada.relatedEvents.rightColumn[3].url,/economic-calendar/event/bcf389bd-5fe2-4bd1-b1e0-d0b3910ba944,/calendario-economico/event/bcf389bd-5fe2-4bd1-b1e0-d0b3910ba944,,Pendiente,
componentes/calendar-guide,calendar-guide,countries.canada.relatedEvents.title,Related economic events,Eventos económicos relacionados,,Pendiente,
componentes/calendar-guide,calendar-guide,countries.canada.title,Why the Canadian economic calendar matters?,¿Por qué importa el calendario económico canadiense?,,Pendiente,
componentes/calendar-guide,calendar-guide,countries.united-kingdom.description1,"The economy of the United Kingdom is a highly developed social market and market-orientated economy. It's considered the sixth-largest national economy measured by GDP. The UK currency, pound sterling, is the world's fourth-largest reserve currency after the US dollar, the Euro and the Japanese yen. The GBP is also one of the 10 most valued currencies in the world.","La economía del Reino Unido es una economía de mercado social altamente desarrollada y orientada al mercado. Se considera la sexta economía nacional más grande medida por el PIB. La moneda del Reino Unido, la libra esterlina, es la cuarta divisa de reserva más grande del mundo, después del dólar estadounidense, el euro y el yen japonés. La GBP también es una de las 10 divisas más valoradas del mundo.",,Pendiente,
componentes/calendar-guide,calendar-guide,countries.united-kingdom.description2,"The most important indicators mainly impact the price of the JPY and EUR, having important effects in other markets and currencies. The major pairs that are most influenced by the British economic data are GBP/USD, EUR/USD, and USD/JPY.","Los indicadores más importantes impactan principalmente el precio del JPY y del EUR, con efectos relevantes en otros mercados y divisas. Los principales pares más influenciados por los datos económicos británicos son GBP/USD, EUR/USD y USD/JPY.",,Pendiente,
componentes/calendar-guide,calendar-guide,countries.united-kingdom.description3,"The organizations that publish the most meaningful indicators, the ones that carry the greatest impact in the markets, are the Bank of England (BoE) and the United Kingdom Government. Of special interest are the BoE decisions, usually announced by Governor Andrew Bailey.","Las organizaciones que publican los indicadores más relevantes, los que tienen mayor impacto en los mercados, son el Banco de Inglaterra (BoE) y el Gobierno del Reino Unido. De especial interés son las decisiones del BoE, normalmente anunciadas por el Gobernador Andrew Bailey.",,Pendiente,
componentes/calendar-guide,calendar-guide,countries.united-kingdom.importantEvents.description,The United Kingdom regularly publishes data on various economic events that have a significant impact on its economy and various economies connected to British reality. Here you have an editorial selection made by the FXStreet team about the economic events that could have the most impact on your trading in the next months:,El Reino Unido publica regularmente datos sobre diversos eventos económicos que tienen un impacto significativo en su economía y en otras economías vinculadas a la realidad británica. Aquí tiene una selección editorial del equipo de FXStreet sobre los eventos económicos que podrían tener mayor impacto en su trading en los próximos meses:,,Pendiente,
componentes/calendar-guide,calendar-guide,countries.united-kingdom.importantEvents.events[0],BoE Interest Rate Decision,Decisión de tipos de interés del BoE,,Pendiente,
componentes/calendar-guide,calendar-guide,countries.united-kingdom.importantEvents.events[1],BoE's Governor Bailey Speech,Discurso del Gobernador del BoE Bailey,,Pendiente,
componentes/calendar-guide,calendar-guide,countries.united-kingdom.importantEvents.events[2],Gross Domestic Product,Producto Interior Bruto,,Pendiente,
componentes/calendar-guide,calendar-guide,countries.united-kingdom.importantEvents.events[3],Consumer Price Index,Índice de Precios al Consumidor,,Pendiente,
componentes/calendar-guide,calendar-guide,countries.united-kingdom.importantEvents.events[4],ILO Unemployment Rate,Tasa de desempleo ILO,,Pendiente,
componentes/calendar-guide,calendar-guide,countries.united-kingdom.importantEvents.title,What are the most important economic events for the UK?,¿Cuáles son los eventos económicos más importantes para el Reino Unido?,,Pendiente,
componentes/calendar-guide,calendar-guide,countries.united-kingdom.institutions.description,"The FXStreet editorial team has selected the most important institutions for the United Kingdom that generate most of the events with great volatility in the market. If you're interested in knowing the evolution of the country, it's important to take into account that it has its capital in London. Other important things to take into account are the movements of the most relevant institutions of related economies, such as the British, the European, and the American ones:","El equipo editorial de FXStreet ha seleccionado las instituciones más importantes para el Reino Unido que generan la mayoría de los eventos con gran volatilidad en el mercado. Si le interesa conocer la evolución del país, es importante tener en cuenta que su capital es Londres. Otros aspectos relevantes son los movimientos de las instituciones más importantes de economías relacionadas, como las británica, la europea y la estadounidense:",,Pendiente,
componentes/calendar-guide,calendar-guide,countries.united-kingdom.institutions.list[0],Bank of England,Banco de Inglaterra,,Pendiente,
componentes/calendar-guide,calendar-guide,countries.united-kingdom.institutions.list[1],Federal Reserve,Reserva Federal,,Pendiente,
componentes/calendar-guide,calendar-guide,countries.united-kingdom.institutions.list[2],European Central Bank,Banco Central Europeo,,Pendiente,
componentes/calendar-guide,calendar-guide,countries.united-kingdom.institutions.title,Which are the most important economic institutions for the UK?,¿Cuáles son las instituciones económicas más importantes para el Reino Unido?,,Pendiente,
componentes/calendar-guide,calendar-guide,countries.united-kingdom.relatedEvents.leftColumn[0].text,BoE Interest Rate Decision,Decisión de tipos de interés del BoE,,Pendiente,
componentes/calendar-guide,calendar-guide,countries.united-kingdom.relatedEvents.leftColumn[0].url,/economic-calendar/event/9959649d-be62-47f5-bafa-ff2f474b9e13,/calendario-economico/event/9959649d-be62-47f5-bafa-ff2f474b9e13,,Pendiente,
componentes/calendar-guide,calendar-guide,countries.united-kingdom.relatedEvents.leftColumn[1].text,ILO Unemployment Rate,Tasa de desempleo ILO,,Pendiente,
componentes/calendar-guide,calendar-guide,countries.united-kingdom.relatedEvents.leftColumn[1].url,/economic-calendar/event/98bb2374-b9f9-46ae-93e3-9f7e8a4391c,/calendario-economico/event/98bb2374-b9f9-46ae-93e3-9f7e8a4391c,,Pendiente,
componentes/calendar-guide,calendar-guide,countries.united-kingdom.relatedEvents.leftColumn[2].text,UK Gross Domestic Product,Producto Interior Bruto del Reino Unido,,Pendiente,
componentes/calendar-guide,calendar-guide,countries.united-kingdom.relatedEvents.leftColumn[2].url,/economic-calendar/event/61b1d6bb-698e-41f7-8100-dc668c635c8b,/calendario-economico/event/61b1d6bb-698e-41f7-8100-dc668c635c8b,,Pendiente,
componentes/calendar-guide,calendar-guide,countries.united-kingdom.relatedEvents.leftColumn[3].text,Nonfarm Payrolls,Nóminas no agrícolas,,Pendiente,
componentes/calendar-guide,calendar-guide,countries.united-kingdom.relatedEvents.leftColumn[3].url,/economic-calendar/event/9cdf56fd-99e4-4026-aa99-2b6c0ca92811,/calendario-economico/event/9cdf56fd-99e4-4026-aa99-2b6c0ca92811,,Pendiente,
componentes/calendar-guide,calendar-guide,countries.united-kingdom.relatedEvents.leftColumn[4].text,FED Interest Rate Decision,Decisión de tipos de interés de la Fed,,Pendiente,
componentes/calendar-guide,calendar-guide,countries.united-kingdom.relatedEvents.leftColumn[4].url,/economic-calendar/event/fcfae951-09a7-449e-b6fe-525e1335aaba,/calendario-economico/event/fcfae951-09a7-449e-b6fe-525e1335aaba,,Pendiente,
componentes/calendar-guide,calendar-guide,countries.united-kingdom.relatedEvents.rightColumn[0].text,ECB Interest Rate Decision,Decisión de tipos de interés del BCE,,Pendiente,
componentes/calendar-guide,calendar-guide,countries.united-kingdom.relatedEvents.rightColumn[0].url,/economic-calendar/event/1a094a5e-3dee-4c96-b3bb-7c35cc52fa83,/calendario-economico/event/1a094a5e-3dee-4c96-b3bb-7c35cc52fa83,,Pendiente,
componentes/calendar-guide,calendar-guide,countries.united-kingdom.relatedEvents.rightColumn[1].text,BoJ Interest Rate Decision,Decisión de tipos de interés del BoJ,,Pendiente,
componentes/calendar-guide,calendar-guide,countries.united-kingdom.relatedEvents.rightColumn[1].url,/economic-calendar/event/8b3a0864-3ad8-4510-88a5-acaf0dc44ce0,/calendario-economico/event/8b3a0864-3ad8-4510-88a5-acaf0dc44ce0,,Pendiente,
componentes/calendar-guide,calendar-guide,countries.united-kingdom.relatedEvents.rightColumn[2].text,UK Markit Services PMI,PMI de servicios Markit del Reino Unido,,Pendiente,
componentes/calendar-guide,calendar-guide,countries.united-kingdom.relatedEvents.rightColumn[2].url,/economic-calendar/event/0fbc81b5-a029-4c0e-a5c7-9baf1fc47cd2,/calendario-economico/event/0fbc81b5-a029-4c0e-a5c7-9baf1fc47cd2,,Pendiente,
componentes/calendar-guide,calendar-guide,countries.united-kingdom.relatedEvents.rightColumn[3].text,UK Industrial Production,Producción industrial del Reino Unido,,Pendiente,
componentes/calendar-guide,calendar-guide,countries.united-kingdom.relatedEvents.rightColumn[3].url,/economic-calendar/event/727dc859-0e7d-4209-8f28-70acb2ea2d61,/calendario-economico/event/727dc859-0e7d-4209-8f28-70acb2ea2d61,,Pendiente,
componentes/calendar-guide,calendar-guide,countries.united-kingdom.relatedEvents.title,Related economic events,Eventos económicos relacionados,,Pendiente,
componentes/calendar-guide,calendar-guide,countries.united-kingdom.title,Why the UK economic calendar matters?,¿Por qué importa el calendario económico del Reino Unido?,,Pendiente,
componentes/calendar-guide,calendar-guide,countries.united-states.description1,"The US economic calendar is the most important one since the country is the world's largest economy. The most important indicators mainly impact the price of the dollar, having important effects in other markets and currencies. The major pairs that are most influenced by the American economic data are EUR/USD, GBP/USD, and USD/JPY.","El calendario económico de EE. UU. es el más importante, ya que el país es la mayor economía del mundo. Los indicadores más relevantes impactan principalmente el precio del dólar, con efectos importantes en otros mercados y divisas. Los principales pares más influenciados por los datos económicos estadounidenses son EUR/USD, GBP/USD y USD/JPY.",,Pendiente,
componentes/calendar-guide,calendar-guide,countries.united-states.description2,"The organizations that publish the most meaningful indicators, the ones that carry the greatest impact in the markets, are the US Bureau of Labor Statistics, the US Bureau of Economic Analysis, the US Census Bureau, and the Energy Information Administration. Of special interest are the Federal Reserve decisions, usually announced by Governor Jerome Powell.","Las organizaciones que publican los indicadores más relevantes, los que tienen mayor impacto en los mercados, son la Oficina de Estadísticas Laborales de EE. UU., la Oficina de Análisis Económico, la Oficina del Censo y la Administración de Información Energética. De especial interés son las decisiones de la Reserva Federal, normalmente anunciadas por el Gobernador Jerome Powell.",,Pendiente,
componentes/calendar-guide,calendar-guide,countries.united-states.importantEvents.description,The US regularly publishes data on various economic events that have a significant impact on its economy and various economies connected to American reality. Here you have an editorial selection made by the FXStreet team about the economic events that could have the most impact on your trading in the next months:,EE. UU. publica regularmente datos sobre diversos eventos económicos que tienen un impacto significativo en su economía y en otras economías vinculadas a la realidad estadounidense. Aquí tiene una selección editorial del equipo de FXStreet sobre los eventos económicos que podrían tener mayor impacto en su trading en los próximos meses:,,Pendiente,
componentes/calendar-guide,calendar-guide,countries.united-states.importantEvents.events[0],FED Interest Rate Decision,Decisión de tipos de interés de la Fed,,Pendiente,
componentes/calendar-guide,calendar-guide,countries.united-states.importantEvents.events[1],FOMC Minutes,Minutas del FOMC,,Pendiente,
componentes/calendar-guide,calendar-guide,countries.united-states.importantEvents.events[2],Non Farm Payrolls,Nóminas no agrícolas,,Pendiente,
componentes/calendar-guide,calendar-guide,countries.united-states.importantEvents.events[3],ISM Non-Manufacturing PMI,PMI ISM de servicios no manufactureros,,Pendiente,
componentes/calendar-guide,calendar-guide,countries.united-states.importantEvents.events[4],Retail Sales Control Group,Grupo de control de ventas minoristas,,Pendiente,
componentes/calendar-guide,calendar-guide,countries.united-states.importantEvents.events[5],Nondefense Capital Goods Orders ex Aircraft,Pedidos de bienes de capital no defensivos excl. aeronaves,,Pendiente,
componentes/calendar-guide,calendar-guide,countries.united-states.importantEvents.title,What are the most important economic events for the United States?,¿Cuáles son los eventos económicos más importantes para Estados Unidos?,,Pendiente,
componentes/calendar-guide,calendar-guide,countries.united-states.institutions.description,"The FXStreet editorial team has selected the most important institutions for the United States that generate most of the events with great volatility in the market. If you're interested in knowing the evolution of the country, it's important to take into account that it has its capital in Washington DC. Other important things to take into account are the movements of the most relevant institutions of other related economies, such as the European and the American ones:","El equipo editorial de FXStreet ha seleccionado las instituciones más importantes para Estados Unidos que generan la mayoría de los eventos con gran volatilidad en el mercado. Si le interesa conocer la evolución del país, es importante tener en cuenta que su capital es Washington D. C. Otros aspectos relevantes son los movimientos de las instituciones más importantes de otras economías relacionadas, como las europea y la estadounidense:",,Pendiente,
componentes/calendar-guide,calendar-guide,countries.united-states.institutions.list[0],Federal Reserve,Reserva Federal,,Pendiente,
componentes/calendar-guide,calendar-guide,countries.united-states.institutions.list[1],European Central Bank,Banco Central Europeo,,Pendiente,
componentes/calendar-guide,calendar-guide,countries.united-states.institutions.title,Which are the most important economic institutions for the United States?,¿Cuáles son las instituciones económicas más importantes para Estados Unidos?,,Pendiente,
componentes/calendar-guide,calendar-guide,countries.united-states.relatedEvents.leftColumn[0].text,EIA Crude Oil Stocks change,Variación de las reservas de petróleo crudo EIA,,Pendiente,
componentes/calendar-guide,calendar-guide,countries.united-states.relatedEvents.leftColumn[0].url,/economic-calendar/event/8d7aa189-8c90-45a1-a5ee-82d480271b8f,/calendario-economico/event/8d7aa189-8c90-45a1-a5ee-82d480271b8f,,Pendiente,
componentes/calendar-guide,calendar-guide,countries.united-states.relatedEvents.leftColumn[1].text,Nonfarm Payrolls,Nóminas no agrícolas,,Pendiente,
componentes/calendar-guide,calendar-guide,countries.united-states.relatedEvents.leftColumn[1].url,/economic-calendar/event/9cdf56fd-99e4-4026-aa99-2b6c0ca92811,/calendario-economico/event/9cdf56fd-99e4-4026-aa99-2b6c0ca92811,,Pendiente,
componentes/calendar-guide,calendar-guide,countries.united-states.relatedEvents.leftColumn[2].text,FED Interest Rate Decision,Decisión de tipos de interés de la Fed,,Pendiente,
componentes/calendar-guide,calendar-guide,countries.united-states.relatedEvents.leftColumn[2].url,/economic-calendar/event/fcfae951-09a7-449e-b6fe-525e1335aaba,/calendario-economico/event/fcfae951-09a7-449e-b6fe-525e1335aaba,,Pendiente,
componentes/calendar-guide,calendar-guide,countries.united-states.relatedEvents.leftColumn[3].text,FOMC Minutes,Minutas del FOMC,,Pendiente,
componentes/calendar-guide,calendar-guide,countries.united-states.relatedEvents.leftColumn[3].url,/economic-calendar/event/e10a1f69-915d-44b1-ad1d-0b8edf7853f3,/calendario-economico/event/e10a1f69-915d-44b1-ad1d-0b8edf7853f3,,Pendiente,
componentes/calendar-guide,calendar-guide,countries.united-states.relatedEvents.leftColumn[4].text,ECB President Lagarde's Speech,Discurso de la Presidenta del BCE Lagarde,,Pendiente,
componentes/calendar-guide,calendar-guide,countries.united-states.relatedEvents.leftColumn[4].url,/macroeconomics/central-banks/ecb,/macroeconomics/central-banks/ecb,,Pendiente,
componentes/calendar-guide,calendar-guide,countries.united-states.relatedEvents.rightColumn[0].text,ECB Interest Rate Decision,Decisión de tipos de interés del BCE,,Pendiente,
componentes/calendar-guide,calendar-guide,countries.united-states.relatedEvents.rightColumn[0].url,/economic-calendar/event/1a094a5e-3dee-4c96-b3bb-7c35cc52fa83,/calendario-economico/event/1a094a5e-3dee-4c96-b3bb-7c35cc52fa83,,Pendiente,
componentes/calendar-guide,calendar-guide,countries.united-states.relatedEvents.rightColumn[1].text,BoJ Interest Rate Decision,Decisión de tipos de interés del BoJ,,Pendiente,
componentes/calendar-guide,calendar-guide,countries.united-states.relatedEvents.rightColumn[1].url,/economic-calendar/event/8b3a0864-3ad8-4510-88a5-acaf0dc44ce0,/calendario-economico/event/8b3a0864-3ad8-4510-88a5-acaf0dc44ce0,,Pendiente,
componentes/calendar-guide,calendar-guide,countries.united-states.relatedEvents.rightColumn[2].text,BoE Interest Rate Decision,Decisión de tipos de interés del BoE,,Pendiente,
componentes/calendar-guide,calendar-guide,countries.united-states.relatedEvents.rightColumn[2].url,/economic-calendar/event/9959649d-be62-47f5-bafa-ff2f474b9e13,/calendario-economico/event/9959649d-be62-47f5-bafa-ff2f474b9e13,,Pendiente,
componentes/calendar-guide,calendar-guide,countries.united-states.relatedEvents.rightColumn[3].text,API Weekly Crude Oil Stock,Inventarios semanales de petróleo crudo API,,Pendiente,
componentes/calendar-guide,calendar-guide,countries.united-states.relatedEvents.rightColumn[3].url,/economic-calendar/event/bcf389bd-5fe2-4bd1-b1e0-d0b3910ba944,/calendario-economico/event/bcf389bd-5fe2-4bd1-b1e0-d0b3910ba944,,Pendiente,
componentes/calendar-guide,calendar-guide,countries.united-states.relatedEvents.title,Related economic events,Eventos económicos relacionados,,Pendiente,
componentes/calendar-guide,calendar-guide,countries.united-states.title,Why the United States economic calendar matters?,¿Por qué importa el calendario económico de Estados Unidos?,,Pendiente,
componentes/calendar-guide,calendar-guide,countryIndicators.australia.description1,Australia's economy is one of the strongest in the world. The Land Down Under is rich in commodities and mainly sends its resources to China and other Asian countries.,La economía de Australia es una de las más fuertes del mundo y rica en materias primas.,,Pendiente,
componentes/calendar-guide,calendar-guide,countryIndicators.australia.description2,"The Reserve Bank of Australia (RBA) is responsible for implementing monetary policy, and its decisions are a key driver for the Australian Dollar (AUD). The current Governor of the RBA is Michele Bullock. Some of the most relevant indicators of the <link>Australian Economic Calendar</link> include:",Las decisiones del Banco de la Reserva de Australia (RBA) son un motor clave para el dólar australiano (AUD).,,Pendiente,
componentes/calendar-guide,calendar-guide,countryIndicators.australia.indicators[0].text,RBA Interest Rate Decision,Decisión de tipos de interés del RBA,,Pendiente,
componentes/calendar-guide,calendar-guide,countryIndicators.australia.indicators[0].url,/economic-calendar/event/97e8d83b-a333-4be6-8cf9-1f4fa9f9789d,/economic-calendar/event/rba-rate,,Pendiente,
componentes/calendar-guide,calendar-guide,countryIndicators.australia.indicators[1].text,Unemployment Rate,Tasa de desempleo,,Pendiente,
componentes/calendar-guide,calendar-guide,countryIndicators.australia.indicators[1].url,/economic-calendar/event/7bf5a806-92d7-4d18-95a4-e10c42b1eeba?timezoneOffset=0,/economic-calendar/event/unemployment-au,,Pendiente,
componentes/calendar-guide,calendar-guide,countryIndicators.australia.indicators[2].text,RBA Meeting Minutes,Minutas del RBA,,Pendiente,
componentes/calendar-guide,calendar-guide,countryIndicators.australia.indicators[2].url,/economic-calendar/event/b6476b88-c252-4746-b38d-295fcaf53ac0,/economic-calendar/event/rba-minutes,,Pendiente,
componentes/calendar-guide,calendar-guide,countryIndicators.australia.indicators[3].text,Consumer Price Index,Índice de Precios al Consumidor,,Pendiente,
componentes/calendar-guide,calendar-guide,countryIndicators.australia.indicators[3].url,/economic-calendar/event/3212eb85-8ef9-48b1-9950-9b3e6be49389?timezoneOffset=0,/economic-calendar/event/cpi-au,,Pendiente,
componentes/calendar-guide,calendar-guide,countryIndicators.australia.indicators[4].text,Gross Domestic Product,Producto Interior Bruto,,Pendiente,
componentes/calendar-guide,calendar-guide,countryIndicators.australia.indicators[4].url,/economic-calendar/event/ea62704e-57a4-4d22-856f-ad642047bdc7,/economic-calendar/event/gdp-au,,Pendiente,
componentes/calendar-guide,calendar-guide,countryIndicators.australia.linkPath,/economic-calendar/australia,/calendario-economico/australia,,Pendiente,
componentes/calendar-guide,calendar-guide,countryIndicators.australia.title,Australia – Economic indicators,Australia – Indicadores económicos,,Pendiente,
componentes/calendar-guide,calendar-guide,countryIndicators.canada.description1,"Canada is one of the world's strongest economies, mainly due to its natural resources, technology, and industrial sectors. It is also a part of international trade agreements, such as the United States-Mexico-Canada Agreement (USMCA) or the Comprehensive and Progressive Agreement for Trans-Pacific Partnership (CPTPP).","Canadá es una de las economías más sólidas del mundo, gracias a sus recursos naturales, tecnología y sectores industriales.",,Pendiente,
componentes/calendar-guide,calendar-guide,countryIndicators.canada.description2,"Among the events with the greatest impact are announcements from the Bank of Canada (BoC), which is currently chaired by Tiff Macklem. Some of the most relevant indicators of <link>Canada's Economic Calendar</link> include:","Entre los eventos de mayor impacto se encuentran los anuncios del Banco de Canadá (BoC), actualmente presidido por Tiff Macklem.",,Pendiente,
componentes/calendar-guide,calendar-guide,countryIndicators.canada.indicators[0].text,BoC Interest Rate Decision,Decisión de tipos de interés del BoC,,Pendiente,
componentes/calendar-guide,calendar-guide,countryIndicators.canada.indicators[0].url,/economic-calendar/event/7035bb7e-d65f-4e72-a0ba-f77baede0207?timezoneOffset%3D0,/economic-calendar/event/boc-rate,,Pendiente,
componentes/calendar-guide,calendar-guide,countryIndicators.canada.indicators[1].text,BoC Monetary Policy Report,Informe de Política Monetaria del BoC,,Pendiente,
componentes/calendar-guide,calendar-guide,countryIndicators.canada.indicators[1].url,/economic-calendar/event/92200d00-decb-4cf3-b868-b986096f3274,/economic-calendar/event/boc-mpr,,Pendiente,
componentes/calendar-guide,calendar-guide,countryIndicators.canada.indicators[2].text,Unemployment Rate,Tasa de desempleo,,Pendiente,
componentes/calendar-guide,calendar-guide,countryIndicators.canada.indicators[2].url,/economic-calendar/event/490c5492-6ace-4321-a078-64b949244b2e?timezoneOffset%3D0,/economic-calendar/event/unemployment-ca,,Pendiente,
componentes/calendar-guide,calendar-guide,countryIndicators.canada.indicators[3].text,Net Change in Employment,Variación neta del empleo,,Pendiente,
componentes/calendar-guide,calendar-guide,countryIndicators.canada.indicators[3].url,/economic-calendar/event/b2c3c097-b609-4385-bf44-f70089df1074,/economic-calendar/event/net-change-employment,,Pendiente,
componentes/calendar-guide,calendar-guide,countryIndicators.canada.indicators[4].text,Gross Domestic Product,Producto Interior Bruto,,Pendiente,
componentes/calendar-guide,calendar-guide,countryIndicators.canada.indicators[4].url,/economic-calendar/event/6102c587-1e49-4960-8daa-dbc61505ea69,/economic-calendar/event/gdp-ca,,Pendiente,
componentes/calendar-guide,calendar-guide,countryIndicators.canada.indicators[5].text,Consumer Price Index,Índice de Precios al Consumidor,,Pendiente,
componentes/calendar-guide,calendar-guide,countryIndicators.canada.indicators[5].url,/economic-calendar/event/8c8f1865-334c-4976-8754-76c1e3e3b99d,/economic-calendar/event/cpi-ca,,Pendiente,
componentes/calendar-guide,calendar-guide,countryIndicators.canada.linkPath,/economic-calendar/canada,/calendario-economico/canada,,Pendiente,
componentes/calendar-guide,calendar-guide,countryIndicators.canada.title,Canada – Economic indicators,Canadá – Indicadores económicos,,Pendiente,
componentes/calendar-guide,calendar-guide,countryIndicators.uk.description1,"The <link>United Kingdom</link> is the sixth-largest global economy, and its monetary policy is implemented by the Bank of England (BoE), whose Governor is Andrew Bailey. Its capital, London, is the second-largest financial center in the world, only behind New York.",El Reino Unido es la sexta mayor economía global y su política monetaria la ejecuta el Banco de Inglaterra (BoE).,,Pendiente,
componentes/calendar-guide,calendar-guide,countryIndicators.uk.description2,The performance of the UK economy can impact many markets as well as currencies beyond the Pound Sterling (GBP). Some of the most relevant indicators of the <link>United Kingdom Economic Calendar</link> include:,El desempeño de la economía británica puede impactar numerosos mercados y divisas más allá de la libra esterlina (GBP).,,Pendiente,
componentes/calendar-guide,calendar-guide,countryIndicators.uk.indicators[0].text,BoE Interest Rate Decision,Decisión de tipos de interés del BoE,,Pendiente,
componentes/calendar-guide,calendar-guide,countryIndicators.uk.indicators[0].url,/economic-calendar/event/9959649d-be62-47f5-bafa-ff2f474b9e13,/economic-calendar/event/boe-rate,,Pendiente,
componentes/calendar-guide,calendar-guide,countryIndicators.uk.indicators[1].text,Gross Domestic Product,Producto Interior Bruto,,Pendiente,
componentes/calendar-guide,calendar-guide,countryIndicators.uk.indicators[1].url,/economic-calendar/event/61b1d6bb-698e-41f7-8100-dc668c635c8b?timezoneOffset%3D0,/economic-calendar/event/gdp-uk,,Pendiente,
componentes/calendar-guide,calendar-guide,countryIndicators.uk.indicators[2].text,S&P Global/CIPS Services PMI,S&P Global/CIPS PMI de servicios,,Pendiente,
componentes/calendar-guide,calendar-guide,countryIndicators.uk.indicators[2].url,/economic-calendar/event/0fbc81b5-a029-4c0e-a5c7-9baf1fc47cd2?timezoneOffset%3D0,/economic-calendar/event/uk-services-pmi,,Pendiente,
componentes/calendar-guide,calendar-guide,countryIndicators.uk.indicators[3].text,Unemployment Rate,Tasa de desempleo,,Pendiente,
componentes/calendar-guide,calendar-guide,countryIndicators.uk.indicators[3].url,/economic-calendar/event/98bb2374-b9f9-46ae-93e3-9f7e8a4391c1,/economic-calendar/event/unemployment-uk,,Pendiente,
componentes/calendar-guide,calendar-guide,countryIndicators.uk.indicators[4].text,Industrial Production,Producción industrial,,Pendiente,
componentes/calendar-guide,calendar-guide,countryIndicators.uk.indicators[4].url,/economic-calendar/event/727dc859-0e7d-4209-8f28-70acb2ea2d61,/economic-calendar/event/industrial-production-uk,,Pendiente,
componentes/calendar-guide,calendar-guide,countryIndicators.uk.indicators[5].text,Consumer Price Index,Índice de Precios al Consumidor,,Pendiente,
componentes/calendar-guide,calendar-guide,countryIndicators.uk.indicators[5].url,/economic-calendar/event/3ac4e096-06c8-4981-b973-622269563b1f,/economic-calendar/event/cpi-uk,,Pendiente,
componentes/calendar-guide,calendar-guide,countryIndicators.uk.linkPath,/economic-calendar/united-kingdom,/calendario-economico/united-kingdom,,Pendiente,
componentes/calendar-guide,calendar-guide,countryIndicators.uk.linkPath2,/economic-calendar/united-kingdom,/calendario-economico/united-kingdom,,Pendiente,
componentes/calendar-guide,calendar-guide,countryIndicators.uk.title,United Kingdom – Economic indicators,Reino Unido – Indicadores económicos,,Pendiente,
componentes/calendar-guide,calendar-guide,countryIndicators.us.description1,"The <link>US economic calendar</link> is the most important one since the country is the world’s largest economy. The most important indicators mainly impact the price of the US Dollar (USD), but they also affect other markets and currencies.",El calendario económico de EE. UU. es el más importante ya que el país es la mayor economía del mundo.,,Pendiente,
componentes/calendar-guide,calendar-guide,countryIndicators.us.description2,"The organizations that publish the most meaningful indicators – The ones that carry the greatest impact in the markets – are the US Bureau of Labor Statistics (BLS), the US Bureau of Economic Analysis (BEA), the US Census Bureau and the Energy Information Administration (EIA). Of special interest are the Federal Reserve (Fed) interest-rate decisions.","Las organizaciones que publican los indicadores más relevantes – Aquellos con mayor impacto en los mercados – son la Oficina de Estadísticas Laborales (BLS), la Oficina de Análisis Económico (BEA), la Oficina del Censo y la Administración de Información Energética (EIA). De especial interés son las decisiones de tipos de la Reserva Federal (Fed).",,Pendiente,
componentes/calendar-guide,calendar-guide,countryIndicators.us.indicators[0].text,Fed Interest Rate Decision,Decisión de tipos de interés de la Fed,,Pendiente,
componentes/calendar-guide,calendar-guide,countryIndicators.us.indicators[0].url,/economic-calendar/event/fcfae951-09a7-449e-b6fe-525e1335aaba,/economic-calendar/event/fed-interest-rate,,Pendiente,
componentes/calendar-guide,calendar-guide,countryIndicators.us.indicators[1].text,FOMC Minutes,Minutas del FOMC,,Pendiente,
componentes/calendar-guide,calendar-guide,countryIndicators.us.indicators[1].url,/economic-calendar/event/e10a1f69-915d-44b1-ad1d-0b8edf7853f3,/economic-calendar/event/fomc-minutes,,Pendiente,
componentes/calendar-guide,calendar-guide,countryIndicators.us.indicators[2].text,Nonfarm Payrolls,Nóminas No Agrícolas,,Pendiente,
componentes/calendar-guide,calendar-guide,countryIndicators.us.indicators[2].url,/economic-calendar/event/9cdf56fd-99e4-4026-aa99-2b6c0ca92811,/economic-calendar/event/nfp,,Pendiente,
componentes/calendar-guide,calendar-guide,countryIndicators.us.indicators[3].text,ISM Services PMI,ISM de servicios PMI,,Pendiente,
componentes/calendar-guide,calendar-guide,countryIndicators.us.indicators[3].url,/economic-calendar/event/6c5853c1-a409-4722-bdea-17ad5d8a193f,/economic-calendar/event/ism-services,,Pendiente,
componentes/calendar-guide,calendar-guide,countryIndicators.us.indicators[4].text,Retail Sales Control Group,Ventas Minoristas - Grupo de Control,,Pendiente,
componentes/calendar-guide,calendar-guide,countryIndicators.us.indicators[4].url,/economic-calendar/event/a2a2843d-443a-480a-b83a-a8f0dd0c3f04,/economic-calendar/event/retail-sales-control,,Pendiente,
componentes/calendar-guide,calendar-guide,countryIndicators.us.indicators[5].text,Consumer Price Index,Índice de Precios al Consumidor,,Pendiente,
componentes/calendar-guide,calendar-guide,countryIndicators.us.indicators[5].url,/economic-calendar/event/6f846eaa-9a12-43ab-930d-f059069c6646,/economic-calendar/event/cpi-us,,Pendiente,
componentes/calendar-guide,calendar-guide,countryIndicators.us.linkPath,/economic-calendar/united-states,/calendario-economico/estados-unidos,,Pendiente,
componentes/calendar-guide,calendar-guide,countryIndicators.us.title,United States – Economic indicators,Estados Unidos – Indicadores económicos,,Pendiente,
componentes/calendar-guide,calendar-guide,howTo.filtering.description,"You might want to focus on some type of data and ignore the rest: less noise means more efficiency. Click on the filter button at the top of the economic calendar. You can type a keyword or select countries, dates range, event categories or impact levels. Then hit the ""Apply"" button. If you always need to see the same data when you come to our calendar, you can save your settings for the next visit! We said efficiency, right?","Es posible que desee centrarse en algún tipo de datos e ignorar el resto: cuanto menos ruido, más eficiencia. Haga clic en el botón de filtro en la parte superior del calendario económico. Puede introducir una palabra clave o seleccionar países, intervalo de fechas, categorías de evento o niveles de impacto. A continuación, haga clic en el botón ""Aplicar"". Si siempre necesita ver los mismos datos cuando llega a nuestro calendario, puede guardar sus ajustes para la próxima visita. Dijimos eficiencia, ¿no?",,Pendiente,
componentes/calendar-guide,calendar-guide,howTo.filtering.title,How to filter data?,¿Cómo filtrar datos?,,Pendiente,
componentes/calendar-guide,calendar-guide,howTo.gettingMore.description,"Apart from the data itself, FXStreet provides additional information. To get a full picture, click on the row of the event to open a dropdown box with more related content:","Además de los datos en sí, FXStreet proporciona información adicional. Para obtener una imagen completa, haga clic en la fila del evento para abrir un desplegable con más contenido relacionado:",,Pendiente,
componentes/calendar-guide,calendar-guide,howTo.gettingMore.features[0],"Editor's Notes (commentary and event previews from our editorial team, only included in the most important events)","Notas del editor (comentarios y previews de nuestro equipo editorial, solo incluidos en los eventos más importantes)",,Pendiente,
componentes/calendar-guide,calendar-guide,howTo.gettingMore.features[1],"Description of the event (what it is, who releases it, what it means for currencies)","Descripción del evento (qué es, quién lo publica, qué significa para las divisas)",,Pendiente,
componentes/calendar-guide,calendar-guide,howTo.gettingMore.features[2],Link to the official report (when the data has been released),Enlace al informe oficial (cuando se ha publicado el dato),,Pendiente,
componentes/calendar-guide,calendar-guide,howTo.gettingMore.features[3],Link to the Dashboard page (where you will be able to see and analyze the historical data of the event and several advanced calculations on how it has impacted several major currency pairs over the years),Enlace a la página del Dashboard (donde podrá ver y analizar los datos históricos del evento y varios cálculos avanzados sobre cómo ha impactado en varios pares de divisas principales a lo largo de los años),,Pendiente,
componentes/calendar-guide,calendar-guide,howTo.gettingMore.features[4],Related news surrounding the data release.,Noticias relacionadas con la publicación del dato.,,Pendiente,
componentes/calendar-guide,calendar-guide,howTo.gettingMore.title,How to get more info about the data?,¿Cómo obtener más información sobre los datos?,,Pendiente,
componentes/calendar-guide,calendar-guide,howTo.interpretation.actualConsensus.paragraphs[0],"<strong>Previous</strong> number: the data in its last release (frequency of data release is variable: it can be last month, last quarter, or simply a preliminary estimate).","<strong>Anterior</strong>: el dato en su última publicación (la frecuencia de publicación es variable: puede ser el mes pasado, el trimestre pasado o simplemente una estimación preliminar).",,Pendiente,
componentes/calendar-guide,calendar-guide,howTo.interpretation.actualConsensus.paragraphs[1],"<strong>Actual</strong> number: When the data comes out, it is immediately displayed at the right of the volatility indicator.","<strong>Real</strong>: Cuando se publica el dato, se muestra inmediatamente a la derecha del indicador de volatilidad.",,Pendiente,
componentes/calendar-guide,calendar-guide,howTo.interpretation.actualConsensus.paragraphs[2],"For most indicators, there is:","Para la mayoría de indicadores, hay:",,Pendiente,
componentes/calendar-guide,calendar-guide,howTo.interpretation.actualConsensus.paragraphs[3],<strong>Consensus</strong> number: What economists and market analysts expect before the release of the data.,<strong>Consenso</strong>: Lo que los economistas y analistas del mercado esperan antes de la publicación del dato.,,Pendiente,
componentes/calendar-guide,calendar-guide,howTo.interpretation.actualConsensus.paragraphs[4],<strong>Deviation</strong> ratio: The indicator is based on an FXStreet exclusive calculation that measures the surprise caused by an event when the Actual data differs from the Consensus. Its number usually oscillates in an open scale between -7 and +7.,<strong>Desviación</strong>: El indicador se basa en un cálculo exclusivo de FXStreet que mide la sorpresa causada por un evento cuando el dato Real difiere del Consenso. Su número suele oscilar en una escala abierta entre -7 y +7.,,Pendiente,
componentes/calendar-guide,calendar-guide,howTo.interpretation.actualConsensus.subtitle,"For all economic calendar indicators, there is:","Para todos los indicadores del calendario económico, hay:",,Pendiente,
componentes/calendar-guide,calendar-guide,howTo.interpretation.actualConsensus.title,"Actual, deviation, consensus and previous","Real, desviación, consenso y anterior",,Pendiente,
componentes/calendar-guide,calendar-guide,howTo.interpretation.currencies.description,"A flag icon indicates the country of the data release, and next to it, its currency. So you can quickly scan and see what currencies might be affected today or in some specific days.","Un icono de bandera indica el país de la publicación del dato y, junto a él, su moneda. De este modo, puede revisar rápidamente y ver qué divisas podrían verse afectadas hoy o en algunos días específicos.",,Pendiente,
componentes/calendar-guide,calendar-guide,howTo.interpretation.currencies.title,Currencies,Divisas,,Pendiente,
componentes/calendar-guide,calendar-guide,howTo.interpretation.timing.description,"All data are displayed in chronological order, divided by day. Released data are marked with a tick (✓) under the ""time left"" column. A light grey horizontal line shows you where we stand at the moment and below that line go all upcoming data. Time left before next release is indicated so you quickly grasp when this is coming. When a new data is released, the calendar page is automatically refreshed so you do not miss it. If you want, you can enable a sound notification for all releases.","Todos los datos se muestran en orden cronológico, divididos por día. Los datos publicados se marcan con un tick (✓) en la columna ""Tiempo restante"". Una línea horizontal gris claro le muestra dónde estamos en este momento y debajo de esa línea se encuentran todos los próximos datos. El tiempo que queda antes de la próxima publicación está indicado, así que rápidamente puede apreciarse cuándo un evento está por salir. Cuando se publica un nuevo dato, la página del calendario se actualiza automáticamente para que pueda verlo. Si lo desea, puede habilitar un aviso de sonido para todas las publicaciones.",,Pendiente,
componentes/calendar-guide,calendar-guide,howTo.interpretation.timing.title,Timing,Cronología,,Pendiente,
componentes/calendar-guide,calendar-guide,howTo.interpretation.volatility.description,"Abbreviated as ""Vol."" in the economic calendar and represented with yellow/orange/red bars, volatility is an indicator of the expected impact of the data on currencies. If a bar is red and long, market watchers expect this data to have a high probability of moving the Forex market. If this bar is yellow and short, the probability is considered low. In orange, we are in the middle.","Abreviado como ""Vol."" en el calendario económico y representado con barras amarillas/naranjas/rojas, la volatilidad es un indicador del impacto esperado de los datos sobre las divisas. Si una barra es roja y larga, los observadores del mercado esperan que estos datos tengan una gran probabilidad de mover el mercado Forex. Si esta barra es amarilla y corta, la probabilidad se considera baja. En naranja, estamos en medio.",,Pendiente,
componentes/calendar-guide,calendar-guide,howTo.interpretation.volatility.title,Impact,Impacto,,Pendiente,
componentes/calendar-guide,calendar-guide,howTo.title,How to read it?,¿Cómo interpretarlo?,,Pendiente,
componentes/calendar-guide,calendar-guide,relatedEvents.leftColumn[0].text,EIA Crude Oil Stocks change,Reservas de petróleo crudo EIA,,Pendiente,
componentes/calendar-guide,calendar-guide,relatedEvents.leftColumn[0].url,/economic-calendar/event/8d7aa189-8c90-45a1-a5ee-82d480271b8f,/calendario-economico/event/8d7aa189-8c90-45a1-a5ee-82d480271b8f,,Pendiente,
componentes/calendar-guide,calendar-guide,relatedEvents.leftColumn[1].text,Nonfarm Payrolls,Nóminas No agrícolas,,Pendiente,
componentes/calendar-guide,calendar-guide,relatedEvents.leftColumn[1].url,/economic-calendar/event/9cdf56fd-99e4-4026-aa99-2b6c0ca92811,/calendario-economico/event/9cdf56fd-99e4-4026-aa99-2b6c0ca92811,,Pendiente,
componentes/calendar-guide,calendar-guide,relatedEvents.leftColumn[2].text,Fed Interest Rate Decision,Decisión de tipos de interés de la FED,,Pendiente,
componentes/calendar-guide,calendar-guide,relatedEvents.leftColumn[2].url,/economic-calendar/event/fcfae951-09a7-449e-b6fe-525e1335aaba,/calendario-economico/event/9cdf56fd-99e4-4026-aa99-2b6c0ca92811,,Pendiente,
componentes/calendar-guide,calendar-guide,relatedEvents.leftColumn[3].text,FOMC Minutes,Minutas de la reunión de la FOMC,,Pendiente,
componentes/calendar-guide,calendar-guide,relatedEvents.leftColumn[3].url,/macroeconomics/central-banks/fed,/macroeconomics/central-banks/fed,,Pendiente,
componentes/calendar-guide,calendar-guide,relatedEvents.leftColumn[4].text,ECB’s President Lagarde Speech,Discurso de la Presidenta del BCE Christine Lagarde,,Pendiente,
componentes/calendar-guide,calendar-guide,relatedEvents.leftColumn[4].url,/economic-calendar/event/9dd4293c-754b-4956-a244-7b49bea538a2,/macroeconomics/central-banks/ecb,,Pendiente,
componentes/calendar-guide,calendar-guide,relatedEvents.leftColumn[5].text,BOE's Governor Bailey Speech,Discurso del Presidente del BoE Andrew Bailey,,Pendiente,
componentes/calendar-guide,calendar-guide,relatedEvents.leftColumn[5].url,/economic-calendar/event/b2c1347b-b57c-4800-bdb6-8bdc627f4e30,/macroeconomics/central-banks/boe,,Pendiente,
componentes/calendar-guide,calendar-guide,relatedEvents.rightColumn[0].text,ECB Interest Rate Decision,Decisión de tipos de interés del BCE,,Pendiente,
componentes/calendar-guide,calendar-guide,relatedEvents.rightColumn[0].url,/economic-calendar/event/8beb52bf-2294-407c-b979-8e383584a233,/calendario-economico/event/0e5bd840-1d57-484f-8d30-567bb6332f38,,Pendiente,
componentes/calendar-guide,calendar-guide,relatedEvents.rightColumn[1].text,BoJ Interest Rate Decision,Decisión sobre tipos de interés del BOJ,,Pendiente,
componentes/calendar-guide,calendar-guide,relatedEvents.rightColumn[1].url,/economic-calendar/event/8b3a0864-3ad8-4510-88a5-acaf0dc44ce0,/calendario-economico/event/8b3a0864-3ad8-4510-88a5-acaf0dc44ce0,,Pendiente,
componentes/calendar-guide,calendar-guide,relatedEvents.rightColumn[2].text,BoE Interest Rate Decision,Decisión sobre tipos de interés del BOE,,Pendiente,
componentes/calendar-guide,calendar-guide,relatedEvents.rightColumn[2].url,/economic-calendar/event/9959649d-be62-47f5-bafa-ff2f474b9e13,/calendario-economico/event/9959649d-be62-47f5-bafa-ff2f474b9e13,,Pendiente,
componentes/calendar-guide,calendar-guide,relatedEvents.rightColumn[3].text,BoJ’s Governor Ueda Speech,"Declaraciones del Gobernador del BoJ, Kazuo Ueda",,Pendiente,
componentes/calendar-guide,calendar-guide,relatedEvents.rightColumn[3].url,/economic-calendar/event/f43e2f79-c8bf-4566-ae97-bf3ba0048afb,/macroeconomics/central-banks/boj,,Pendiente,
componentes/calendar-guide,calendar-guide,relatedEvents.rightColumn[4].text,API Weekly Crude Oil Stock,Inventarios semanales petróleo API,,Pendiente,
componentes/calendar-guide,calendar-guide,relatedEvents.rightColumn[4].url,/economic-calendar/event/bcf389bd-5fe2-4bd1-b1e0-d0b3910ba944,/calendario-economico/event/bcf389bd-5fe2-4bd1-b1e0-d0b3910ba944,,Pendiente,
componentes/calendar-guide,calendar-guide,relatedEvents.title,Related economic events,Eventos económicos relacionados,,Pendiente,
componentes/calendar-guide,calendar-guide,speechTracker.bullets[0],"<strong>Dovish</strong> speeches are usually: USD bearish, Gold bullish, Stocks bullish.","<strong>Los discursos dovish</strong> suelen ser: USD bajista, Oro alcista, Acciones alcistas.",,Pendiente,
componentes/calendar-guide,calendar-guide,speechTracker.bullets[1],<strong>Neutral</strong> speeches generally have no impact on the USD or other assets.,Los discursos <strong>neutros</strong> generalmente no tienen impacto en el USD u otros activos.,,Pendiente,
componentes/calendar-guide,calendar-guide,speechTracker.bullets[2],"<strong>Hawkish</strong> speeches are usually: USD bullish, Gold bearish, Stocks bearish.","<strong>Los discursos hawkish</strong> suelen ser: USD alcista, Oro bajista, Acciones bajistas.",,Pendiente,
componentes/calendar-guide,calendar-guide,speechTracker.description1,"A score of 0.0-3.9 is dovish, 4.0-6.0 is neutral and 6.1-10 is hawkish.","Una puntuación de 0,0-3,9 es dovish, 4,0-6,0 es neutral y 6,1-10 es hawkish.",,Pendiente,
componentes/calendar-guide,calendar-guide,speechTracker.description2,"Financial markets are highly sensitive to expected changes in interest rates by the <link>Federal Reserve</link> (Fed). When decision-makers at the Fed signal the path of interest is lower, their speech is dovish. Indications of higher interest rates are hawkish.","Los mercados financieros son muy sensibles a los cambios previstos en los tipos de interés de la <link>Reserva Federal</link> (Fed). Cuando los responsables de la Fed señalan que los tipos tenderán a la baja, su discurso se considera dovish. Las indicaciones de subidas de tipos son hawkish.",,Pendiente,
componentes/calendar-guide,calendar-guide,speechTracker.faq.fedSpeakersDescription,"Markets are always adjusting to the Federal Open Market Committee (FOMC) future interest rate projections. There are 17 FOMC board members, but only 12 of them actually vote on the FOMC meetings, held eight times a year.","Los mercados siempre se ajustan a las proyecciones futuras de tipos de la FOMC. Hay 17 miembros del FOMC, pero solo 12 votan en las reuniones, que se celebran ocho veces al año.",,Pendiente,
componentes/calendar-guide,calendar-guide,speechTracker.faq.fedSpeakersTitle,Who are the Fed speakers?,¿Quiénes son los oradores de la Fed?,,Pendiente,
componentes/calendar-guide,calendar-guide,speechTracker.faq.howWorksDescription,We have developed a custom AI model that analyzes all the relevant speeches by the FOMC members and rates them on a dove-hawk scale. This allows us to provide traders with real-time notifications on how each word of Fedspeak impacts the US Dollar.,Hemos desarrollado un modelo de IA propio que analiza en tiempo real los discursos relevantes de los miembros de la FOMC y los califica en una escala dovish-hawkish. Esto nos permite ofrecer notificaciones en tiempo real sobre cómo cada palabra de las declaraciones de la Fed impacta al dólar estadounidense.,,Pendiente,
componentes/calendar-guide,calendar-guide,speechTracker.faq.howWorksTitle,How does it work?,¿Cómo funciona?,,Pendiente,
componentes/calendar-guide,calendar-guide,speechTracker.faq.whyNoScoreDescription,"Sometimes, central bankers are scheduled to make public appearances but they do not talk about monetary policy, failing to make any impact on markets. When this happens, the result of the speech in our Economic Calendar will be N/A.","Algunas veces los banqueros centrales aparecen en público pero no hablan de política monetaria, sin hacer impacto en los mercados. Cuando esto sucede, el resultado del discurso en nuestro Calendario Económico será N/A.",,Pendiente,
componentes/calendar-guide,calendar-guide,speechTracker.faq.whyNoScoreTitle,Why is there no Sentiment/Score in this speech?,¿Por qué este discurso no tiene Sentimiento/Puntuación?,,Pendiente,
componentes/calendar-guide,calendar-guide,speechTracker.linkPath,/macroeconomics/central-banks/fed,/macroeconomics/central-banks/fed,,Pendiente,
componentes/calendar-guide,calendar-guide,speechTracker.title,Speech tracker,Seguimiento de discursos,,Pendiente,
componentes/calendar-guide,calendar-guide,title,Calendar Guide,Guía del Calendario,,Pendiente,
componentes/calendar-guide,calendar-guide,tradingAdvice.description1,Big news events can – and often do – cause big swings with a single movement going several percent in one direction.,Los grandes eventos noticiables pueden –y a menudo lo hacen– causar grandes oscilaciones con un solo movimiento que puede ir varios puntos porcentuales en una dirección.,,Pendiente,
componentes/calendar-guide,calendar-guide,tradingAdvice.description2,"To know the events and releases better and learn different aspects that can influence or improve your trading, we collected some of the best <link>educational articles, reports and videos about news trading</link>.","Para conocer mejor los eventos y publicaciones y aprender diferentes aspectos que pueden influir o mejorar sus operaciones, hemos recopilado algunos de los mejores <link>artículos educativos, informes y vídeos sobre operar noticias</link>.",,Pendiente,
componentes/calendar-guide,calendar-guide,tradingAdvice.linkPath,/education,/educacion,,Pendiente,
componentes/calendar-guide,calendar-guide,tradingAdvice.title,Trading economic event: experts advice,Operando datos económicos: el consejo de los expertos,,Pendiente,
componentes/calendar-guide,calendar-guide,whatIs.description,FXStreet's real-time Economic Calendar covers economic events and indicators from all over the world with:,El Calendario Económico en tiempo real de FXStreet cubre eventos económicos e indicadores de todo el mundo con:,,Pendiente,
componentes/calendar-guide,calendar-guide,whatIs.features[0],"2 ,000+ events from more than 40 countries",Más de 2000 eventos de más de 40 países,,Pendiente,
componentes/calendar-guide,calendar-guide,whatIs.features[1],Data appears automatically once it is released,Actualización automática cuando se publican los datos,,Pendiente,
componentes/calendar-guide,calendar-guide,whatIs.features[10],FXStreet's own Speech Tracker,Speech Tracker exclusivo de FXStreet,,Pendiente,
componentes/calendar-guide,calendar-guide,whatIs.features[2],Countdown,Cuenta atrás,,Pendiente,
componentes/calendar-guide,calendar-guide,whatIs.features[3],Customizable local time,Hora local configurable,,Pendiente,
componentes/calendar-guide,calendar-guide,whatIs.features[4],Notifications,Notificaciones,,Pendiente,
componentes/calendar-guide,calendar-guide,whatIs.features[5],Mobile-friendly,Adaptable a móvil,,Pendiente,
componentes/calendar-guide,calendar-guide,whatIs.features[6],Historical graphs,Gráficos históricos,,Pendiente,
componentes/calendar-guide,calendar-guide,whatIs.features[7],Related news and reports,Noticias e informes relacionados,,Pendiente,
componentes/calendar-guide,calendar-guide,whatIs.features[8],"Filters (by country, date, event category, volatility impact or keyword)","Filtro (por país, fecha, categoría de evento, impacto de volatilidad o palabra clave)",,Pendiente,
componentes/calendar-guide,calendar-guide,whatIs.features[9],Speeches from the main central bank speakers,Discursos de los principales portavoces de los bancos centrales,,Pendiente,
componentes/calendar-guide,calendar-guide,whatIs.title,What is the Economic Calendar?,¿Qué es el Calendario Económico?,,Pendiente,
componentes/calendar-guide,calendar-guide,whyUse.fundamental.description1,"To trade Forex through fundamental analysis, you have to check how economies over the world are doing based on their macroeconomics data (such as GDP, employment, consumption data, inflation…), watching closely the countries of the currencies you are trading the most.","Para operar en Forex a través del análisis fundamental, debe comprobar cómo van las economías de todo el mundo basándose en sus datos macroeconómicos (como el PIB, el empleo, los datos de consumo, la inflación…), observando de cerca los países de las divisas que más opera.",,Pendiente,
componentes/calendar-guide,calendar-guide,whyUse.fundamental.description2,"Our economic calendar is your companion, a tab that is always opened on your computer.","Nuestro calendario económico es su acompañante, una pestaña que siempre está abierta en su ordenador.",,Pendiente,
componentes/calendar-guide,calendar-guide,whyUse.fundamental.title,"If you are a fundamental or a news trader, it's a must","Si usted es un operador fundamental o de noticias, es imprescindible",,Pendiente,
componentes/calendar-guide,calendar-guide,whyUse.reliable.description1,"FXStreet Economic Calendar is the most complete, accurate and timely tool in the Forex market. There is a dedicated team of economists and journalists who update all the data 24 hours a day, five days a week.","El Calendario Económico de FXStreet es la herramienta más completa, precisa y puntual del mercado Forex. Contamos con un equipo dedicado de economistas y periodistas que actualizan todos los datos las 24 horas del día, cinco días a la semana.",,Pendiente,
componentes/calendar-guide,calendar-guide,whyUse.reliable.description2,"Many brokers and market makers offer FXStreet's calendar to their clients as a tool to trade. This is proof that it's a trusted, respected, and widely used tool.","Muchos brokers y creadores de mercado ofrecen el calendario de FXStreet a sus clientes como herramienta para operar. Esto demuestra que es una herramienta de confianza, respetada y ampliamente utilizada.",,Pendiente,
componentes/calendar-guide,calendar-guide,whyUse.reliable.title,It's reliable. You can trust it,Es fiable. Puedes confiar en él,,Pendiente,
componentes/calendar-guide,calendar-guide,whyUse.title,Why should I use it?,¿Por qué debería usarlo?,,Pendiente,
componentes/calendar-guide,calendar-guide,whyUse.useful.description,Avoid bad surprises: you can check when high volatility data are expected to be released in order to better manage your trades.,Evite malas sorpresas: puede comprobar cuándo se espera que se publiquen los datos de alta volatilidad para gestionar mejor sus operaciones.,,Pendiente,
componentes/calendar-guide,calendar-guide,whyUse.useful.title,"If you do not care about macroeconomics when trading, it's still a useful tool","Si no le importa la macroeconomía en el trading, sigue siendo una herramienta útil",,Pendiente,
componentes/cashback-widget,cashback-widget,averagePositionSize,Average Position Size,Tama?o medio de la posici?n,,Pendiente,
componentes/cashback-widget,cashback-widget,day,day,d?a,,Pendiente,
componentes/cashback-widget,cashback-widget,disclaimer,The total shown reflects the highest cashback rebate from the broker.,El total mostrado refleja el mayor reembolso de cashback del br?ker.,,Pendiente,
componentes/cashback-widget,cashback-widget,estimatedSavings,Estimated Savings: *,Ahorro estimado: *,,Pendiente,
componentes/cashback-widget,cashback-widget,selectYourBroker,Select your broker *,Selecciona tu br?ker *,,Pendiente,
componentes/cashback-widget,cashback-widget,startNow,Start Now,Empezar ahora,,Pendiente,
componentes/cashback-widget,cashback-widget,title,Join FXStreet Cashback. Turn your trades into savings.,?nete a FXStreet Cashback. Convierte tus operaciones en ahorro.,,Pendiente,
componentes/cashback-widget,cashback-widget,tradesPerDay,Trades per Day,Operaciones por d?a,,Pendiente,
componentes/cashback-widget,cashback-widget,viewCompatibleBrokers,View compatible brokers,Ver br?kers compatibles,,Pendiente,
componentes/cashback-widget,cashback-widget,viewRecommendedBrokers,View recommended brokers,Ver br?kers recomendados,,Pendiente,
componentes/economic-calendar,economic-calendar,calendarShort.actual,Actual,Real,,Pendiente,
componentes/economic-calendar,economic-calendar,calendarShort.actualShort,Act:,Real:,,Pendiente,
componentes/economic-calendar,economic-calendar,calendarShort.consensus,Consensus,Consenso,,Pendiente,
componentes/economic-calendar,economic-calendar,calendarShort.consensusShort,Cons:,Cons:,,Pendiente,
componentes/economic-calendar,economic-calendar,calendarShort.event,Event,Evento,,Pendiente,
componentes/economic-calendar,economic-calendar,calendarShort.impact,Impact,Impacto,,Pendiente,
componentes/economic-calendar,economic-calendar,calendarShort.impactLevel.HIGH,High impact,Impacto alto,,Pendiente,
componentes/economic-calendar,economic-calendar,calendarShort.impactLevel.LOW,Low impact,Impacto bajo,,Pendiente,
componentes/economic-calendar,economic-calendar,calendarShort.impactLevel.MEDIUM,Medium impact,Impacto medio,,Pendiente,
componentes/economic-calendar,economic-calendar,calendarShort.impactLevel.NONE,No expected impact,Sin impacto esperado,,Pendiente,
componentes/economic-calendar,economic-calendar,calendarShort.indicator,Indicator,Indicador,,Pendiente,
componentes/economic-calendar,economic-calendar,calendarShort.na,-,-,,Pendiente,
componentes/economic-calendar,economic-calendar,calendarShort.previous,Previous,Previo,,Pendiente,
componentes/economic-calendar,economic-calendar,calendarShort.previousShort,Prev:,Prev:,,Pendiente,
componentes/economic-calendar,economic-calendar,calendarShort.time,Time,Hora,,Pendiente,
componentes/economic-calendar,economic-calendar,countryDescription,Track key macroeconomic releases and indicators for {country} in real time with FXStreet's Economic Calendar.,Sigue en tiempo real los principales datos macroeconómicos e indicadores de {country} con el Calendario Económico de FXStreet.,,Pendiente,
componentes/economic-calendar,economic-calendar,countryTitle,{country} Economic Calendar,Calendario económico de {country},,Pendiente,
componentes/economic-calendar,economic-calendar,listings.analysis,Economic indicator analysis,Análisis de indicadores económicos,,Pendiente,
componentes/economic-calendar,economic-calendar,listings.news,Economic indicator news,Noticias sobre indicadores económicos,,Pendiente,
componentes/economic-calendar,economic-calendar,nextEventCard.actual,Actual,Actual,,Pendiente,
componentes/economic-calendar,economic-calendar,nextEventCard.consensus,Consensus,Consenso,,Pendiente,
componentes/economic-calendar,economic-calendar,nextEventCard.currentEvent,Current Event,Evento actual,,Pendiente,
componentes/economic-calendar,economic-calendar,nextEventCard.currentRelease,Current Release,Publicación actual,,Pendiente,
componentes/economic-calendar,economic-calendar,nextEventCard.days,Days,Días,,Pendiente,
componentes/economic-calendar,economic-calendar,nextEventCard.hours,Hours,Horas,,Pendiente,
componentes/economic-calendar,economic-calendar,nextEventCard.lastRelease,Last Release,Última publicación,,Pendiente,
componentes/economic-calendar,economic-calendar,nextEventCard.minute,Min,Min,,Pendiente,
componentes/economic-calendar,economic-calendar,nextEventCard.na,n/a,n/d,,Pendiente,
componentes/economic-calendar,economic-calendar,nextEventCard.nextRelease,Next Release,Próxima publicación,,Pendiente,
componentes/economic-calendar,economic-calendar,nextEventCard.previous,Previous,Anterior,,Pendiente,
componentes/economic-calendar,economic-calendar,nextEventCard.revisedFrom,Revised from {value},Revisado desde {value},,Pendiente,
componentes/economic-calendar,economic-calendar,nextEventCard.second,Sec,Seg,,Pendiente,
componentes/economic-calendar,economic-calendar,seo.description,The Economic Calendar covers the most important economic events in the world in real time. Follow the latest news on the indicators that move the market.,El Calendario Económico cubre en tiempo real los eventos económicos más importantes del mundo. Sigue la actualidad de los indicadores que mueven el mercado.,,Pendiente,
componentes/economic-calendar,economic-calendar,seo.title,Economic Calendar - FXStreet,Calendario Económico - FXStreet,,Pendiente,
componentes/economic-calendar,economic-calendar,title,Economic Calendar,Calendario Económico,,Pendiente,
componentes/economic-calendar,economic-calendar,widgetMini.seeAllEvents,See all events,Ver todos los eventos,,Pendiente,
componentes/economic-calendar,economic-calendar,widgetMini.title,High impact events,Eventos de alto impacto,,Pendiente,
componentes/fed-sentiment-index,fed-sentiment-index,article.decipheringFedQuote,"Forward guidance is a tool that central banks use to tell the public about the likely future course of monetary policy. When central banks provide forward guidance, individuals and businesses can use this information in making decisions about spending and investments. Thus, forward guidance about future policy can influence financial and economic conditions today.","La orientación adelantada es una herramienta que los bancos centrales utilizan para informar al público sobre el probable rumbo futuro de la política monetaria. Cuando los bancos centrales proporcionan orientación adelantada, las personas y las empresas pueden usar esta información para tomar decisiones sobre gasto e inversión. Así, la orientación adelantada sobre la política futura puede influir en las condiciones financieras y económicas actuales.",,Pendiente,
componentes/fed-sentiment-index,fed-sentiment-index,article.decipheringP1,"There are many factors that impact asset valuations, such as macroeconomic data releases, geopolitical developments, and political headlines. Nevertheless, one of the arguably most closely watched market drivers is Fedspeak – a form of forward guidance that contains official and alternative communications by the Federal Reserve (Fed) officials.","Hay muchos factores que impactan la valoración de los activos, como las publicaciones de datos macroeconómicos, los desarrollos geopolíticos y los titulares políticos. No obstante, uno de los motores del mercado más seguidos es el llamado Fedspeak: una forma de orientación adelantada que incluye comunicaciones oficiales y alternativas de los responsables de la Reserva Federal (Fed).",,Pendiente,
componentes/fed-sentiment-index,fed-sentiment-index,article.decipheringP2,"In the recently updated FAQ section of its official website, the Fed explains:","En la sección de FAQ recientemente actualizada de su sitio web oficial, la Fed explica:",,Pendiente,
componentes/fed-sentiment-index,fed-sentiment-index,article.decipheringP3,"The Fed has two mandates: Achieving maximum employment and promoting stable prices. The Fed doesn't take asset prices into consideration when setting its monetary policy. That, however, doesn't change the fact that monetary policy decisions and comments on the outlook have a significant impact on financial markets.","La Fed tiene dos mandatos: lograr el máximo empleo y promover precios estables. La Fed no tiene en cuenta los precios de los activos al fijar su política monetaria. Sin embargo, eso no cambia el hecho de que las decisiones de política monetaria y los comentarios sobre las perspectivas tienen un impacto significativo en los mercados financieros.",,Pendiente,
componentes/fed-sentiment-index,fed-sentiment-index,article.decipheringTitle,Deciphering Fedspeak: Why it is crucial to understand monetary policy shifts,Descifrar el lenguaje de la Fed: por qué es crucial entender los cambios de política monetaria,,Pendiente,
componentes/fed-sentiment-index,fed-sentiment-index,article.figureEcocalAlt,Speech Tracker scores on FXStreet Economic Calendar,Puntuaciones del Speech Tracker en el Calendario económico de FXStreet,,Pendiente,
componentes/fed-sentiment-index,fed-sentiment-index,article.figureEcocalCaption,Speech Tracker scores on FXStreet Economic Calendar,Puntuaciones del Speech Tracker en el Calendario económico de FXStreet,,Pendiente,
componentes/fed-sentiment-index,fed-sentiment-index,article.figureFedFundsAlt,Fed funds rate (2020-2025),Tipo de fondos federales (2020-2025),,Pendiente,
componentes/fed-sentiment-index,fed-sentiment-index,article.figureFedFundsCaption,Fed funds rate (2020-2025),Tipo de fondos federales (2020-2025),,Pendiente,
componentes/fed-sentiment-index,fed-sentiment-index,article.figureHowToAlt,How to use FXStreet Fed Sentiment Index,Cómo usar el FXStreet Fed Sentiment Index,,Pendiente,
componentes/fed-sentiment-index,fed-sentiment-index,article.figureHowToCaption,How to use FXStreet Fed Sentiment Index,Cómo usar el FXStreet Fed Sentiment Index,,Pendiente,
componentes/fed-sentiment-index,fed-sentiment-index,article.figureIndex2Alt,FXStreet Fed Sentiment Index (March 2024 - January 2025),FXStreet Fed Sentiment Index (marzo 2024 - enero 2025),,Pendiente,
componentes/fed-sentiment-index,fed-sentiment-index,article.figureIndex2Caption,FXStreet Fed Sentiment Index (March 2024 - January 2025),FXStreet Fed Sentiment Index (marzo 2024 - enero 2025),,Pendiente,
componentes/fed-sentiment-index,fed-sentiment-index,article.h1,Fed Sentiment Index,Fed Sentiment Index,,Pendiente,
componentes/fed-sentiment-index,fed-sentiment-index,article.h2Lead,Tracking Fedspeak changes to find a trading edge,Seguimiento del cambio en el lenguaje de la Fed para encontrar ventaja de trading,,Pendiente,
componentes/fed-sentiment-index,fed-sentiment-index,article.howToBody,"FXStreet Fed Sentiment Index can be used exclusively on <link>FXStreet charts</link>. After clicking on the ""Indicators"" button on the top pane, the user can search for the index and add it to the chart.","El FXStreet Fed Sentiment Index puede usarse exclusivamente en los <link>gráficos de FXStreet</link>. Tras pulsar el botón «Indicators» en la franja superior, el usuario puede buscar el índice y añadirlo al gráfico.",,Pendiente,
componentes/fed-sentiment-index,fed-sentiment-index,article.howToTitle,How to use FXStreet Fed Sentiment Index,Cómo usar el FXStreet Fed Sentiment Index,,Pendiente,
componentes/fed-sentiment-index,fed-sentiment-index,article.intro,"One of the biggest and most relevant challenges forex traders face is translating monetary policy adjustments into actionable trading insights. In our commitment to finding actionable insights to help retail traders in their journey, FXStreet is trying to help solve this difficult exercise with a newly minted tool: <strong>the FXStreet Fed Sentiment Index.</strong> Users now can use our live charts and add 'FXS Fed Sentiment Index' as an indicator.","Uno de los mayores y más relevantes retos a los que se enfrentan los traders de forex es traducir los ajustes de política monetaria en ideas de trading accionables. En nuestro compromiso por encontrar ideas accionables que ayuden a los traders minoristas en su camino, FXStreet intenta ayudar a resolver este difícil ejercicio con una herramienta recién creada: <strong>el FXStreet Fed Sentiment Index.</strong> Los usuarios ya pueden usar nuestros gráficos en vivo y añadir el indicador «FXS Fed Sentiment Index».",,Pendiente,
componentes/fed-sentiment-index,fed-sentiment-index,article.introducingP1,The next step in our quest to provide the best tool to help traders assess the effect of the Fed's language on financial markets was to use Speech Tracker scores to calculate an aggregate index that paints a clear picture of how the sentiment changes over time: FXStreet Fed Sentiment Index.,El siguiente paso en nuestra búsqueda de la mejor herramienta para ayudar a los traders a evaluar el efecto del lenguaje de la Fed en los mercados financieros fue usar las puntuaciones del Speech Tracker para calcular un índice agregado que dibuje una imagen clara de cómo cambia el sentimiento con el tiempo: el FXStreet Fed Sentiment Index.,,Pendiente,
componentes/fed-sentiment-index,fed-sentiment-index,article.introducingP2,"FXStreet Fed Sentiment Index presents the Fed's tone as a single value, taking into consideration comments from all voting and non-voting members of the FOMC in TV appearances, conferences, interviews, as well as the Fed's official written communications and more.","El FXStreet Fed Sentiment Index presenta el tono de la Fed como un único valor, teniendo en cuenta comentarios de todos los miembros votantes y no votantes del FOMC en apariciones en TV, conferencias, entrevistas, así como las comunicaciones escritas oficiales de la Fed y más.",,Pendiente,
componentes/fed-sentiment-index,fed-sentiment-index,article.introducingP3,"A value of 100 represents a neutral tone. An increasing value above 100 points to a hawkish tilt in the Fed's language, while a decreasing value below 100 suggests a dovish change in sentiment. The highest the index is, the most hawkish FOMC speakers are sounding ahead of the next monetary policy meeting and vice versa, lower levels suggest dovish shifts in the future Fed policy stance.","Un valor de 100 representa un tono neutro. Un valor creciente por encima de 100 apunta a un sesgo más halcon del lenguaje de la Fed, mientras que un valor decreciente por debajo de 100 sugiere un cambio más paloma del sentimiento. Cuanto más alto es el índice, más halcones suenan los oradores del FOMC de cara a la próxima reunión de política monetaria y, a la inversa, niveles más bajos sugieren cambios paloma en la postura futura de la Fed.",,Pendiente,
componentes/fed-sentiment-index,fed-sentiment-index,article.introducingP4,"FXStreet Fed Sentiment Index is adjusted every time a Fed policymaker delivers comments on the policy outlook. While our Speech Tracker provides valuable insights into possible short-term reactions to individual FOMC speeches, our Fed Sentiment Index aims to explain how markets perceive the Fed language in its totality, over a longer period of time. Hence, its value cannot be understated with regard to spotting changes in USD-related asset price patterns, assessing inter-market correlations, and identifying divergences between near-term market reactions and long-term trends.","El FXStreet Fed Sentiment Index se ajusta cada vez que un responsable de la Fed ofrece comentarios sobre las perspectivas de política. Mientras que nuestro Speech Tracker aporta ideas valiosas sobre posibles reacciones a corto plazo a discursos individuales del FOMC, nuestro Fed Sentiment Index pretende explicar cómo los mercados perciben el lenguaje de la Fed en su conjunto, durante un periodo más largo. Por tanto, su valor es clave para detectar cambios en patrones de precios ligados al USD, evaluar correlaciones entre mercados e identificar divergencias entre reacciones de mercado a corto plazo y tendencias a largo plazo.",,Pendiente,
componentes/fed-sentiment-index,fed-sentiment-index,article.introducingTitle,Introducing FXStreet Fed Sentiment Index,Presentamos el FXStreet Fed Sentiment Index,,Pendiente,
componentes/fed-sentiment-index,fed-sentiment-index,article.performanceP1,"FXStreet Fed Sentiment Index starts with our Speech Tracker launch after the FOMC meeting in March. Back then, interest rate cuts were being delayed as inflation readings were still lingering above 3%. The index held near 120 until mid-May, when the Fedspeak started turning dovish. Even if the rate cuts did not materialize until the September meeting, the Fed Sentiment Index was already showing signs of a dovish tilt in the Fed language.","El FXStreet Fed Sentiment Index arranca con el lanzamiento de nuestro Speech Tracker tras la reunión del FOMC en marzo. Entonces, los recortes de tipos se retrasaban porque la inflación seguía por encima del 3%. El índice se mantuvo cerca de 120 hasta mediados de mayo, cuando el Fedspeak empezó a volverse más paloma. Aunque los recortes no se materializaron hasta la reunión de septiembre, el Fed Sentiment Index ya mostraba signos de sesgo paloma en el lenguaje de la Fed.",,Pendiente,
componentes/fed-sentiment-index,fed-sentiment-index,article.performanceP2,"The downtrend continued for one more month, while the Fed materialized a second rate cut at its early November meeting, but it has completely turned around since the US election.","La tendencia a la baja continuó un mes más, mientras la Fed materializó un segundo recorte en su reunión de principios de noviembre, pero ha dado un vuelco completo desde las elecciones estadounidenses.",,Pendiente,
componentes/fed-sentiment-index,fed-sentiment-index,article.performanceP3,"Donald Trump's clear victory, and his well-known intentions to use tariffs and tax cuts, which could trigger new legs of inflation, have seemingly affected how FOMC members perceive future monetary policy. As a result, the index turned hawkish to begin the new year.","La clara victoria de Donald Trump, y sus conocidas intenciones de usar aranceles y recortes fiscales, que podrían disparar nuevas oleadas de inflación, parecen haber influido en cómo los miembros del FOMC perciben la política monetaria futura. Como resultado, el índice se volvió más halcon de cara al nuevo año.",,Pendiente,
componentes/fed-sentiment-index,fed-sentiment-index,article.performanceTitle,FXStreet Fed Sentiment Index performance in 2024: Fed's dovish quest halted by Trump's triumph,Rendimiento del FXStreet Fed Sentiment Index en 2024: la búsqueda paloma de la Fed frenada por el triunfo de Trump,,Pendiente,
componentes/fed-sentiment-index,fed-sentiment-index,article.powellP1,"For instance, the Fed announced that it left the interest rate unchanged at the range of 5.25%-5.5% at the July 2024 policy meeting. In the post-meeting press conference, Fed Chairman Jerome Powell said that <em>there was a real discussion about the case for reducing rates,</em> adding that a rate cut will be on the table at the next meeting in September. These comments revived optimism about the US central bank shifting into monetary easing, triggering a US Dollar (USD) selloff and boosting US equity indexes.","Por ejemplo, la Fed anunció que mantuvo sin cambios el tipo de interés en el rango del 5,25%-5,5% en la reunión de política de julio de 2024. En la rueda de prensa posterior, el presidente de la Fed, Jerome Powell, dijo que <em>había una discusión real sobre el caso a favor de reducir los tipos,</em> añadiendo que una baja estaría sobre la mesa en la siguiente reunión de septiembre. Estos comentarios reavivaron el optimismo sobre un giro de la Fed hacia un alivio monetario, provocando ventas del dólar estadounidense (USD) y impulsando los índices bursátiles estadounidenses.",,Pendiente,
componentes/fed-sentiment-index,fed-sentiment-index,article.speechTrackerP1,"Interpreting comments from Fed policymakers and reading between the lines in official communications is not an easy task, especially for beginner traders. At FXStreet, we have developed a custom AI model – the Speech Tracker, which analyzes all the relevant speeches by the FOMC members and rates them on a dove-hawk scale. This allows us to provide traders with real-time notifications on our Economic Calendar on how each Fedspeak could influence the USD's valuation.","Interpretar los comentarios de los responsables de la Fed y leer entre líneas en las comunicaciones oficiales no es tarea fácil, especialmente para traders principiantes. En FXStreet hemos desarrollado un modelo de IA propio, el Speech Tracker, que analiza todos los discursos relevantes de los miembros del FOMC y los califica en una escala paloma-halcón. Así podemos ofrecer a los traders notificaciones en tiempo real en nuestro Calendario económico sobre cómo cada intervención podría influir en la valoración del USD.",,Pendiente,
componentes/fed-sentiment-index,fed-sentiment-index,newsColumns.centralBanks,Central Banks,Bancos centrales,,Pendiente,
componentes/fed-sentiment-index,fed-sentiment-index,newsColumns.fed,Fed,Fed,,Pendiente,
componentes/fed-sentiment-index,fed-sentiment-index,newsColumns.sentiment,Sentiment,Sentimiento,,Pendiente,
componentes/fed-sentiment-index,fed-sentiment-index,seo.description,"One of the biggest and most relevant challenges forex traders face is translating monetary policy adjustments into actionable trading insights. In our commitment to finding actionable insights to help retail traders in their journey, FXStreet is trying to help solve this difficult exercise with a newly minted tool: the FXStreet Fed Sentiment Index.","One of the biggest and most relevant challenges forex traders face is translating monetary policy adjustments into actionable trading insights. In our commitment to finding actionable insights to help retail traders in their journey, FXStreet is trying to help solve this difficult exercise with a newly minted tool: the FXStreet Fed Sentiment Index.",,Pendiente,
componentes/fed-sentiment-index,fed-sentiment-index,seo.keywords,"sentiment,forex,positioning,crowd,behaviour,bullish,bearish,positive,negative,fed,central Bank,united states","sentiment,forex,positioning,crowd,behaviour,bullish,bearish,positive,negative,fed,central Bank,united states",,Pendiente,
componentes/fed-sentiment-index,fed-sentiment-index,seo.pageTitle,Fed Sentiment Index,Fed Sentiment Index,,Pendiente,
componentes/fed-sentiment-index,fed-sentiment-index,seo.socialImageUrl,https://editorial.azureedge.net/images/TechnicalAnalysis/Sentiment/risk-under-magnifying-glass-60181126_Small.jpg,https://editorial.azureedge.net/images/TechnicalAnalysis/Sentiment/risk-under-magnifying-glass-60181126_Small.jpg,,Pendiente,
componentes/fed-sentiment-index,fed-sentiment-index,seo.title,Fed Sentiment Index,Fed Sentiment Index,,Pendiente,
componentes/forex-market-hours,forex-market-hours,imageAlt,Forex market hours table,Tabla de horarios del mercado Forex,,Pendiente,
componentes/forex-market-hours,forex-market-hours,intro,"The continuous liquidity of the Forex market is based on the fact that the markets are opened for 24 hours a day in any part of the world. From the New Zealand open, going through Asia and until the last American closing, trading happens for 24/5, from Sunday evening until Friday night. There are three main sessions which bring most of the market volume, the three of them linked to the open and close of the three main stock markets: London, New York and Tokyo. These three sessions overlap during a few hours. These are the times where the markets are more active and usually bring the best opportunities. This screen should help you find these lapses.","La liquidez continua del mercado Forex se basa en que los mercados están abiertos las 24 horas del día en alguna parte del mundo. Desde la apertura de Nueva Zelanda, pasando por Asia y hasta el último cierre americano, el trading funciona 24/5, desde la tarde del domingo hasta la noche del viernes. Hay tres sesiones principales que concentran la mayor parte del volumen, vinculadas a la apertura y cierre de los tres mercados bursátiles principales: Londres, Nueva York y Tokio. Estas tres sesiones se superponen durante algunas horas. Esos son los tramos en los que los mercados están más activos y suelen ofrecer mejores oportunidades. Esta pantalla te ayuda a identificar esos periodos.",,Pendiente,
componentes/forex-market-hours,forex-market-hours,latestNewsTitle,Latest news,Ultimas noticias,,Pendiente,
componentes/forex-market-hours,forex-market-hours,pageTitle,Forex Market Hours,Horario del mercado Forex,,Pendiente,
componentes/forex-market-hours,forex-market-hours,seo.description,"Track Forex market hours and overlapping sessions to identify the most active trading windows across London, New York and Tokyo.","Consulta los horarios del mercado Forex y las superposiciones de sesiones para identificar las franjas de trading con mayor actividad entre Londres, Nueva York y Tokio.",,Pendiente,
componentes/forex-market-hours,forex-market-hours,seo.title,Forex Market Hours - FXStreet,Horario del mercado Forex - FXStreet,,Pendiente,
componentes/macro-showcases,macro-showcases,allResults,All results:,Todos los resultados:,,Pendiente,
componentes/macro-showcases,macro-showcases,articlesFound,{count} articles found,{count} artículos encontrados,,Pendiente,
componentes/macro-showcases,macro-showcases,breadcrumb.bestOfTheYear,Best of the year,Lo mejor del año,,Pendiente,
componentes/macro-showcases,macro-showcases,cta,Read full article,Leer artículo completo,,Pendiente,
componentes/macro-showcases,macro-showcases,header.description,"Find the best broker for your trading style, platform, or region.","Encuentra el mejor bróker para tu estilo de trading, plataforma o región.",,Pendiente,
componentes/macro-showcases,macro-showcases,header.titleWithCategory,Best Brokers by {category},Mejores brókers por {category},,Pendiente,
componentes/macro-showcases,macro-showcases,macroTitles.accounts,Account Features,Características de la cuenta,,Pendiente,
componentes/macro-showcases,macro-showcases,macroTitles.assets,Asset Classes,Clases de activos,,Pendiente,
componentes/macro-showcases,macro-showcases,macroTitles.countries,Geographic,Geografía,,Pendiente,
componentes/macro-showcases,macro-showcases,macroTitles.fees,Pricing and Costs,Precios y costes,,Pendiente,
componentes/macro-showcases,macro-showcases,macroTitles.for,User Types,Tipos de usuario,,Pendiente,
componentes/macro-showcases,macro-showcases,macroTitles.instruments,Instruments,Instrumentos,,Pendiente,
componentes/macro-showcases,macro-showcases,macroTitles.payments,Payment Methods,Métodos de pago,,Pendiente,
componentes/macro-showcases,macro-showcases,macroTitles.platforms,Platforms and Tools,Plataformas y herramientas,,Pendiente,
componentes/macro-showcases,macro-showcases,macroTitles.regulated,Regulations,Regulación,,Pendiente,
componentes/macro-showcases,macro-showcases,macroTitles.styles,Trading Styles,Estilos de trading,,Pendiente,
componentes/macro-showcases-sub-home,macro-showcases-sub-home,bestBrokers,"Search e.g. MT5 Kenya, Scalping...","Buscar p. ej. MT5 Kenia, Scalping...",,Pendiente,
componentes/macro-showcases-sub-home,macro-showcases-sub-home,header.description,"Find the best broker for your trading style, platform, or region.","Encuentra el mejor bróker para tu estilo de trading, plataforma o región.",,Pendiente,
componentes/macro-showcases-sub-home,macro-showcases-sub-home,header.title,Best of {year},Lo mejor de {year},,Pendiente,
componentes/macro-showcases-sub-home,macro-showcases-sub-home,seo.description,Choose the best forex broker that fits your needs thanks to our in-depth forex broker reviews that provide valuable insights from FXStreet's experts,Elige el mejor bróker forex que se adapte a tus necesidades gracias a nuestras reseñas detalladas de brokers que ofrecen valiosos conocimientos de los expertos de FXStreet,,Pendiente,
componentes/macro-showcases-sub-home,macro-showcases-sub-home,seo.title,Best Forex Brokers in {year},Mejores brókers de Forex en {year},,Pendiente,
componentes/macro-showcases-sub-home,macro-showcases-sub-home,viewAllBrokers,View all,Ver todos,,Pendiente,
componentes/propinder,propinder,attribution,"Surfaced by <propinder>Propinder</propinder>, powered by FXStreet.","Presentado por <propinder>Propinder</propinder>, impulsado por FXStreet.",,Pendiente,
componentes/propinder,propinder,firms.atmos-funded.ctaLabel,Get {{discount}}% off at Atmos Funded,Consigue un {{discount}}% de descuento en Atmos Funded,,Pendiente,
componentes/propinder,propinder,firms.atmos-funded.editorial[0].paragraphs[0],"The Atmos Funded discount code is PROPINDER. It applies <strong>{{discount}}%</strong> off to any account at checkout, across the one-step and two-step plans of every size, reaching a maximum of $200K in funding. The <strong>{{discount}}%</strong> is a standing rate for Propinder users, not a limited-time promotion, so there is no deadline.","El código de descuento de Atmos Funded es <strong>PROPINDER</strong>. Aplica un <strong>{{discount}}% de descuento</strong> en cualquier cuenta al finalizar la compra, en los planes de una y dos fases de todos los tamaños, hasta un máximo de 200.000 $ de financiación. El {{discount}}% es una tarifa permanente para los usuarios de <a href=""{{propinderLink}}"">Propinder</a>, no una promoción temporal, así que no tiene fecha límite.",,Pendiente,
componentes/propinder,propinder,firms.atmos-funded.editorial[0].title,How the Atmos Funded discount works,¿Cómo funciona el código de descuento de Atmos Funded?,,Pendiente,
componentes/propinder,propinder,firms.atmos-funded.editorial[1].paragraphs[0],"Payouts are where Atmos stands out. Once funded, the minimum withdrawal is just $100, and most plans pay every two weeks. The NOVA Challenge goes further with on-demand withdrawals, so you decide when to get paid rather than waiting on a fixed cycle. KYC only kicks in after you are funded, which keeps the start simple.","Atmos Funded es una firma de prop trading con sede en Chipre, liderada por el CEO Nick Cooke, lanzada en 2025 en colaboración con el bróker Taurex. Ofrece desafíos de una y dos fases que dan acceso a cuentas desde 5.000 $ hasta 200.000 $, todas operadas en MT5. Los planes de una fase buscan un objetivo de beneficio del 10% con un drawdown diario del 3% y máximo del 6%, mientras que los planes de dos fases tienen objetivos del 10% en la primera fase y 5% en la segunda, con un drawdown diario del 5% y máximo del 10%. Los traders financiados reciben pagos sobre el beneficio bruto y pueden retirar cada 14 días, con un mínimo de retiro de 100 $. Algunos planes también ofrecen pagos bajo demanda. Se puede operar en forex, índices, metales y criptomonedas.",,Pendiente,
componentes/propinder,propinder,firms.atmos-funded.editorial[1].title,What you get with Atmos Funded,Lo que obtienes con Atmos Funded,,Pendiente,
componentes/propinder,propinder,firms.atmos-funded.editorial[2].steps[0],"Open <a href=""{{propFirmUrl}}"">Atmos Funded on Propinder</a> and pick your plan and account size.","Abre <a href=""{{propFirmUrl}}"">Atmos Funded en Propinder</a> y elige tu plan y el tamaño de tu cuenta.",,Pendiente,
componentes/propinder,propinder,firms.atmos-funded.editorial[2].steps[1],Enter PROPINDER in the promo code field at checkout.,Introduce <strong>PROPINDER</strong> en el campo del cupón durante la compra.,,Pendiente,
componentes/propinder,propinder,firms.atmos-funded.editorial[2].steps[2],Check the price drops <strong>{{discount}}%</strong> before you pay.,Comprueba que el precio baja un <strong>{{discount}}%</strong> antes de pagar.,,Pendiente,
componentes/propinder,propinder,firms.atmos-funded.editorial[2].title,Apply your code in three steps,Aplica tu código en tres pasos,,Pendiente,
componentes/propinder,propinder,firms.atmos-funded.editorial[3].paragraphs[0],"The PROPINDER discount is a standing <strong>{{discount}}%</strong> benefit for Propinder users, with no expiry date. Atmos Funded can change its offers, so the price and terms shown at checkout define what you actually pay.","El descuento del {{discount}}% con PROPINDER es un beneficio permanente para los usuarios de Propinder y no tiene fecha de caducidad. Atmos Funded puede cambiar sus ofertas, por lo que el precio y las condiciones que se muestran al finalizar la compra son las que realmente pagas.",,Pendiente,
componentes/propinder,propinder,firms.atmos-funded.editorial[3].title,Good to know,Es bueno saberlo,,Pendiente,
componentes/propinder,propinder,firms.atmos-funded.faqs[0].answer,"It is PROPINDER, which gives {{discount}}% off any Atmos Funded account.","Es PROPINDER, que ofrece un {{discount}}% de descuento en cualquier cuenta de Atmos Funded.",,Pendiente,
componentes/propinder,propinder,firms.atmos-funded.faqs[0].question,What is the Atmos Funded promo code?,¿Cuál es el código de descuento de Atmos Funded?,,Pendiente,
componentes/propinder,propinder,firms.atmos-funded.faqs[1].answer,"Yes, on one-step and two-step plans across all sizes up to $200K.","Sí, en los planes de un paso y de dos pasos, independientemente del importe, hasta 200.000 dólares.",,Pendiente,
componentes/propinder,propinder,firms.atmos-funded.faqs[1].question,Does the code work on every plan?,¿Funciona el código en todos los planes?,,Pendiente,
componentes/propinder,propinder,firms.atmos-funded.faqs[2].answer,The {{discount}}% discount has no listed end date.,El descuento del {{discount}}% no tiene fecha de finalización especificada.,,Pendiente,
componentes/propinder,propinder,firms.atmos-funded.faqs[2].question,How long does the offer last?,¿Cuánto dura la oferta?,,Pendiente,
componentes/propinder,propinder,firms.atmos-funded.faqs[3].answer,"Yes. It is agreed between Atmos Funded and Propinder, a platform powered by FXStreet.","Sí. Así lo han acordado Atmos Funded y Propinder, una plataforma impulsada por FXStreet.",,Pendiente,
componentes/propinder,propinder,firms.atmos-funded.faqs[3].question,Is PROPINDER an official Atmos Funded code?,¿Es PROPINDER un código oficial de Atmos Funded?,,Pendiente,
componentes/propinder,propinder,firms.atmos-funded.faqsTitle,Common questions,Preguntas frecuentes,,Pendiente,
componentes/propinder,propinder,firms.atmos-funded.intro,"Use <strong>PROPINDER</strong> for a <strong>{{discount}}% discount on any account from Atmos Funded</strong>. It is a permanent benefit for Propinder users, <strong>with no expiry date.</strong>","Utiliza el código <strong>PROPINDER</strong> durante la compra para obtener un <strong>{{discount}}% de descuento</strong> en cualquier cuenta de <strong>Atmos Funded</strong>. Es un beneficio permanente para los usuarios de Propinder, sin fecha de caducidad.",,Pendiente,
componentes/propinder,propinder,firms.atmos-funded.logoAlt,Atmos Funded,Atmos Funded,,Pendiente,
componentes/propinder,propinder,firms.atmos-funded.promo.ctaLabel,Claim {{discount}}% off at Atmos Funded,Consigue un {{discount}}% de descuento en Atmos Funded,,Pendiente,
componentes/propinder,propinder,firms.atmos-funded.promo.paragraphs[0],"{{discount}}% off any account, every time. A permanent benefit for Propinder users, with no expiry.","{{discount}}% de descuento en cualquier cuenta, siempre. Un beneficio permanente para los usuarios de Propinder, sin fecha de caducidad.",,Pendiente,
componentes/propinder,propinder,firms.atmos-funded.promo.title,Start your Atmos Funded challenge,Comienza tu reto de Atmos Funded,,Pendiente,
componentes/propinder,propinder,firms.atmos-funded.seo.description,Obtain your discount promo code for any Atmos Funded account.,Utiliza el código PROPINDER para obtener un descuento del {{discount}}% en cualquier cuenta de Atmos Funded. Verificado por FXStreet.,,Pendiente,
componentes/propinder,propinder,firms.atmos-funded.seo.keywords,Atmos Funded discount,"código descuento atmos funded, descuento atmos funded, promo atmos funded, código promo prop firm, atmos funded propinder, atmos funded español, prop firm descuento",,Pendiente,
componentes/propinder,propinder,firms.atmos-funded.seo.path,/brokers/prop/atmos-funded,/brokers/prop/atmos-funded,,Pendiente,
componentes/propinder,propinder,firms.atmos-funded.seo.title,Atmos Funded Discount Code | FXStreet,Código de Descuento Atmos Funded - PROPINDER para {{discount}} porciento de Descuento | FXStreet,,Pendiente,
componentes/propinder,propinder,firms.atmos-funded.title,"Atmos Funded discount code:
PROPINDER","Código de descuento de Atmos Funded:
PROPINDER",,Pendiente,
componentes/propinder,propinder,firms.earn2trade.ctaLabel,Get {{discount}}% off at Earn2Trade,Consigue un {{discount}}% de descuento en Earn2Trade,,Pendiente,
componentes/propinder,propinder,firms.earn2trade.editorial[0].paragraphs[0],"The Earn2Trade discount code is <strong>PROPINDER</strong>, and it gives <strong>{{discount}}% off any evaluation, on every account size from $25K to $200K, across both programs.</strong>","El código de descuento de Earn2Trade es <strong>PROPINDER</strong> y da un <strong>{{discount}}% de descuento en cualquier evaluación, en todos los tamaños de cuenta de 25.000 $ a 200.000 $, en ambos programas.</strong>",,Pendiente,
componentes/propinder,propinder,firms.earn2trade.editorial[0].paragraphs[1],"Fifty percent is one of the largest discounts in this category, halving the cost of entry: a $25K Trader Career Path account drops from $150 to $75 a month, while a $50K Gauntlet Mini drops from $170 to $85 one-time. Earn2Trade can change its offers, so the price and terms shown at checkout define what you actually pay. See the full listing on <a href=""{{propFirmUrl}}"">Propinder</a>.","El {{discount}}% es uno de los descuentos más altos de esta categoría y reduce a la mitad el coste de entrada: una cuenta Trader Career Path de 25.000 $ baja de 150 $ a 75 $ al mes, y un Gauntlet Mini de 50.000 $ baja de 170 $ a 85 $ de pago único. Earn2Trade puede cambiar sus ofertas, así que el precio y las condiciones del checkout son los que rigen. Consulta el listado completo en <a href=""{{propFirmUrl}}"">Propinder</a>.",,Pendiente,
componentes/propinder,propinder,firms.earn2trade.editorial[0].title,Earn2Trade discount code explained,Cómo funciona el código de Earn2Trade,,Pendiente,
componentes/propinder,propinder,firms.earn2trade.editorial[1].paragraphs[0],"Earn2Trade is a futures-only prop firm founded in 2021 and led by CEO Osvaldo Guimarães Santos, with around 5 years in operation. It holds a Propinder trust rating of 4.76 out of 5, and funded traders can reach a maximum allocation of $1 million. It trades only futures, with no forex CFDs and no crypto pairs, and supports one of the widest platform lists in the industry, including NinjaTrader, TradingView, Tradovate, Quantower, Sierra Chart, Bookmap, ATAS Orderflow, MultiCharts, Rithmic and R Trader.","Earn2Trade es una prop firm solo de futuros fundada en 2021 y dirigida por el CEO Osvaldo Guimarães Santos, con unos 5 años de actividad. Tiene una valoración de confianza de Propinder de 4,76 sobre 5, y los traders financiados pueden alcanzar una asignación máxima de 1 millón de dólares. Opera solo futuros, sin CFDs de forex ni pares de cripto, y soporta una de las listas de plataformas más amplias del sector, entre ellas NinjaTrader, TradingView, Tradovate, Quantower, Sierra Chart, Bookmap, ATAS Orderflow, MultiCharts, Rithmic y R Trader.",,Pendiente,
componentes/propinder,propinder,firms.earn2trade.editorial[1].paragraphs[1],"The rules are the same across both programs: a single evaluation phase, a 6% profit target, a 2.2% daily drawdown measured statically against real-time equity, and a maximum drawdown between 3% and 6% depending on account size, trailing end-of-day on the closing balance.","Las reglas son las mismas en ambos programas: una sola fase de evaluación, un objetivo de beneficio del 6%, un drawdown diario del 2,2% medido de forma estática sobre el equity en tiempo real, y un drawdown máximo de entre el 3% y el 6% según el tamaño de cuenta, trailing a cierre del día sobre el balance de cierre.",,Pendiente,
componentes/propinder,propinder,firms.earn2trade.editorial[1].title,Why Earn2Trade stands out,Por qué destaca Earn2Trade,,Pendiente,
componentes/propinder,propinder,firms.earn2trade.editorial[2].paragraphs[0],"<strong>The Gauntlet Mini:</strong> a one-phase evaluation paid as a one-time fee, on sizes from $50K to $200K, targeting 6% profit. A $50K account costs $85 after the promotional code is applied, and a $200K account costs $275.","<strong>The Gauntlet Mini:</strong> evaluación de una fase con pago único, en tamaños de 50.000 $ a 200.000 $, con objetivo del 6%. Una cuenta de 50.000 $ cuesta 85 $ con el código, y una de 200.000 $ cuesta 275 $.",,Pendiente,
componentes/propinder,propinder,firms.earn2trade.editorial[2].paragraphs[1],"<strong>Trader Career Path:</strong> the same one-phase, 6% target structure, but paid monthly instead, on sizes from $25K to $100K. A $25K account costs $75 a month with the code, and a $100K account costs $175 a month.","<strong>Trader Career Path:</strong> la misma estructura de una fase y objetivo del 6%, pero de pago mensual, en tamaños de 25.000 $ a 100.000 $. Una cuenta de 25.000 $ cuesta 75 $ al mes con el código, y una de 100.000 $ cuesta 175 $ al mes.",,Pendiente,
componentes/propinder,propinder,firms.earn2trade.editorial[2].paragraphs[2],The choice between them is about how you pay rather than how you trade. The $25K Trader Career Path at $75 a month is the cheapest way in.,"La diferencia está en cómo pagas, no en cómo operas. El Trader Career Path de 25.000 $ a 75 $ al mes es la forma más barata de entrar.",,Pendiente,
componentes/propinder,propinder,firms.earn2trade.editorial[2].title,The two programs,Los dos programas,,Pendiente,
componentes/propinder,propinder,firms.earn2trade.editorial[3].steps[0],"Open <a href=""{{propFirmUrl}}"">Earn2Trade on Propinder</a> and choose your program and account size.","Abre <a href=""{{propFirmUrl}}"">Earn2Trade en Propinder</a> y elige programa y tamaño de cuenta.",,Pendiente,
componentes/propinder,propinder,firms.earn2trade.editorial[3].steps[1],Enter <strong>PROPINDER</strong> in the coupon field at checkout.,Introduce <strong>PROPINDER</strong> en el campo de cupón al pagar.,,Pendiente,
componentes/propinder,propinder,firms.earn2trade.editorial[3].steps[2],Confirm the {{discount}}% discount is applied before you pay.,Confirma que el {{discount}}% de descuento se ha aplicado antes de pagar.,,Pendiente,
componentes/propinder,propinder,firms.earn2trade.editorial[3].title,Apply the code,Cómo aplicar el código,,Pendiente,
componentes/propinder,propinder,firms.earn2trade.faqs[0].answer,"It is PROPINDER, which gives {{discount}}% off any Earn2Trade program.","Es PROPINDER, que da un {{discount}}% de descuento en cualquier programa de Earn2Trade.",,Pendiente,
componentes/propinder,propinder,firms.earn2trade.faqs[0].question,What is the Earn2Trade discount code?,¿Cuál es el código de descuento de Earn2Trade?,,Pendiente,
componentes/propinder,propinder,firms.earn2trade.faqs[1].answer,"From $75 a month for a $25K Trader Career Path account, or $85 one-time for a $50K Gauntlet Mini. The largest account, the $200K Gauntlet Mini, costs $275.","Desde 75 $ al mes por una cuenta Trader Career Path de 25.000 $, o 85 $ de pago único por un Gauntlet Mini de 50.000 $. La cuenta más grande, el Gauntlet Mini de 200.000 $, cuesta 275 $.",,Pendiente,
componentes/propinder,propinder,firms.earn2trade.faqs[1].question,How much does an Earn2Trade account cost with the discount?,¿Cuánto cuesta una cuenta de Earn2Trade con el descuento?,,Pendiente,
componentes/propinder,propinder,firms.earn2trade.faqs[2].answer,"Both: the Gauntlet Mini and the Trader Career Path, on every size from $25K to $200K.","En ambos: Gauntlet Mini y Trader Career Path, en todos los tamaños de 25.000 $ a 200.000 $.",,Pendiente,
componentes/propinder,propinder,firms.earn2trade.faqs[2].question,Which programs does the code work on?,¿En qué programas funciona el código?,,Pendiente,
componentes/propinder,propinder,firms.earn2trade.faqs[3].answer,"Futures only, on platforms including NinjaTrader, TradingView, Tradovate, Quantower and Sierra Chart.","Solo futuros, en plataformas como NinjaTrader, TradingView, Tradovate, Quantower y Sierra Chart.",,Pendiente,
componentes/propinder,propinder,firms.earn2trade.faqs[3].question,What can I trade at Earn2Trade?,¿Qué se puede operar en Earn2Trade?,,Pendiente,
componentes/propinder,propinder,firms.earn2trade.faqs[4].answer,Up to a $1 million maximum allocation.,Hasta una asignación máxima de 1 millón de dólares.,,Pendiente,
componentes/propinder,propinder,firms.earn2trade.faqs[4].question,How much can I scale?,¿Hasta cuánto se puede escalar?,,Pendiente,
componentes/propinder,propinder,firms.earn2trade.faqs[5].answer,The {{discount}}% discount has no listed end date.,El {{discount}}% de descuento no tiene fecha de fin publicada.,,Pendiente,
componentes/propinder,propinder,firms.earn2trade.faqs[5].question,How long does the offer last?,¿Cuánto dura la oferta?,,Pendiente,
componentes/propinder,propinder,firms.earn2trade.faqs[6].answer,"Yes. It is agreed between Earn2Trade and Propinder, a platform powered by FXStreet.","Sí. Está acordado entre Earn2Trade y Propinder, una plataforma impulsada por FXStreet.",,Pendiente,
componentes/propinder,propinder,firms.earn2trade.faqs[6].question,Is PROPINDER an official Earn2Trade code?,¿PROPINDER es un código oficial de Earn2Trade?,,Pendiente,
componentes/propinder,propinder,firms.earn2trade.faqsTitle,What traders ask,Lo que preguntan los traders,,Pendiente,
componentes/propinder,propinder,firms.earn2trade.intro,"Use the <strong>PROPINDER</strong> code for a <strong>{{discount}}% discount on any Earn2Trade program</strong>. It is one of the largest discounts Propinder carries for Futures Prop Firms, and it applies to every account size on both the Gauntlet Mini and the Trader Career Path, <strong>without an expiry date.</strong>","Usa el código <strong>PROPINDER</strong> para un <strong>{{discount}}% de descuento en cualquier programa de Earn2Trade</strong>. Es uno de los descuentos más altos que Propinder ofrece en prop firms de futuros y aplica a todos los tamaños de cuenta en Gauntlet Mini y Trader Career Path, <strong>sin fecha de caducidad.</strong>",,Pendiente,
componentes/propinder,propinder,firms.earn2trade.logoAlt,Earn2Trade,Earn2Trade,,Pendiente,
componentes/propinder,propinder,firms.earn2trade.promo.ctaLabel,Claim {{discount}}% off at Earn2Trade,Reclama el {{discount}}% de descuento en Earn2Trade,,Pendiente,
componentes/propinder,propinder,firms.earn2trade.promo.paragraphs[0],"{{discount}}% off any program, from a futures specialist with a five-year track record, a 4.76 out of 5 trust rating and allocations up to $1 million. Enter PROPINDER at checkout and start at half price.","{{discount}}% de descuento en cualquier programa, de un especialista en futuros con cinco años de trayectoria, una valoración de confianza de 4,76 sobre 5 y asignaciones de hasta 1 millón de dólares. Introduce PROPINDER al pagar y empieza a mitad de precio.",,Pendiente,
componentes/propinder,propinder,firms.earn2trade.promo.title,Trade with Earn2Trade,Opera con Earn2Trade,,Pendiente,
componentes/propinder,propinder,firms.earn2trade.seo.description,"Obtain your discount promo code for any Earn2Trade program, a futures-only prop firm.","Obtén tu código promocional de descuento para cualquier programa de Earn2Trade, una prop firm solo de futuros.",,Pendiente,
componentes/propinder,propinder,firms.earn2trade.seo.path,/brokers/prop/earn2trade,/brokers/prop/earn2trade,,Pendiente,
componentes/propinder,propinder,firms.earn2trade.seo.title,Earn2Trade Discount Code | FXStreet,Código de descuento Earn2Trade | FXStreet,,Pendiente,
componentes/propinder,propinder,firms.earn2trade.title,"Earn2Trade discount code:
PROPINDER","Código de descuento Earn2Trade:
PROPINDER",,Pendiente,
componentes/propinder,propinder,firms.the5ers.ctaLabel,Get {{discount}}% off at The5ers,Consigue un {{discount}}% de descuento en The5ers,,Pendiente,
componentes/propinder,propinder,firms.the5ers.editorial[0].paragraphs[0],"The The5ers discount code is <strong>PROPINDER</strong>, and it gives <strong>{{discount}}% off</strong> any challenge across all three programs. There is no listed expiry date. The discount is modest because The5ers competes on reputation rather than headline price. The5ers can change its offers, so the price and terms shown at checkout define what you actually pay. See the full listing on <a href=""{{propFirmUrl}}"">Propinder</a>.","El código de descuento de The5ers es <strong>PROPINDER</strong>, que ofrece un <strong>{{discount}}% de descuento</strong> en cualquier reto de los tres programas. No tiene fecha de caducidad. El descuento es moderado porque The5ers basa su competencia en su reputación, no en el precio. The5ers puede modificar sus ofertas, por lo que el precio y las condiciones que aparecen al finalizar la compra determinan lo que realmente pagas. Consulta la información completa en <a href=""{{propFirmUrl}}"">Propinder</a>.",,Pendiente,
componentes/propinder,propinder,firms.the5ers.editorial[0].title,The5ers discount code explained,Cómo funciona el código de descuento de The5ers,,Pendiente,
componentes/propinder,propinder,firms.the5ers.editorial[1].paragraphs[0],"The5ers is a prop firm founded in 2016, based in Israel and led by CEO Saul Lokier. It is one of the oldest names in the space, with around 10 years in operation. It holds a Propinder trust rating of 4.82 out of 5, the highest in this group. Funded traders can scale their accounts to manage up to $4 million, with challenge allocations of up to $615K. You can trade forex, indices, metals, energy, and crypto on MT5 or cTrader. Payouts start 14 days after activation and run every two weeks after that, with a $150 minimum and processing times of roughly 72 hours.","The5ers es una prop firm fundada en 2016, con sede en Israel y dirigida por su CEO, Saul Lokier, es una de las empresas más veteranas del sector, con aproximadamente 10 años de trayectoria. Cuenta con una calificación de confianza de Propinder de 4,82 sobre 5, la más alta de su categoría. Los operadores financiados pueden ampliar sus cuentas para gestionar hasta 4 millones de dólares, con asignaciones de reto de hasta 615.000 dólares. Se puede operar con divisas, índices, metales, energía y criptomonedas en MT5 o cTrader. Los pagos comienzan 14 días después de la activación y se realizan cada dos semanas, con un mínimo de 150 dólares y un tiempo de procesamiento aproximado de 72 horas.",,Pendiente,
componentes/propinder,propinder,firms.the5ers.editorial[1].paragraphs[1],"The5ers backs its accounts with an active learning program. It runs weekly live trading rooms on the habits that sink most traders, such as resetting after a loss, waiting for the right setup, and cutting overtrading. A weekly newsletter covers key market levels and the economic calendar, and a new milestone feature lets funded traders track and share their progress.","The5ers acompaña sus cuentas con un programa de formación activo. Cada semana organiza salas de trading en directo sobre los hábitos que hunden a la mayoría de traders, como recuperarse tras una pérdida, esperar la entrada correcta y evitar el sobretrading. Un boletín semanal recoge los niveles clave del mercado y el calendario económico, y una nueva función de hitos permite a los traders financiados seguir y compartir su progreso.",,Pendiente,
componentes/propinder,propinder,firms.the5ers.editorial[1].title,Why The5ers stands out,Por qué destaca The5ers,,Pendiente,
componentes/propinder,propinder,firms.the5ers.editorial[2].paragraphs[0],"<strong>High Stakes:</strong> a two-phase challenge on sizes from $2.5K to $100K, targets 8% profit and then 5%. A $2.5K account costs about <strong>$19.80</strong> after the promotional code is applied.","<strong>High Stakes:</strong> un reto en dos fases con importes que van desde los 2.500 $ hasta los 100.000 $, con un objetivo de beneficio del 8% y, posteriormente, del 5%. Una cuenta de 2.500 $ cuesta unos <strong>19,80 $</strong> tras aplicar el código promocional.",,Pendiente,
componentes/propinder,propinder,firms.the5ers.editorial[2].paragraphs[1],"<strong>Hyper Growth:</strong> a faster one-phase challenge on $5K to $20K, targeting a 10% profit. A $5K account costs about <strong>$234</strong> with the code.","<strong>Hyper Growth:</strong> un reto más rápido de una sola fase con importes de entre 5.000 y 20.000 dólares, con un objetivo de beneficio del 10%. Una cuenta de 5.000 dólares cuesta unos <strong>234 $</strong> con el código.",,Pendiente,
componentes/propinder,propinder,firms.the5ers.editorial[2].paragraphs[2],<strong>Bootcamp:</strong> a structured three-phase $250K program with a 6% profit target. Costs about <strong>$202.50</strong> with the code.,"<strong>Bootcamp:</strong> un programa estructurado de tres fases de 250.000 dólares con un objetivo de beneficio del 6%. Cuesta unos <strong>202,50 $</strong> con el código.",,Pendiente,
componentes/propinder,propinder,firms.the5ers.editorial[2].title,The three programs,Los tres programas,,Pendiente,
componentes/propinder,propinder,firms.the5ers.editorial[3].steps[0],"Open <a href=""{{propFirmUrl}}"">The5ers on Propinder</a> and choose your program and account size.","Abre <a href=""{{propFirmUrl}}"">The5ers en Propinder</a> y elige el programa y el tamaño de cuenta que prefieras.",,Pendiente,
componentes/propinder,propinder,firms.the5ers.editorial[3].steps[1],Enter <strong>PROPINDER</strong> in the coupon field at checkout.,Introduce <strong>PROPINDER</strong> en el campo de cupón durante el proceso de pago.,,Pendiente,
componentes/propinder,propinder,firms.the5ers.editorial[3].steps[2],Confirm the <strong>{{discount}}%</strong> comes off before you pay.,Verifica que se aplique el descuento del <strong>{{discount}}%</strong> antes de completar la compra.,,Pendiente,
componentes/propinder,propinder,firms.the5ers.editorial[3].title,Apply the code,Aplica el código,,Pendiente,
componentes/propinder,propinder,firms.the5ers.faqs[0].answer,"It is PROPINDER, which gives {{discount}}% off any challenge.","Es PROPINDER, que ofrece un {{discount}}% de descuento en cualquier reto.",,Pendiente,
componentes/propinder,propinder,firms.the5ers.faqs[0].question,What is the The5ers discount code?,¿Cuál es el código de descuento de The5ers?,,Pendiente,
componentes/propinder,propinder,firms.the5ers.faqs[1].answer,"Since 2016, around 10 years, with a 4.82 out of 5 Propinder trust rating.","Desde 2016, unos 10 años, con una calificación de confianza de 4.82 sobre 5 en Propinder.",,Pendiente,
componentes/propinder,propinder,firms.the5ers.faqs[1].question,How long has The5ers been around?,¿Desde cuándo existe The5ers?,,Pendiente,
componentes/propinder,propinder,firms.the5ers.faqs[2].answer,"Toward managing up to $4 million, with challenge allocations up to $615K.","Puedes escalar tu cuenta hasta llegar a gestionar 4 millones de dólares, con asignaciones iniciales en los desafíos de hasta 615.000$.",,Pendiente,
componentes/propinder,propinder,firms.the5ers.faqs[2].question,How much can I scale?,¿Hasta cuánto puedo escalar mi cuenta?,,Pendiente,
componentes/propinder,propinder,firms.the5ers.faqs[3].answer,"All three: High Stakes, Hyper Growth, and Bootcamp.","En los tres: High Stakes, Hyper Growth y Bootcamp.",,Pendiente,
componentes/propinder,propinder,firms.the5ers.faqs[3].question,Which programs does the code work on?,¿En qué programa funciona el código?,,Pendiente,
componentes/propinder,propinder,firms.the5ers.faqs[4].answer,"Yes. It is agreed between The5ers and Propinder, a platform powered by FXStreet.","Sí. Existe un acuerdo entre The5ers y Propinder, una plataforma impulsada por FXStreet.",,Pendiente,
componentes/propinder,propinder,firms.the5ers.faqs[4].question,Is PROPINDER an official The5ers code?,¿Es PROPINDER un código oficial de The5ers?,,Pendiente,
componentes/propinder,propinder,firms.the5ers.faqsTitle,What traders ask,Preguntas de los traders,,Pendiente,
componentes/propinder,propinder,firms.the5ers.intro,"Enter <strong>PROPINDER</strong> at checkout for <strong>{{discount}}% off any challenge from The5ers</strong>. The5ers is also running a summer offer: a $100K account for $149, its lowest price yet. The5ers is one of the longest-running firms in prop trading, so the draw here is track record as much as price.","Introduce el código <strong>PROPINDER</strong> durante la compra para obtener un <strong>{{discount}}% de descuento</strong> en cualquier reto de The5ers. The5ers es una de las empresas con más trayectoria en el ámbito del prop trading, por lo que su atractivo radica tanto en su historial como en el precio.",,Pendiente,
componentes/propinder,propinder,firms.the5ers.logoAlt,The5ers,The5ers,,Pendiente,
componentes/propinder,propinder,firms.the5ers.promo.ctaLabel,Claim {{discount}}% off at The5ers,Consigue un {{discount}}% de descuento en The5ers,,Pendiente,
componentes/propinder,propinder,firms.the5ers.promo.paragraphs[0],"The5ers pairs a decade of track record with its lowest pricing yet and a steady stream of live coaching. Enter PROPINDER for {{discount}}% off, or take the summer route to a $100K account for $149, and start with a firm built to keep you trading.","The5ers combina una década de trayectoria con su precio más bajo hasta la fecha y formación en directo constante. Introduce PROPINDER para un {{discount}}% de descuento, o aprovecha la oferta de verano de una cuenta de 100.000 $ por 149 $, y empieza con una firma pensada para mantenerte operando.",,Pendiente,
componentes/propinder,propinder,firms.the5ers.promo.title,Trade with The5ers,Opera con The5ers,,Pendiente,
componentes/propinder,propinder,firms.the5ers.seo.description,"Obtain your discount promo code for any The5ers challenge, one of the longest-running prop firms.","Introduce el código PROPINDER para obtener un {{discount}}% de descuento en cualquier reto de The5ers, una de las prop firms con más trayectoria, con calificación 4,82/5 y scaling hasta $4 millones. Verificado por FXStreet.",,Pendiente,
componentes/propinder,propinder,firms.the5ers.seo.keywords,"the5ers discount code, the5ers discount, propinder discount, the5ers promo code, the5ers coupon","código descuento the5ers, descuento the5ers, promo the5ers, código promo prop firm the5ers, the5ers propinder, the5ers español, prop firm descuento",,Pendiente,
componentes/propinder,propinder,firms.the5ers.seo.path,/brokers/prop/the5ers,/brokers/prop/the5ers,,Pendiente,
componentes/propinder,propinder,firms.the5ers.seo.title,The5ers Discount Code | FXStreet,Código de Descuento The5ers - PROPINDER para {{discount}} porciento de Descuento | FXStreet,,Pendiente,
componentes/propinder,propinder,firms.the5ers.title,"The5ers discount code:
PROPINDER","Código de descuento The5ers:
PROPINDER",,Pendiente,
componentes/rates-charts,rates-charts,chart,Chart,Gráfico,,Pendiente,
componentes/rates-charts,rates-charts,ChartInteractive.loginCTA,Log in,Iniciar sesión,,Pendiente,
componentes/rates-charts,rates-charts,ChartInteractive.saveChartDescription,Log in to save your chart layouts and access them from any device.,Inicia sesión para guardar tus diseños de gráficos y acceder a ellos desde cualquier dispositivo.,,Pendiente,
componentes/rates-charts,rates-charts,ChartInteractive.saveChartTitle,Save Chart Layout,Guardar diseño del gráfico,,Pendiente,
componentes/rates-charts,rates-charts,ChartPage.FeaturesSection[0].Features[0].SubFeatures[0].content,"You can choose between 6,000 different assets: all Forex crosses (and their reverse too - see below), but also cryptocurrencies, main commodities, indices and US stocks. You can also directly type the asset in the search asset field. Note that you must put a slash between the two currencies of the pair. For example: USD/JPY and not USDJPY.","Puedes elegir entre 6.000 activos diferentes: todos los cruces de Forex (y también sus inversos, ver más abajo), pero también criptomonedas, las principales materias primas, índices y acciones de EE. UU. También puedes escribir directamente el activo en el campo de búsqueda. Ten en cuenta que debes poner una barra entre las dos divisas del par. Por ejemplo: USD/JPY y no USDJPY.",,Pendiente,
componentes/rates-charts,rates-charts,ChartPage.FeaturesSection[0].Features[0].SubFeatures[0].title,,,,Pendiente,
componentes/rates-charts,rates-charts,ChartPage.FeaturesSection[0].Features[0].SubFeatures[1].content,"We all know EUR/USD... But do you know USD/EUR? ""It does not exist"" would be the first answer. Wrong! All currency crosses exist in both directions... And they are available on our interactive graph!",Todos conocemos EUR/USD... ¿pero conoces USD/EUR? «No existe» sería la primera respuesta. ¡Error! Todos los cruces de divisas existen en ambas direcciones... ¡y están disponibles en nuestro gráfico interactivo!,,Pendiente,
componentes/rates-charts,rates-charts,ChartPage.FeaturesSection[0].Features[0].SubFeatures[1].title,Reverse crosses,Cruces inversos,,Pendiente,
componentes/rates-charts,rates-charts,ChartPage.FeaturesSection[0].Features[0].title,"Over 6,000 assets",Más de 6.000 activos,,Pendiente,
componentes/rates-charts,rates-charts,ChartPage.FeaturesSection[0].Features[1].SubFeatures[0].content,"You can display the asset rates in 19 different time frames: Intraday (16 time frames available, from 1 to 720 minutes - that is 12 hours), Daily, Weekly, and Monthly.","Puedes mostrar los precios del activo en 19 marcos temporales diferentes: intradía (16 marcos disponibles, de 1 a 720 minutos, es decir, 12 horas), diario, semanal y mensual.",,Pendiente,
componentes/rates-charts,rates-charts,ChartPage.FeaturesSection[0].Features[1].SubFeatures[0].title,,,,Pendiente,
componentes/rates-charts,rates-charts,ChartPage.FeaturesSection[0].Features[1].title,Time frames: 19 predefined options,Marcos temporales: 19 opciones predefinidas,,Pendiente,
componentes/rates-charts,rates-charts,ChartPage.FeaturesSection[0].Features[2].SubFeatures[0].content,"On our forex charts, you can display historical data of 250 periods (250 minutes, hours or days), a valuable data you get for free here! You can use this history to make price behavior studies. How to show more historical data? Use the zoom-out option.","En nuestros gráficos de Forex puedes mostrar datos históricos de 250 periodos (250 minutos, horas o días), ¡un dato valioso que obtienes gratis aquí! Puedes usar este historial para realizar estudios del comportamiento del precio. ¿Cómo mostrar más datos históricos? Usa la opción de alejar el zoom.",,Pendiente,
componentes/rates-charts,rates-charts,ChartPage.FeaturesSection[0].Features[2].SubFeatures[0].title,,,,Pendiente,
componentes/rates-charts,rates-charts,ChartPage.FeaturesSection[0].Features[2].title,Extensive historical data,Amplios datos históricos,,Pendiente,
componentes/rates-charts,rates-charts,ChartPage.FeaturesSection[0].Features[3].SubFeatures[0].content,"You can add up to 100 technical indicators to your graph, such as Linear Regression, CCI, ADX, and many more.","Puedes añadir hasta 100 indicadores técnicos a tu gráfico, como Regresión Lineal, CCI, ADX y muchos más.",,Pendiente,
componentes/rates-charts,rates-charts,ChartPage.FeaturesSection[0].Features[3].SubFeatures[0].title,,,,Pendiente,
componentes/rates-charts,rates-charts,ChartPage.FeaturesSection[0].Features[3].SubFeatures[1].content,"In our commitment to helping traders in their journey, FXStreet is introducing a new tool for this challenging exercise: the FXStreet Fed Sentiment Index indicator.","En nuestro compromiso por ayudar a los traders en su camino, FXStreet presenta una nueva herramienta para este difícil ejercicio: el indicador Índice de Sentimiento de la Fed de FXStreet.",,Pendiente,
componentes/rates-charts,rates-charts,ChartPage.FeaturesSection[0].Features[3].SubFeatures[1].title,,,,Pendiente,
componentes/rates-charts,rates-charts,ChartPage.FeaturesSection[0].Features[3].title,Over 100 technical indicators,Más de 100 indicadores técnicos,,Pendiente,
componentes/rates-charts,rates-charts,ChartPage.FeaturesSection[0].title,Chart Features,Características del gráfico,,Pendiente,
componentes/rates-charts,rates-charts,ChartPage.FeaturesSection[1].Features[0].SubFeatures[0].content,You can choose among 12 graph types:,Puedes elegir entre 12 tipos de gráfico:,,Pendiente,
componentes/rates-charts,rates-charts,ChartPage.FeaturesSection[1].Features[0].SubFeatures[0].title,,,,Pendiente,
componentes/rates-charts,rates-charts,ChartPage.FeaturesSection[1].Features[0].SubFeatures[1].content,"Line, Candlestick, Bar (OHLC), Bar (HLC), Mountain, Histogram, Heikin Ashi, Points and Stair Steps.","Línea, Velas, Barras (OHLC), Barras (HLC), Montaña, Histograma, Heikin Ashi, Puntos y Escalones.",,Pendiente,
componentes/rates-charts,rates-charts,ChartPage.FeaturesSection[1].Features[0].SubFeatures[1].title,Time-related construction charts,Gráficos de construcción temporal,,Pendiente,
componentes/rates-charts,rates-charts,ChartPage.FeaturesSection[1].Features[1].SubFeatures[0].content,Heikin Ashi graph helps you detect trends - a feature you will only find on professional platforms. The Heikin-Ashi technique helps you identify a trend more easily and detect trading opportunities. Also you can use our Forecast Poll. It’s a tool you can use to improve the isolation of trends (cancelling noise on the graph) and predict future prices. This forex plot type is not considered to be valid to take positions but rather to perform a follow-up of your trading positions.,"El gráfico Heikin Ashi te ayuda a detectar tendencias, una función que solo encontrarás en plataformas profesionales. La técnica Heikin-Ashi te ayuda a identificar una tendencia más fácilmente y a detectar oportunidades de trading. También puedes usar nuestra Encuesta de Pronóstico. Es una herramienta que puedes utilizar para mejorar el aislamiento de las tendencias (cancelando el ruido del gráfico) y predecir precios futuros. Este tipo de gráfico de Forex no se considera válido para tomar posiciones, sino más bien para hacer un seguimiento de tus posiciones de trading.",,Pendiente,
componentes/rates-charts,rates-charts,ChartPage.FeaturesSection[1].Features[1].SubFeatures[0].title,Heikin Ashi,Heikin Ashi,,Pendiente,
componentes/rates-charts,rates-charts,ChartPage.FeaturesSection[1].Features[1].title,Unique Types,Tipos únicos,,Pendiente,
componentes/rates-charts,rates-charts,ChartPage.FeaturesSection[1].title,Forex Chart Types,Tipos de gráficos de Forex,,Pendiente,
componentes/rates-charts,rates-charts,ChartPage.FeaturesSection[2].Features[0].SubFeatures[0].content,"You have plenty of options to draw on your graph, from lines (including trend channels) to arrows, going through rectangles, circles and much more.  Quick option to select where you want your lines to be placed (High, Low, Open or Close). You can also write any text you want to add your particular notes and comments. Another available option to benefit from is the one that allows to configure the color of each of the drawings you put on the board, as well as the line weight (thin, regular or bold).","Tienes muchas opciones para dibujar en tu gráfico, desde líneas (incluidos canales de tendencia) hasta flechas, pasando por rectángulos, círculos y mucho más. Opción rápida para seleccionar dónde quieres colocar tus líneas (Máximo, Mínimo, Apertura o Cierre). También puedes escribir cualquier texto para añadir tus notas y comentarios. Otra opción disponible es la que permite configurar el color de cada uno de los dibujos que pones en el tablero, así como el grosor de la línea (fina, normal o gruesa).",,Pendiente,
componentes/rates-charts,rates-charts,ChartPage.FeaturesSection[2].Features[0].SubFeatures[0].title,,,,Pendiente,
componentes/rates-charts,rates-charts,ChartPage.FeaturesSection[2].Features[1].SubFeatures[0].content,Establish profitable opportunities and swing possibilities with it. It’s a technical drawing tool that uses three parallel trendlines to identify of support and resistance levels. It can help you define the price’s future movement range and its medium point.,Identifica oportunidades rentables y posibilidades de oscilación con ella. Es una herramienta de dibujo técnico que utiliza tres líneas de tendencia paralelas para identificar niveles de soporte y resistencia. Puede ayudarte a definir el rango de movimiento futuro del precio y su punto medio.,,Pendiente,
componentes/rates-charts,rates-charts,ChartPage.FeaturesSection[2].Features[1].SubFeatures[0].title,Andrew Pitchfork,Horquilla de Andrews,,Pendiente,
componentes/rates-charts,rates-charts,ChartPage.FeaturesSection[2].Features[1].SubFeatures[1].content,"Map out the magnitude of price moves with Retracements and Arcs. These tools let you draw studies about the possible developments of a price based on its previous move. It can be calculated following different mathematical concepts (Fibonacci, Gann…). While retracements are concerned with just the magnitude of moves, Arcs factor both magnitude and time, offering areas of future support or resistance that will move as time progresses.","Traza la magnitud de los movimientos de precio con los Retrocesos y Arcos. Estas herramientas te permiten dibujar estudios sobre los posibles desarrollos de un precio en función de su movimiento previo. Puede calcularse siguiendo distintos conceptos matemáticos (Fibonacci, Gann…). Mientras que los retrocesos se centran únicamente en la magnitud de los movimientos, los arcos tienen en cuenta tanto la magnitud como el tiempo, ofreciendo zonas de soporte o resistencia futuras que se desplazan a medida que avanza el tiempo.",,Pendiente,
componentes/rates-charts,rates-charts,ChartPage.FeaturesSection[2].Features[1].SubFeatures[1].title,Fibonacci Retracements and Arcs,Retrocesos y arcos de Fibonacci,,Pendiente,
componentes/rates-charts,rates-charts,ChartPage.FeaturesSection[2].Features[1].SubFeatures[2].content,"Determine trend direction with Linear Regression lines, wich analyze two separate variables, price and time, to define a single relationship and predict price trends.","Determina la dirección de la tendencia con las líneas de Regresión Lineal, que analizan dos variables separadas, precio y tiempo, para definir una única relación y predecir las tendencias del precio.",,Pendiente,
componentes/rates-charts,rates-charts,ChartPage.FeaturesSection[2].Features[1].SubFeatures[2].title,Linear Regression lines,Líneas de Regresión Lineal,,Pendiente,
componentes/rates-charts,rates-charts,ChartPage.FeaturesSection[2].Features[1].title,Exclusive drawing tools,Herramientas de dibujo exclusivas,,Pendiente,
componentes/rates-charts,rates-charts,ChartPage.FeaturesSection[2].title,Drawing Tools,Herramientas de dibujo,,Pendiente,
componentes/rates-charts,rates-charts,ChartPage.FeaturesSection[3].Features[0].SubFeatures[0].content,"We offer a tool to compare graphs so you can analyze the price history of two assets and analyze relative performance over a period of time. When you click on “Compare”, you can choose the second asset (currency, equity or index). The graph of both assets will be displayed in the same table, with the percentage of deviation in the right vertical axis. The starting point of both lines is zero. For a clearer view, it’s recommended to choose the “line” type. You can edit the color and weight of each currency.","Ofrecemos una herramienta para comparar gráficos y poder analizar el histórico de precios de dos activos y su rendimiento relativo a lo largo de un periodo de tiempo. Al hacer clic en «Comparar», puedes elegir el segundo activo (divisa, acción o índice). El gráfico de ambos activos se mostrará en la misma tabla, con el porcentaje de desviación en el eje vertical derecho. El punto de partida de ambas líneas es cero. Para una vista más clara, se recomienda elegir el tipo «línea». Puedes editar el color y el grosor de cada divisa.",,Pendiente,
componentes/rates-charts,rates-charts,ChartPage.FeaturesSection[3].Features[0].SubFeatures[0].title,,,,Pendiente,
componentes/rates-charts,rates-charts,ChartPage.FeaturesSection[3].Features[0].title,Compare assets,Comparar activos,,Pendiente,
componentes/rates-charts,rates-charts,ChartPage.FeaturesSection[3].title,Advanced Use,Uso avanzado,,Pendiente,
componentes/rates-charts,rates-charts,ChartPage.FeaturesSection[4].Features[0].SubFeatures[0].content,"Once you have customized all the options you need to analyze and trade the asset, you can save it. So when you come back to the board, it’s ready for you to work on!","Una vez que hayas personalizado todas las opciones que necesitas para analizar y operar el activo, puedes guardarlo. Así, cuando vuelvas al tablero, ¡estará listo para que trabajes!",,Pendiente,
componentes/rates-charts,rates-charts,ChartPage.FeaturesSection[4].Features[0].SubFeatures[0].title,,,,Pendiente,
componentes/rates-charts,rates-charts,ChartPage.FeaturesSection[4].Features[0].title,Save your configuration,Guarda tu configuración,,Pendiente,
componentes/rates-charts,rates-charts,ChartPage.FeaturesSection[4].Features[1].SubFeatures[0].content,"By clicking on the “Full chart” button, you will detach it from the FXStreet page so you only see and can focus fully on the diagram (no lateral bars, no navigation menu at the top).","Al hacer clic en el botón «Gráfico completo», lo separarás de la página de FXStreet para que solo veas el diagrama y puedas centrarte plenamente en él (sin barras laterales ni menú de navegación en la parte superior).",,Pendiente,
componentes/rates-charts,rates-charts,ChartPage.FeaturesSection[4].Features[1].SubFeatures[0].title,,,,Pendiente,
componentes/rates-charts,rates-charts,ChartPage.FeaturesSection[4].Features[1].title,Detach and see it full-screen,Separa y míralo a pantalla completa,,Pendiente,
componentes/rates-charts,rates-charts,ChartPage.FeaturesSection[4].Features[2].SubFeatures[0].content,"In just one click, you can export and save images (.png) of your graphs (with all your indicators, lines, drawings,...) for later analysis and review. Search for the “PNG” icon.","Con un solo clic, puedes exportar y guardar imágenes (.png) de tus gráficos (con todos tus indicadores, líneas, dibujos…) para analizarlas y revisarlas más tarde. Busca el icono «PNG».",,Pendiente,
componentes/rates-charts,rates-charts,ChartPage.FeaturesSection[4].Features[2].SubFeatures[0].title,,,,Pendiente,
componentes/rates-charts,rates-charts,ChartPage.FeaturesSection[4].Features[2].title,Export images,Exporta imágenes,,Pendiente,
componentes/rates-charts,rates-charts,ChartPage.FeaturesSection[4].title,"Save, Detach and Export","Guardar, separar y exportar",,Pendiente,
componentes/rates-charts,rates-charts,ChartPage.InformationalSection.FeaturesAndBenefits.fedSentimentIndexLink,/economic-calendar/fed-sentiment-index,/economic-calendar/fed-sentiment-index,,Pendiente,
componentes/rates-charts,rates-charts,ChartPage.InformationalSection.FeaturesAndBenefits.firstBulletpoints[0],"Fully customizable,  updated in real time (tick-by-tick), and completely free of charge — and it will remain so","Totalmente personalizable, actualizado en tiempo real (tick a tick) y completamente gratuito, y así seguirá siendo",,Pendiente,
componentes/rates-charts,rates-charts,ChartPage.InformationalSection.FeaturesAndBenefits.firstBulletpoints[1],"Access to over 6,000 assets, including all Forex pairs, cryptocurrencies, commodities, indices, and US stocks, with unique interbank rates","Acceso a más de 6.000 activos, incluyendo todos los pares de Forex, criptomonedas, materias primas, índices y acciones de EE. UU., con tipos interbancarios únicos",,Pendiente,
componentes/rates-charts,rates-charts,ChartPage.InformationalSection.FeaturesAndBenefits.firstBulletpoints[2],"Extensive historical data and more than 100 technical indicators, including the FXStreet Fed Sentiment Index","Amplios datos históricos y más de 100 indicadores técnicos, incluido el Índice de Sentimiento de la Fed de FXStreet",,Pendiente,
componentes/rates-charts,rates-charts,ChartPage.InformationalSection.FeaturesAndBenefits.firstBulletpoints[3],Ability to save your personalized configurations for a more efficient workflow,Posibilidad de guardar tus configuraciones personalizadas para un flujo de trabajo más eficiente,,Pendiente,
componentes/rates-charts,rates-charts,ChartPage.InformationalSection.FeaturesAndBenefits.intro,"An absolutely must-use tool for the trader, <link>FXStreet’s Interactive Chart</link> offers a very professional platform","Una herramienta absolutamente imprescindible para el trader, <link>el gráfico interactivo de FXStreet</link> ofrece una plataforma muy profesional",,Pendiente,
componentes/rates-charts,rates-charts,ChartPage.InformationalSection.FeaturesAndBenefits.linkIntro,/rates-charts/chart-interactive,/rates-charts/chart-interactive,,Pendiente,
componentes/rates-charts,rates-charts,ChartPage.InformationalSection.FeaturesAndBenefits.outro,Here below you have a complete description of its most interesting features and benefits so you can make the most of it.,A continuación encontrarás una descripción completa de sus características y ventajas más interesantes para que puedas aprovecharlo al máximo.,,Pendiente,
componentes/rates-charts,rates-charts,ChartPage.InformationalSection.FeaturesAndBenefits.title,Features and benefits,Características y ventajas,,Pendiente,
componentes/rates-charts,rates-charts,ChartPage.InformationalSection.FxstreetFedSentimentIndex.content[0],"There are many factors that impact asset valuations, such as macroeconomic data releases, geopolitical developments, and political headlines. Nevertheless, one of the arguably most closely watched market drivers is Fedspeak – a form of forward guidance that contains official and alternative communications by the Federal Reserve (Fed) officials.","Hay muchos factores que influyen en la valoración de los activos, como la publicación de datos macroeconómicos, los acontecimientos geopolíticos y los titulares políticos. No obstante, uno de los motores de mercado más observados es el discurso de la Fed (Fedspeak), una forma de orientación a futuro que recoge las comunicaciones oficiales y alternativas de los funcionarios de la Reserva Federal (Fed).",,Pendiente,
componentes/rates-charts,rates-charts,ChartPage.InformationalSection.FxstreetFedSentimentIndex.content[1],"In our commitment to finding actionable insights to help retail traders in their journey, FXStreet is introducing a new tool to help solve this difficult exercise: the <link>FXStreet Fed Sentiment Index</link> indicator.","En nuestro compromiso por encontrar ideas accionables que ayuden a los traders minoristas en su camino, FXStreet presenta una nueva herramienta para ayudar a resolver este difícil ejercicio: el indicador <link>Índice de Sentimiento de la Fed de FXStreet</link>.",,Pendiente,
componentes/rates-charts,rates-charts,ChartPage.InformationalSection.FxstreetFedSentimentIndex.content[2],"FXStreet Fed Sentiment Index indicator presents the Fed’s tone as a single value, considering comments from all voting and non-voting members of the FOMC in TV appearances, conferences, interviews, as well as the Fed’s official written communications and more.","El indicador Índice de Sentimiento de la Fed de FXStreet presenta el tono de la Fed como un único valor, teniendo en cuenta los comentarios de todos los miembros del FOMC, con y sin derecho a voto, en apariciones televisivas, conferencias, entrevistas, así como las comunicaciones escritas oficiales de la Fed y más.",,Pendiente,
componentes/rates-charts,rates-charts,ChartPage.InformationalSection.FxstreetFedSentimentIndex.content[3],The FXStreet Fed Sentiment Index indicator is adjusted every time a Fed policymaker comments on the policy outlook. It aims to explain how markets perceive the Fed language in its totality over a longer period of time.,El indicador Índice de Sentimiento de la Fed de FXStreet se ajusta cada vez que un responsable de la Fed comenta sobre las perspectivas de política monetaria. Su objetivo es explicar cómo perciben los mercados el lenguaje de la Fed en su totalidad a lo largo de un periodo de tiempo más amplio.,,Pendiente,
componentes/rates-charts,rates-charts,ChartPage.InformationalSection.FxstreetFedSentimentIndex.content[4],You will be surprised by all it has to offer.,Te sorprenderá todo lo que ofrece.,,Pendiente,
componentes/rates-charts,rates-charts,ChartPage.InformationalSection.FxstreetFedSentimentIndex.link,/economic-calendar/fed-sentiment-index,/economic-calendar/fed-sentiment-index,,Pendiente,
componentes/rates-charts,rates-charts,ChartPage.InformationalSection.FxstreetFedSentimentIndex.title,FXStreet Fed sentiment index,Índice de Sentimiento de la Fed de FXStreet,,Pendiente,
componentes/rates-charts,rates-charts,ChartPage.InformationalSection.title,Make the most of FXStreet Forex Interactive Chart,Saca el máximo partido al gráfico interactivo de Forex de FXStreet,,Pendiente,
componentes/rates-charts,rates-charts,ChartPage.InformationalSection.UniqueInterbankRates.content[0],"The majority of other information websites display prices from a single source, most of the time from one retail broker-dealer.","La mayoría de los demás sitios de información muestran precios de una única fuente, la mayoría de las veces de un solo bróker-dealer minorista.",,Pendiente,
componentes/rates-charts,rates-charts,ChartPage.InformationalSection.UniqueInterbankRates.content[1],"At FXStreet, traders get interbank rates coming from a systematic selection of data providers that deliver millions of updates per day.","En FXStreet, los traders obtienen tipos interbancarios procedentes de una selección sistemática de proveedores de datos que ofrecen millones de actualizaciones al día.",,Pendiente,
componentes/rates-charts,rates-charts,ChartPage.InformationalSection.UniqueInterbankRates.content[2],"Interbank quotes are essential for realistic valuations, such as comparison between interbank and a particular broker-dealer's rates; calculating risk exposure; analyzing performance; and justifying trades since price-driven indicators are much more reliable when using interbank rates.","Las cotizaciones interbancarias son esenciales para valoraciones realistas, como la comparación entre los tipos interbancarios y los de un bróker-dealer concreto; el cálculo de la exposición al riesgo; el análisis del rendimiento; y la justificación de operaciones, ya que los indicadores basados en el precio son mucho más fiables cuando se utilizan tipos interbancarios.",,Pendiente,
componentes/rates-charts,rates-charts,ChartPage.InformationalSection.UniqueInterbankRates.content[3],"<link>Our rates</link> are provided by Teletrader, a worldwide financial information provider to institutions like banks, brokers and stock exchanges.","<link>Nuestros tipos</link> los proporciona Teletrader, un proveedor mundial de información financiera para instituciones como bancos, brókeres y bolsas de valores.",,Pendiente,
componentes/rates-charts,rates-charts,ChartPage.InformationalSection.UniqueInterbankRates.link,/rates-charts/rates,/rates-charts/rates,,Pendiente,
componentes/rates-charts,rates-charts,ChartPage.InformationalSection.UniqueInterbankRates.title,Unique interbank rates,Tipos interbancarios únicos,,Pendiente,
componentes/rates-charts,rates-charts,ChartPage.InteractiveTradingSection.content,"Real-time interbank forex rates for more than 1,600 assets acrThe Forex Charts offer over 6,000 graphs in real-time with Forex Interbank rates, Cryptocurrencies, Commodities, Equity Indices and US stocks. It includes 19 time frames and flexible line tools. It also presents a vast range of technical indicators (over 100) such as Linear Regression, CCI, ADX, <link>the FXStreet Fed Sentiment Index</link>, and many more. You can detach the graph and see it full-screen. ","Tipos de cambio de Forex interbancarios en tiempo real para más de 1.600 activos. Los gráficos de Forex ofrecen más de 6.000 gráficos en tiempo real con tipos interbancarios de Forex, criptomonedas, materias primas, índices bursátiles y acciones de EE. UU. Incluye 19 marcos temporales y herramientas de líneas flexibles. También presenta una amplia gama de indicadores técnicos (más de 100) como Regresión Lineal, CCI, ADX, <link>el Índice de Sentimiento de la Fed de FXStreet</link> y muchos más. Puedes separar el gráfico y verlo a pantalla completa. ",,Pendiente,
componentes/rates-charts,rates-charts,ChartPage.InteractiveTradingSection.link,/economic-calendar/fed-sentiment-index,/economic-calendar/fed-sentiment-index,,Pendiente,
componentes/rates-charts,rates-charts,ChartPage.InteractiveTradingSection.title,Interactive Trading Chart,Gráfico de trading interactivo,,Pendiente,
componentes/rates-charts,rates-charts,ChartPage.title,Live Forex Charts,Gráficos de Forex en vivo,,Pendiente,
componentes/rates-charts,rates-charts,FaqsSection.faqs.audusd[0].answer,"AUD/USD is the currency pair that gauges the Australian Dollar’s (AUD) value against the US Dollar (USD), showing how many USD are needed to buy one AUD. AUD/USD is presented as an exchange rate that fluctuates based on supply and demand dynamics in the foreign exchange market. The relative strength of the United States (US) and the Australian economies, central bank policies, trade relations and political developments are among the factors that impact the exchange rate. AUD/USD is one of the most popular currency pairs among investors due to its high trading volumes and relatively low spreads.","El AUD/USD es el par de divisas que mide el valor del Dólar australiano (AUD) frente al Dólar estadounidense (USD), mostrando cuántos USD se necesitan para comprar un AUD. El AUD/USD se presenta como un tipo de cambio que fluctúa en función de la dinámica de oferta y demanda en el mercado de divisas. La fortaleza relativa de las economías de Estados Unidos (EE. UU.) y de Australia, las políticas de los bancos centrales, las relaciones comerciales y los acontecimientos políticos están entre los factores que influyen en el tipo de cambio. El AUD/USD es uno de los pares de divisas más populares entre los inversores debido a su elevado volumen de negociación y a sus diferenciales relativamente bajos.",,Pendiente,
componentes/rates-charts,rates-charts,FaqsSection.faqs.audusd[0].question,What is AUD/USD?,¿Qué es el AUD/USD?,,Pendiente,
componentes/rates-charts,rates-charts,FaqsSection.faqs.audusd[1].answer,"Market forecasting is very hard and models tend to fail to account for rapid changes and unexpected events, which can easily occur. Still, traders use multiple methods to analyze where the AUD/USD exchange rate could be in the short, medium, and long term. On the one hand, traders use technical analysis, which involves drawing price patterns on a chart and using mathematical indicators, to try to anticipate future price action. On the other hand, traders use macroeconomic or fundamental analysis, which focuses on economic developments such as central bank policies, employment, inflation, and growth data, to assess economic health. Finally, the sentiment analysis gauges the overall risk perception of markets to determine whether a currency is more likely to benefit from safe-haven flows or heightened risk appetite. Investors tend to make their trading decisions based on a combination of all these methods.","Pronosticar el mercado es muy difícil y los modelos tienden a no tener en cuenta los cambios rápidos y los eventos inesperados, que pueden ocurrir con facilidad. Aun así, los traders utilizan múltiples métodos para analizar dónde podría estar el tipo de cambio del AUD/USD a corto, medio y largo plazo. Por un lado, los traders usan el análisis técnico, que consiste en dibujar patrones de precio en un gráfico y utilizar indicadores matemáticos, para tratar de anticipar la acción futura del precio. Por otro lado, los traders usan el análisis macroeconómico o fundamental, que se centra en acontecimientos económicos como las políticas de los bancos centrales, el empleo, la inflación y los datos de crecimiento, para evaluar la salud económica. Por último, el análisis del sentimiento mide la percepción general de riesgo de los mercados para determinar si es más probable que una divisa se beneficie de los flujos hacia activos refugio o de un mayor apetito por el riesgo. Los inversores tienden a tomar sus decisiones de trading basándose en una combinación de todos estos métodos.",,Pendiente,
componentes/rates-charts,rates-charts,FaqsSection.faqs.audusd[1].question,How can I forecast the AUD/USD exchange rate?,¿Cómo puedo pronosticar el tipo de cambio del AUD/USD?,,Pendiente,
componentes/rates-charts,rates-charts,FaqsSection.faqs.audusd[2].answer,"The AUD/USD exchange rate is influenced by a wide range of economic and financial factors. The Reserve Bank of Australia (RBA) and the Federal Reserve’s (Fed) monetary policy strategy, based on inflation trends, the state of the economy and the labor market conditions, arguably play the most important role in determining the exchange rate. Additionally, fiscal policies, trade relations and political developments could drive the demand and/or supply for currencies, impacting the exchange rate.","El tipo de cambio del AUD/USD está influido por una amplia gama de factores económicos y financieros. La estrategia de política monetaria del Banco de la Reserva de Australia (RBA) y de la Reserva Federal (Fed), basada en las tendencias de la inflación, el estado de la economía y las condiciones del mercado laboral, probablemente desempeña el papel más importante a la hora de determinar el tipo de cambio. Además, las políticas fiscales, las relaciones comerciales y los acontecimientos políticos podrían impulsar la demanda y/o la oferta de divisas, afectando al tipo de cambio.",,Pendiente,
componentes/rates-charts,rates-charts,FaqsSection.faqs.audusd[2].question,Which factors influence the AUD/USD exchange rate?,¿Qué factores influyen en el tipo de cambio del AUD/USD?,,Pendiente,
componentes/rates-charts,rates-charts,FaqsSection.faqs.audusd[3].answer,"Central banks use various tools to fulfill their mandates, typically focused on controlling inflation and supporting the labor market. Interest rates are the main tool, but not the only one. However, it's the one that impacts financial markets the most as it's directly related to borrowing costs, both for people and companies. For example, if the Reserve Bank of Australia decides to raise interest rates to battle rising inflation, higher yields for holding onto the AUD make it more attractive to investors. As a result, the diminishing supply of the AUD in circulation helps it appreciate. Conversely, the US Dollar could depreciate if the Federal Reserve responds to worsening labor market conditions by lowering interest rates, thus making it less costly to borrow. AUD/USD rises if the RBA’s policy decisions are seen as supportive for the Australian Dollar or the Fed’s strategy is negative for the US Dollar, and vice versa.","Los bancos centrales utilizan diversas herramientas para cumplir sus mandatos, normalmente centrados en controlar la inflación y apoyar el mercado laboral. Los tipos de interés son la herramienta principal, pero no la única. Sin embargo, son los que más impactan en los mercados financieros, ya que están directamente relacionados con los costes de financiación, tanto para personas como para empresas. Por ejemplo, si el Banco de la Reserva de Australia decide subir los tipos de interés para combatir el aumento de la inflación, los mayores rendimientos por mantener el AUD lo hacen más atractivo para los inversores. Como resultado, la menor oferta de AUD en circulación ayuda a que se aprecie. Por el contrario, el Dólar estadounidense podría depreciarse si la Reserva Federal responde al empeoramiento de las condiciones del mercado laboral bajando los tipos de interés, abaratando así el coste de los préstamos. El AUD/USD sube si las decisiones de política del RBA se consideran favorables para el Dólar australiano o si la estrategia de la Fed es negativa para el Dólar estadounidense, y viceversa.",,Pendiente,
componentes/rates-charts,rates-charts,FaqsSection.faqs.audusd[3].question,How do central bank policies influence the AUD/USD exchange rate?,¿Cómo influyen las políticas de los bancos centrales en el tipo de cambio del AUD/USD?,,Pendiente,
componentes/rates-charts,rates-charts,FaqsSection.faqs.audusd[4].answer,"Trading AUD/USD involves buying or selling the Australian Dollar against the US Dollar in the foreign exchange market. While it’s possible to exchange physical currencies at banks or exchange offices, this method isn’t optimal due to the high costs involved. Instead, investors typically prefer to trade in the foreign exchange market through brokers’ digital platforms. Trading currency pairs online ensures low costs, fast execution times, and even provides the opportunity to use leverage, depending on how much risk an investor is willing to take.","Operar el AUD/USD implica comprar o vender el Dólar australiano frente al Dólar estadounidense en el mercado de divisas. Aunque es posible cambiar divisas físicas en bancos u oficinas de cambio, este método no es óptimo debido a los elevados costes que conlleva. En su lugar, los inversores suelen preferir operar en el mercado de divisas a través de las plataformas digitales de los brókeres. Operar pares de divisas en línea garantiza costes bajos, tiempos de ejecución rápidos e incluso ofrece la posibilidad de usar apalancamiento en función del riesgo que el inversor esté dispuesto a asumir.",,Pendiente,
componentes/rates-charts,rates-charts,FaqsSection.faqs.audusd[4].question,How can I trade AUD/USD?,¿Cómo puedo operar el AUD/USD?,,Pendiente,
componentes/rates-charts,rates-charts,FaqsSection.faqs.audusd[5].answer,"Most online trading platforms allow trading of currency pairs 24 hours every weekday. However, if a broker uses dynamic spreads, it will be more costly to trade AUD/USD during periods of low market activity, when volatility and liquidity are thin. Hence, most traders might prefer to trade AUD/USD by the end of the American session and when Asian markets open, between 20:00 GMT and 06:00 GMT. In addition to heightened market activity, macroeconomic data releases can also provide trading opportunities.","La mayoría de las plataformas de trading en línea permiten operar pares de divisas las 24 horas de cada día laborable. Sin embargo, si un bróker utiliza diferenciales dinámicos, será más costoso operar el AUD/USD durante los periodos de baja actividad del mercado, cuando la volatilidad y la liquidez son escasas. Por ello, la mayoría de los traders prefieren operar el AUD/USD al final de la sesión americana y cuando abren los mercados asiáticos, entre las 20:00 y las 06:00 GMT. Además de una mayor actividad del mercado, las publicaciones de datos macroeconómicos también pueden ofrecer oportunidades de trading.",,Pendiente,
componentes/rates-charts,rates-charts,FaqsSection.faqs.audusd[5].question,What is the best time to trade AUD/USD?,¿Cuál es el mejor momento para operar el AUD/USD?,,Pendiente,
componentes/rates-charts,rates-charts,FaqsSection.faqs.audusd[6].answer,"Technical analysis is a popular method for forecasting movements in the AUD/USD exchange rate. It involves studying historical price movements to identify trends, patterns and key support and resistance levels, which then can be used to enter or exit positions. There are also a variety of popular mathematical-based indicators, such as the Relative Strength Index (RSI), Momentum, Bollinger Bands, and Moving Averages, that traders use to confirm the continuation of trends or to spot oversold or overbought conditions in markets. Candlestick analysis is another highly used method within technical analysis, as it helps traders assess changes in bullish or bearish momentum by looking at specific candlestick formations, such as doji, engulfing, or hammer patterns.","El análisis técnico es un método popular para pronosticar los movimientos del tipo de cambio del AUD/USD. Consiste en estudiar los movimientos históricos de los precios para identificar tendencias, patrones y niveles clave de soporte y resistencia, que luego pueden utilizarse para abrir o cerrar posiciones. También existe una variedad de indicadores populares de base matemática, como el Índice de Fuerza Relativa (RSI), el Momentum, las Bandas de Bollinger y las Medias Móviles, que los traders utilizan para confirmar la continuación de las tendencias o para detectar condiciones de sobreventa o sobrecompra en los mercados. El análisis de velas es otro método muy utilizado dentro del análisis técnico, ya que ayuda a los traders a evaluar los cambios en el impulso alcista o bajista observando formaciones de velas específicas, como los patrones doji, envolvente o martillo.",,Pendiente,
componentes/rates-charts,rates-charts,FaqsSection.faqs.audusd[6].question,How is technical analysis used in trading AUD/USD?,¿Cómo se utiliza el análisis técnico para operar el AUD/USD?,,Pendiente,
componentes/rates-charts,rates-charts,FaqsSection.faqs.btcusd[0].answer,"Bitcoin is the world’s largest cryptocurrency by market capitalization. BTC/USD is the pair that gauges Bitcoin’s (BTC) value against the US Dollar (USD), showing how many USD are needed to buy one Bitcoin. BTC/USD is presented as an exchange rate that fluctuates based on supply and demand dynamics in the cryptocurrency market. Because cryptocurrencies are not fully regulated, their price movements are largely driven by market sentiment and speculation rather than the economic health of a specific economy. Nevertheless, United States (US) macroeconomic and fundamental developments that affect the USD can also influence the BTC/USD pair.","El Bitcoin es la mayor criptomoneda del mundo por capitalización bursátil. El BTC/USD es el par que mide el valor del Bitcoin (BTC) frente al Dólar estadounidense (USD), mostrando cuántos USD se necesitan para comprar un Bitcoin. El BTC/USD se presenta como un tipo de cambio que fluctúa en función de la dinámica de oferta y demanda en el mercado de criptomonedas. Dado que las criptomonedas no están totalmente reguladas, sus movimientos de precio están impulsados en gran medida por el sentimiento del mercado y la especulación, más que por la salud económica de una economía concreta. No obstante, los acontecimientos macroeconómicos y fundamentales de Estados Unidos (EE. UU.) que afectan al USD también pueden influir en el par BTC/USD.",,Pendiente,
componentes/rates-charts,rates-charts,FaqsSection.faqs.btcusd[0].question,What is Bitcoin?,¿Qué es el Bitcoin?,,Pendiente,
componentes/rates-charts,rates-charts,FaqsSection.faqs.btcusd[1].answer,"Market forecasting is very hard and models tend to fail to account for rapid changes and unexpected events, which can easily occur. Still, traders use multiple methods to analyze where the BTC/USD exchange rate could be in the short, medium, and long term. Technical analysis involves identifying price patterns and using mathematical indicators to anticipate future price action. Fundamental or macroeconomic analysis focuses on broader economic developments such as central bank policies, inflation, employment, and growth data. Sentiment analysis gauges overall market risk appetite. In the case of cryptocurrencies, traders also examine on-chain metrics, such as transaction volumes and the number of active addresses, which can be verified directly on the blockchain. Most investors rely on a combination of these approaches.","Pronosticar el mercado es muy difícil y los modelos tienden a no tener en cuenta los cambios rápidos y los eventos inesperados, que pueden ocurrir con facilidad. Aun así, los traders utilizan múltiples métodos para analizar dónde podría estar el tipo de cambio del BTC/USD a corto, medio y largo plazo. El análisis técnico consiste en identificar patrones de precio y utilizar indicadores matemáticos para anticipar la acción futura del precio. El análisis fundamental o macroeconómico se centra en acontecimientos económicos más amplios, como las políticas de los bancos centrales, la inflación, el empleo y los datos de crecimiento. El análisis del sentimiento mide el apetito general por el riesgo del mercado. En el caso de las criptomonedas, los traders también examinan métricas on-chain, como los volúmenes de transacciones y el número de direcciones activas, que pueden verificarse directamente en la blockchain. La mayoría de los inversores se apoyan en una combinación de estos enfoques.",,Pendiente,
componentes/rates-charts,rates-charts,FaqsSection.faqs.btcusd[1].question,How can I forecast the BTC/USD exchange rate?,¿Cómo puedo pronosticar el tipo de cambio del BTC/USD?,,Pendiente,
componentes/rates-charts,rates-charts,FaqsSection.faqs.btcusd[2].answer,"The BTC/USD exchange rate is influenced by a wide range of economic and financial factors. Supply and demand dynamics in the cryptocurrency market and regulatory developments are among the most important drivers. United States (US) macroeconomic events that affect the US Dollar can also impact the pair. Additionally, the Federal Reserve’s (Fed) monetary policy strategy, fiscal policies, trade relations, and political developments can influence demand and supply for Bitcoin, affecting its price.","El tipo de cambio del BTC/USD está influido por una amplia gama de factores económicos y financieros. La dinámica de oferta y demanda en el mercado de criptomonedas y los acontecimientos regulatorios están entre los motores más importantes. Los eventos macroeconómicos de Estados Unidos (EE. UU.) que afectan al Dólar estadounidense también pueden impactar en el par. Además, la estrategia de política monetaria de la Reserva Federal (Fed), las políticas fiscales, las relaciones comerciales y los acontecimientos políticos pueden influir en la demanda y la oferta de Bitcoin, afectando a su precio.",,Pendiente,
componentes/rates-charts,rates-charts,FaqsSection.faqs.btcusd[2].question,Which factors influence the BTC/USD exchange rate?,¿Qué factores influyen en el tipo de cambio del BTC/USD?,,Pendiente,
componentes/rates-charts,rates-charts,FaqsSection.faqs.btcusd[3].answer,"Trading BTC/USD involves buying or selling Bitcoin against the US Dollar. Since Bitcoin is a digital asset, it cannot be exchanged physically at banks or exchange offices. Instead, investors trade BTC/USD through brokers’ digital platforms or cryptocurrency exchanges. Trading cryptocurrencies online typically offers low costs, fast execution times, and may provide access to leverage, depending on the platform and the investor’s risk tolerance.","Operar el BTC/USD implica comprar o vender Bitcoin frente al Dólar estadounidense. Dado que el Bitcoin es un activo digital, no puede intercambiarse físicamente en bancos u oficinas de cambio. En su lugar, los inversores operan el BTC/USD a través de las plataformas digitales de los brókeres o de los exchanges de criptomonedas. Operar criptomonedas en línea normalmente ofrece costes bajos, tiempos de ejecución rápidos y puede dar acceso a apalancamiento, según la plataforma y la tolerancia al riesgo del inversor.",,Pendiente,
componentes/rates-charts,rates-charts,FaqsSection.faqs.btcusd[3].question,How can I trade BTC/USD?,¿Cómo puedo operar el BTC/USD?,,Pendiente,
componentes/rates-charts,rates-charts,FaqsSection.faqs.btcusd[4].answer,"Bitcoin, like most cryptocurrencies, is considered a high-risk investment due to its extreme volatility and limited regulatory oversight. Unlike traditional assets such as fiat currencies, commodities, or stocks, cryptocurrencies do not have an underlying physical asset, which adds to their risk profile. However, Bitcoin is a legitimate investment and has the potential to generate high returns. As with any financial investment, caution is advised, including using reputable platforms and fully understanding the risk-reward trade-off.","El Bitcoin, como la mayoría de las criptomonedas, se considera una inversión de alto riesgo debido a su extrema volatilidad y a su limitada supervisión regulatoria. A diferencia de activos tradicionales como las divisas fiat, las materias primas o las acciones, las criptomonedas no tienen un activo físico subyacente, lo que aumenta su perfil de riesgo. Sin embargo, el Bitcoin es una inversión legítima y tiene el potencial de generar rentabilidades elevadas. Como con cualquier inversión financiera, se aconseja precaución, incluido el uso de plataformas de confianza y la comprensión plena de la relación riesgo-recompensa.",,Pendiente,
componentes/rates-charts,rates-charts,FaqsSection.faqs.btcusd[4].question,Is it safe to invest in Bitcoin?,¿Es seguro invertir en Bitcoin?,,Pendiente,
componentes/rates-charts,rates-charts,FaqsSection.faqs.btcusd[5].answer,"Bitcoin has a maximum total supply of 21 million coins. One of Bitcoin’s defining characteristics is its limited supply, meaning no new Bitcoins will be created once this limit is reached. The number of new Bitcoins issued per block is reduced by half roughly every four years through a process known as halving. As a result, the final Bitcoin is expected to be mined around the year 2140. Due to rounding in the underlying arithmetic, the total supply is unlikely to ever reach exactly 21 million coins.","El Bitcoin tiene un suministro total máximo de 21 millones de monedas. Una de las características que definen al Bitcoin es su suministro limitado, lo que significa que no se crearán nuevos Bitcoins una vez alcanzado este límite. El número de nuevos Bitcoins emitidos por bloque se reduce a la mitad aproximadamente cada cuatro años mediante un proceso conocido como halving. Como resultado, se espera que el último Bitcoin se mine en torno al año 2140. Debido al redondeo en la aritmética subyacente, es poco probable que el suministro total llegue alguna vez a exactamente 21 millones de monedas.",,Pendiente,
componentes/rates-charts,rates-charts,FaqsSection.faqs.btcusd[5].question,What is Bitcoin’s maximum supply?,¿Cuál es el suministro máximo del Bitcoin?,,Pendiente,
componentes/rates-charts,rates-charts,FaqsSection.faqs.btcusd[6].answer,"Technical analysis is widely used to forecast movements in the BTC/USD exchange rate. It involves analyzing historical price data to identify trends, chart patterns, and key support and resistance levels, which can help traders decide when to enter or exit positions. Traders also use indicators such as the Relative Strength Index (RSI), Momentum, Bollinger Bands, and Moving Averages to confirm trend direction or identify overbought and oversold conditions. Candlestick analysis further helps assess shifts in bullish or bearish momentum through formations such as doji, engulfing, or hammer patterns.","El análisis técnico se utiliza ampliamente para pronosticar los movimientos del tipo de cambio del BTC/USD. Consiste en analizar los datos históricos de precios para identificar tendencias, patrones gráficos y niveles clave de soporte y resistencia, que pueden ayudar a los traders a decidir cuándo abrir o cerrar posiciones. Los traders también utilizan indicadores como el Índice de Fuerza Relativa (RSI), el Momentum, las Bandas de Bollinger y las Medias Móviles para confirmar la dirección de la tendencia o identificar condiciones de sobrecompra y sobreventa. El análisis de velas ayuda además a evaluar los cambios en el impulso alcista o bajista a través de formaciones como los patrones doji, envolvente o martillo.",,Pendiente,
componentes/rates-charts,rates-charts,FaqsSection.faqs.btcusd[6].question,How is technical analysis used in trading BTC/USD?,¿Cómo se utiliza el análisis técnico para operar el BTC/USD?,,Pendiente,
componentes/rates-charts,rates-charts,FaqsSection.faqs.dollarindexspot[0].answer,"The US Dollar Index (DXY) measures the value of the US Dollar (USD) against a basket of six major currencies: the Euro (EUR), the Japanese Yen (JPY), the Pound Sterling (GBP), the Canadian Dollar (CAD), the Swiss Franc (CHF) and the Swedish Krona (SEK). The DXY is presented as an exchange rate that fluctuates based on supply and demand dynamics in the foreign exchange market. The relative strength of the United States (US) economy compared with the other economies in the basket, central bank policies, trade relations and political developments are among the key factors that influence the index. The DXY is one of the most popular assets among investors due to its high trading volumes and relatively low spreads.","El Índice del Dólar estadounidense (DXY) mide el valor del Dólar estadounidense (USD) frente a una cesta de seis divisas principales: el Euro (EUR), el Yen japonés (JPY), la Libra esterlina (GBP), el Dólar canadiense (CAD), el Franco suizo (CHF) y la Corona sueca (SEK). El DXY se presenta como un tipo de cambio que fluctúa en función de la dinámica de oferta y demanda en el mercado de divisas. La fortaleza relativa de la economía de Estados Unidos (EE. UU.) frente a las demás economías de la cesta, las políticas de los bancos centrales, las relaciones comerciales y los acontecimientos políticos están entre los factores clave que influyen en el índice. El DXY es uno de los activos más populares entre los inversores debido a su elevado volumen de negociación y a sus diferenciales relativamente bajos.",,Pendiente,
componentes/rates-charts,rates-charts,FaqsSection.faqs.dollarindexspot[0].question,What is the US Dollar Index (DXY)?,¿Qué es el Índice del Dólar estadounidense (DXY)?,,Pendiente,
componentes/rates-charts,rates-charts,FaqsSection.faqs.dollarindexspot[1].answer,"The US Dollar Index (DXY) is important because it is widely seen as a gauge of US economic strength and overall confidence in the US Dollar. The United States is the world’s largest economy, and the USD is the most widely used global currency. Many countries hold the USD as a reserve asset, and it is extensively used in international trade invoicing. As a result, movements in the DXY can have broad implications for global financial markets.","El Índice del Dólar estadounidense (DXY) es importante porque se considera ampliamente un indicador de la fortaleza económica de EE. UU. y de la confianza general en el Dólar estadounidense. Estados Unidos es la mayor economía del mundo y el USD es la divisa más utilizada a nivel mundial. Muchos países mantienen el USD como activo de reserva y se utiliza de forma generalizada en la facturación del comercio internacional. Como resultado, los movimientos del DXY pueden tener amplias implicaciones para los mercados financieros mundiales.",,Pendiente,
componentes/rates-charts,rates-charts,FaqsSection.faqs.dollarindexspot[1].question,Why is the US Dollar Index important?,¿Por qué es importante el Índice del Dólar estadounidense?,,Pendiente,
componentes/rates-charts,rates-charts,FaqsSection.faqs.dollarindexspot[2].answer,"Market forecasting is very hard and models often fail to account for rapid changes and unexpected events. Still, traders use several methods to analyze where the DXY could move in the short, medium and long term. Technical analysis involves studying price charts and mathematical indicators to anticipate future movements. Fundamental or macroeconomic analysis focuses on economic developments such as central bank policies, inflation, employment and growth data. Sentiment analysis assesses overall market risk perception to determine whether the US Dollar is likely to benefit from safe-haven flows or stronger risk appetite. Traders typically combine these approaches.","Pronosticar el mercado es muy difícil y los modelos a menudo no logran tener en cuenta los cambios rápidos y los eventos inesperados. Aun así, los traders utilizan varios métodos para analizar hacia dónde podría moverse el DXY a corto, medio y largo plazo. El análisis técnico consiste en estudiar los gráficos de precios y los indicadores matemáticos para anticipar los movimientos futuros. El análisis fundamental o macroeconómico se centra en acontecimientos económicos como las políticas de los bancos centrales, la inflación, el empleo y los datos de crecimiento. El análisis del sentimiento evalúa la percepción general de riesgo del mercado para determinar si es probable que el Dólar estadounidense se beneficie de los flujos hacia activos refugio o de un mayor apetito por el riesgo. Los traders suelen combinar estos enfoques.",,Pendiente,
componentes/rates-charts,rates-charts,FaqsSection.faqs.dollarindexspot[2].question,How can I forecast the US Dollar Index?,¿Cómo puedo pronosticar el Índice del Dólar estadounidense?,,Pendiente,
componentes/rates-charts,rates-charts,FaqsSection.faqs.dollarindexspot[3].answer,"The valuation of the DXY is influenced by a wide range of economic and financial factors. The Federal Reserve’s (Fed) monetary policy decisions, driven by inflation trends, economic growth and labor market conditions, play a central role. In addition, fiscal policy, trade relations and political developments in the United States and in the economies of the basket currencies can affect demand and supply dynamics, influencing the index.","La valoración del DXY está influida por una amplia gama de factores económicos y financieros. Las decisiones de política monetaria de la Reserva Federal (Fed), impulsadas por las tendencias de la inflación, el crecimiento económico y las condiciones del mercado laboral, desempeñan un papel central. Además, la política fiscal, las relaciones comerciales y los acontecimientos políticos en Estados Unidos y en las economías de las divisas de la cesta pueden afectar a la dinámica de oferta y demanda, influyendo en el índice.",,Pendiente,
componentes/rates-charts,rates-charts,FaqsSection.faqs.dollarindexspot[3].question,Which factors influence the US Dollar Index’s valuation?,¿Qué factores influyen en la valoración del Índice del Dólar estadounidense?,,Pendiente,
componentes/rates-charts,rates-charts,FaqsSection.faqs.dollarindexspot[4].answer,"The DXY is calculated using a weighted geometric average of the exchange rates between the US Dollar and the six currencies in its basket. The Euro has the largest weight at 57.6%, followed by the Japanese Yen at 13.6%, the Pound Sterling at 11.9%, the Canadian Dollar at 9.1%, the Swedish Krona at 4.2% and the Swiss Franc at 3.6%.","El DXY se calcula utilizando una media geométrica ponderada de los tipos de cambio entre el Dólar estadounidense y las seis divisas de su cesta. El Euro tiene la mayor ponderación, con un 57,6%, seguido del Yen japonés con un 13,6%, la Libra esterlina con un 11,9%, el Dólar canadiense con un 9,1%, la Corona sueca con un 4,2% y el Franco suizo con un 3,6%.",,Pendiente,
componentes/rates-charts,rates-charts,FaqsSection.faqs.dollarindexspot[4].question,How is the DXY calculated?,¿Cómo se calcula el DXY?,,Pendiente,
componentes/rates-charts,rates-charts,FaqsSection.faqs.dollarindexspot[5].answer,"Trading the US Dollar Index involves gaining exposure to the US Dollar against a basket of six major currencies. While it is possible to physically exchange US Dollars for other currencies, the DXY itself cannot be bought or sold physically. Instead, investors trade the index through brokers’ digital platforms, typically using derivatives. Trading the DXY online offers low transaction costs, fast execution times and, depending on the platform, the opportunity to use leverage, based on an investor’s risk tolerance.","Operar el Índice del Dólar estadounidense implica obtener exposición al Dólar estadounidense frente a una cesta de seis divisas principales. Aunque es posible cambiar físicamente Dólares estadounidenses por otras divisas, el propio DXY no puede comprarse ni venderse de forma física. En su lugar, los inversores operan el índice a través de las plataformas digitales de los brókeres, normalmente utilizando derivados. Operar el DXY en línea ofrece costes de transacción bajos, tiempos de ejecución rápidos y, según la plataforma, la posibilidad de usar apalancamiento en función de la tolerancia al riesgo del inversor.",,Pendiente,
componentes/rates-charts,rates-charts,FaqsSection.faqs.dollarindexspot[5].question,How can I trade the US Dollar Index?,¿Cómo puedo operar el Índice del Dólar estadounidense?,,Pendiente,
componentes/rates-charts,rates-charts,FaqsSection.faqs.eurgbp[0].answer,"EUR/GBP is the currency pair that gauges the Euro’s (EUR) value against the Pound Sterling (GBP), showing how many GBP are needed to buy one EUR. EUR/GBP is presented as an exchange rate that fluctuates based on supply and demand dynamics in the foreign exchange market. The relative strength of the Eurozone and the United Kingdom (UK) economies, central bank policies, trade relations and political developments are among the factors that impact the exchange rate. EUR/GBP is considered a cross and tends to have limited volatility, although it can become more volatile when either economy releases first-tier macroeconomic data.","El EUR/GBP es el par de divisas que mide el valor del Euro (EUR) frente a la Libra esterlina (GBP), mostrando cuántas GBP se necesitan para comprar un EUR. El EUR/GBP se presenta como un tipo de cambio que fluctúa en función de la dinámica de oferta y demanda en el mercado de divisas. La fortaleza relativa de las economías de la Eurozona y del Reino Unido (RU), las políticas de los bancos centrales, las relaciones comerciales y los acontecimientos políticos están entre los factores que influyen en el tipo de cambio. El EUR/GBP se considera un cruce y tiende a tener una volatilidad limitada, aunque puede volverse más volátil cuando alguna de las dos economías publica datos macroeconómicos de primer nivel.",,Pendiente,
componentes/rates-charts,rates-charts,FaqsSection.faqs.eurgbp[0].question,What is EUR/GBP?,¿Qué es el EUR/GBP?,,Pendiente,
componentes/rates-charts,rates-charts,FaqsSection.faqs.eurgbp[1].answer,"Market forecasting is very hard and models tend to fail to account for rapid changes and unexpected events, which can easily occur. Still, traders use multiple methods to analyze where the EUR/GBP exchange rate could be in the short, medium, and long term. On the one hand, traders use technical analysis, which involves drawing price patterns on a chart and using mathematical indicators, to try to anticipate future price action. On the other hand, traders use macroeconomic or fundamental analysis, which focuses on economic developments such as central bank policies, employment, inflation, and growth data, to assess economic health. Finally, sentiment analysis gauges the overall risk perception of markets to determine whether a currency is more likely to benefit from safe-haven flows or heightened risk appetite. Investors tend to make their trading decisions based on a combination of all these methods.","Pronosticar el mercado es muy difícil y los modelos tienden a no tener en cuenta los cambios rápidos y los eventos inesperados, que pueden ocurrir con facilidad. Aun así, los traders utilizan múltiples métodos para analizar dónde podría estar el tipo de cambio del EUR/GBP a corto, medio y largo plazo. Por un lado, los traders usan el análisis técnico, que consiste en dibujar patrones de precio en un gráfico y utilizar indicadores matemáticos, para tratar de anticipar la acción futura del precio. Por otro lado, los traders usan el análisis macroeconómico o fundamental, que se centra en acontecimientos económicos como las políticas de los bancos centrales, el empleo, la inflación y los datos de crecimiento, para evaluar la salud económica. Por último, el análisis del sentimiento mide la percepción general de riesgo de los mercados para determinar si es más probable que una divisa se beneficie de los flujos hacia activos refugio o de un mayor apetito por el riesgo. Los inversores tienden a tomar sus decisiones de trading basándose en una combinación de todos estos métodos.",,Pendiente,
componentes/rates-charts,rates-charts,FaqsSection.faqs.eurgbp[1].question,How can I forecast the EUR/GBP exchange rate?,¿Cómo puedo pronosticar el tipo de cambio del EUR/GBP?,,Pendiente,
componentes/rates-charts,rates-charts,FaqsSection.faqs.eurgbp[2].answer,"The EUR/GBP exchange rate is influenced by a wide range of economic and financial factors. The European Central Bank (ECB) and the Bank of England’s (BoE) monetary policy strategies, based on inflation trends, the state of the economy and labor market conditions, arguably play the most important role in determining the exchange rate. Additionally, fiscal policies, trade relations and political developments could drive the demand and/or supply for currencies, impacting the exchange rate.","El tipo de cambio del EUR/GBP está influido por una amplia gama de factores económicos y financieros. Las estrategias de política monetaria del Banco Central Europeo (BCE) y del Banco de Inglaterra (BoE), basadas en las tendencias de la inflación, el estado de la economía y las condiciones del mercado laboral, probablemente desempeñan el papel más importante a la hora de determinar el tipo de cambio. Además, las políticas fiscales, las relaciones comerciales y los acontecimientos políticos podrían impulsar la demanda y/o la oferta de divisas, afectando al tipo de cambio.",,Pendiente,
componentes/rates-charts,rates-charts,FaqsSection.faqs.eurgbp[2].question,Which factors influence the EUR/GBP exchange rate?,¿Qué factores influyen en el tipo de cambio del EUR/GBP?,,Pendiente,
componentes/rates-charts,rates-charts,FaqsSection.faqs.eurgbp[3].answer,"Central banks use various tools to fulfill their mandates, typically focused on controlling inflation and supporting the labor market. Interest rates are the main tool, but not the only one. However, they have the strongest impact on financial markets as they directly influence borrowing costs for individuals and companies. For example, if the European Central Bank raises interest rates to fight rising inflation, higher yields for holding the Euro make it more attractive to investors, supporting its appreciation. Conversely, the Pound Sterling could depreciate if the Bank of England lowers interest rates in response to weakening labor market conditions. EUR/GBP rises if the ECB’s policy decisions are seen as supportive for the Euro or if the BoE’s strategy is negative for the Pound Sterling, and vice versa.","Los bancos centrales utilizan diversas herramientas para cumplir sus mandatos, normalmente centrados en controlar la inflación y apoyar el mercado laboral. Los tipos de interés son la herramienta principal, pero no la única. Sin embargo, son los que tienen mayor impacto en los mercados financieros, ya que influyen directamente en los costes de financiación de particulares y empresas. Por ejemplo, si el Banco Central Europeo sube los tipos de interés para combatir el aumento de la inflación, los mayores rendimientos por mantener el Euro lo hacen más atractivo para los inversores, favoreciendo su apreciación. Por el contrario, la Libra esterlina podría depreciarse si el Banco de Inglaterra baja los tipos de interés en respuesta al debilitamiento de las condiciones del mercado laboral. El EUR/GBP sube si las decisiones de política del BCE se consideran favorables para el Euro o si la estrategia del BoE es negativa para la Libra esterlina, y viceversa.",,Pendiente,
componentes/rates-charts,rates-charts,FaqsSection.faqs.eurgbp[3].question,How do central bank policies influence the EUR/GBP exchange rate?,¿Cómo influyen las políticas de los bancos centrales en el tipo de cambio del EUR/GBP?,,Pendiente,
componentes/rates-charts,rates-charts,FaqsSection.faqs.eurgbp[4].answer,"Trading EUR/GBP involves buying or selling the Euro against the Pound Sterling in the foreign exchange market. While it is possible to exchange physical currencies at banks or exchange offices, this method is generally inefficient due to higher costs. Instead, most investors trade EUR/GBP through brokers’ digital platforms, which typically offer lower costs, fast execution, and the possibility to use leverage, depending on an investor’s risk tolerance.","Operar el EUR/GBP implica comprar o vender el Euro frente a la Libra esterlina en el mercado de divisas. Aunque es posible cambiar divisas físicas en bancos u oficinas de cambio, este método suele ser ineficiente debido a sus mayores costes. En su lugar, la mayoría de los inversores operan el EUR/GBP a través de las plataformas digitales de los brókeres, que normalmente ofrecen costes más bajos, ejecución rápida y la posibilidad de usar apalancamiento, según la tolerancia al riesgo del inversor.",,Pendiente,
componentes/rates-charts,rates-charts,FaqsSection.faqs.eurgbp[4].question,How can I trade EUR/GBP?,¿Cómo puedo operar el EUR/GBP?,,Pendiente,
componentes/rates-charts,rates-charts,FaqsSection.faqs.eurgbp[5].answer,"Most online trading platforms allow trading of currency pairs 24 hours every weekday. However, trading EUR/GBP can be more costly during periods of low market activity if a broker uses dynamic spreads. As a result, many traders prefer to trade EUR/GBP when European markets are active and overlapping with the US session, typically between 10:00 GMT and 17:00 GMT. Important macroeconomic data releases can also create additional trading opportunities.","La mayoría de las plataformas de trading en línea permiten operar pares de divisas las 24 horas de cada día laborable. Sin embargo, operar el EUR/GBP puede ser más costoso durante los periodos de baja actividad del mercado si un bróker utiliza diferenciales dinámicos. Por ello, muchos traders prefieren operar el EUR/GBP cuando los mercados europeos están activos y se solapan con la sesión estadounidense, normalmente entre las 10:00 y las 17:00 GMT. Las publicaciones importantes de datos macroeconómicos también pueden generar oportunidades de trading adicionales.",,Pendiente,
componentes/rates-charts,rates-charts,FaqsSection.faqs.eurgbp[5].question,What is the best time to trade EUR/GBP?,¿Cuál es el mejor momento para operar el EUR/GBP?,,Pendiente,
componentes/rates-charts,rates-charts,FaqsSection.faqs.eurgbp[6].answer,"Technical analysis is a popular method for forecasting movements in the EUR/GBP exchange rate. It involves analyzing historical price data to identify trends, chart patterns, and key support and resistance levels, which can help traders decide when to enter or exit positions. Traders also rely on mathematical indicators such as the Relative Strength Index (RSI), Momentum, Bollinger Bands, and Moving Averages to confirm trend strength or identify overbought and oversold conditions. Candlestick analysis is another widely used approach, helping traders assess shifts in bullish or bearish momentum through formations such as doji, engulfing, or hammer patterns.","El análisis técnico es un método popular para pronosticar los movimientos del tipo de cambio del EUR/GBP. Consiste en analizar los datos históricos de precios para identificar tendencias, patrones gráficos y niveles clave de soporte y resistencia, que pueden ayudar a los traders a decidir cuándo abrir o cerrar posiciones. Los traders también recurren a indicadores matemáticos como el Índice de Fuerza Relativa (RSI), el Momentum, las Bandas de Bollinger y las Medias Móviles para confirmar la fuerza de la tendencia o identificar condiciones de sobrecompra y sobreventa. El análisis de velas es otro enfoque ampliamente utilizado, que ayuda a los traders a evaluar los cambios en el impulso alcista o bajista a través de formaciones como los patrones doji, envolvente o martillo.",,Pendiente,
componentes/rates-charts,rates-charts,FaqsSection.faqs.eurgbp[6].question,How is technical analysis used in trading EUR/GBP?,¿Cómo se utiliza el análisis técnico para operar el EUR/GBP?,,Pendiente,
componentes/rates-charts,rates-charts,FaqsSection.faqs.eurusd[0].answer,"EUR/USD is the currency pair that gauges the Euro’s (EUR) value against the US Dollar (USD), showing how many USD are needed to buy one EUR. EUR/USD is presented as an exchange rate that fluctuates based on supply and demand dynamics in the foreign exchange market. The relative strength of the United States (US) and the Eurozone economies, central bank policies, trade relations and political environments are among the factors that impact the exchange rate. EUR/USD is one of the most popular currency pairs among investors due to its high trading volumes and relatively low spreads.","El EUR/USD es el par de divisas que mide el valor del Euro (EUR) frente al Dólar estadounidense (USD), mostrando cuántos USD se necesitan para comprar un EUR. El EUR/USD se presenta como un tipo de cambio que fluctúa en función de la dinámica de oferta y demanda en el mercado de divisas. La fortaleza relativa de las economías de Estados Unidos (EE. UU.) y de la Eurozona, las políticas de los bancos centrales, las relaciones comerciales y los entornos políticos están entre los factores que influyen en el tipo de cambio. El EUR/USD es uno de los pares de divisas más populares entre los inversores debido a su elevado volumen de negociación y a sus diferenciales relativamente bajos.",,Pendiente,
componentes/rates-charts,rates-charts,FaqsSection.faqs.eurusd[0].question,What is EUR/USD?,¿Qué es el EUR/USD?,,Pendiente,
componentes/rates-charts,rates-charts,FaqsSection.faqs.eurusd[1].answer,"Market forecasting is very hard and models tend to fail to account for rapid changes and unexpected events, which can easily occur. Still, traders use multiple methods to analyze where the EUR/USD exchange rate could be in the short, medium and long term. The technical analysis consists of using mathematical-based indicators, such as moving averages and Fibonacci levels, as well as chart studies, while the fundamental analysis focuses on central bank policies, assessment of macroeconomic data and economic trends. Finally, the sentiment analysis gauges the overall risk perception of markets to determine whether a currency is more likely to benefit from safe-haven flows or heightened risk appetite.","Pronosticar el mercado es muy difícil y los modelos tienden a no tener en cuenta los cambios rápidos y los eventos inesperados, que pueden ocurrir con facilidad. Aun así, los traders utilizan múltiples métodos para analizar dónde podría estar el tipo de cambio del EUR/USD a corto, medio y largo plazo. El análisis técnico consiste en utilizar indicadores de base matemática, como medias móviles y niveles de Fibonacci, así como estudios de gráficos, mientras que el análisis fundamental se centra en las políticas de los bancos centrales, la valoración de los datos macroeconómicos y las tendencias económicas. Por último, el análisis del sentimiento mide la percepción general de riesgo de los mercados para determinar si es más probable que una divisa se beneficie de los flujos hacia activos refugio o de un mayor apetito por el riesgo.",,Pendiente,
componentes/rates-charts,rates-charts,FaqsSection.faqs.eurusd[1].question,How can I forecast the EUR/USD exchange rate?,¿Cómo puedo pronosticar el tipo de cambio del EUR/USD?,,Pendiente,
componentes/rates-charts,rates-charts,FaqsSection.faqs.eurusd[2].answer,"The EUR/USD exchange rate is influenced by a wide range of economic and financial factors. The European Central Bank’s (ECB) and the Federal Reserve’s (Fed) monetary policy strategy, based on inflation trends, the state of the economy and the labor market conditions, arguably play the most important role in determining the exchange rate. Additionally, fiscal policies, trade relations and political developments could drive the demand and/or supply for currencies, impacting the exchange rate.","El tipo de cambio del EUR/USD está influido por una amplia gama de factores económicos y financieros. La estrategia de política monetaria del Banco Central Europeo (BCE) y de la Reserva Federal (Fed), basada en las tendencias de la inflación, el estado de la economía y las condiciones del mercado laboral, probablemente desempeña el papel más importante a la hora de determinar el tipo de cambio. Además, las políticas fiscales, las relaciones comerciales y los acontecimientos políticos podrían impulsar la demanda y/o la oferta de divisas, afectando al tipo de cambio.",,Pendiente,
componentes/rates-charts,rates-charts,FaqsSection.faqs.eurusd[2].question,What factors influence the EUR/USD exchange rate?,¿Qué factores influyen en el tipo de cambio del EUR/USD?,,Pendiente,
componentes/rates-charts,rates-charts,FaqsSection.faqs.eurusd[3].answer,"Central banks use interest rates as the main tool to control inflation, promote economic growth and support the labor market. For example, if the European Central Bank decides to raise interest rates to battle rising inflation, higher yields for holding onto the Euro make it more attractive to investors. As a result, the diminishing supply of the Euro in circulation helps it appreciate. Conversely, the US Dollar could depreciate if the Federal Reserve responds to worsening labor market conditions by lowering interest rates, thus making it less costly to borrow. EUR/USD rises if the ECB’s policy decisions are seen as supportive for the Euro or the Fed’s strategy is negative for the US Dollar and vice versa.","Los bancos centrales utilizan los tipos de interés como principal herramienta para controlar la inflación, promover el crecimiento económico y apoyar el mercado laboral. Por ejemplo, si el Banco Central Europeo decide subir los tipos de interés para combatir el aumento de la inflación, los mayores rendimientos por mantener el Euro lo hacen más atractivo para los inversores. Como resultado, la menor oferta de Euros en circulación ayuda a que se aprecie. Por el contrario, el Dólar estadounidense podría depreciarse si la Reserva Federal responde al empeoramiento de las condiciones del mercado laboral bajando los tipos de interés, abaratando así el coste de los préstamos. El EUR/USD sube si las decisiones de política del BCE se consideran favorables para el Euro o si la estrategia de la Fed es negativa para el Dólar estadounidense, y viceversa.",,Pendiente,
componentes/rates-charts,rates-charts,FaqsSection.faqs.eurusd[3].question,How do central bank policies influence the EUR/USD exchange rate?,¿Cómo influyen las políticas de los bancos centrales en el tipo de cambio del EUR/USD?,,Pendiente,
componentes/rates-charts,rates-charts,FaqsSection.faqs.eurusd[4].answer,"Trading EUR/USD involves buying or selling the Euro against the US Dollar in the foreign exchange market. While it’s possible to exchange physical currencies in banks or exchange offices, this method is less than optimal due to the high costs associated with it. Instead, investors typically prefer to trade in the foreign exchange market through brokers’ digital platforms. Trading currency pairs online ensures low costs, fast execution times and even provides the opportunity to use leverage depending on how much risk an investor is willing to take.","Operar el EUR/USD implica comprar o vender el Euro frente al Dólar estadounidense en el mercado de divisas. Aunque es posible cambiar divisas físicas en bancos u oficinas de cambio, este método es poco óptimo debido a los elevados costes que conlleva. En su lugar, los inversores suelen preferir operar en el mercado de divisas a través de las plataformas digitales de los brókeres. Operar pares de divisas en línea garantiza costes bajos, tiempos de ejecución rápidos e incluso ofrece la posibilidad de usar apalancamiento en función del riesgo que el inversor esté dispuesto a asumir.",,Pendiente,
componentes/rates-charts,rates-charts,FaqsSection.faqs.eurusd[4].question,How can I trade EUR/USD?,¿Cómo puedo operar el EUR/USD?,,Pendiente,
componentes/rates-charts,rates-charts,FaqsSection.faqs.eurusd[5].answer,"Most online trading platforms allow trading of currency pairs 24 hours every weekday. However, if a broker uses dynamic spreads, it will be more costly to trade EUR/USD during periods of low market activity, when volatility and liquidity are thin. Hence, most traders might prefer to trade EUR/USD when both the European and US markets are open, between 13:00 GMT and 17:00 GMT. In addition to heightened market activity, macroeconomic data releases could provide trading opportunities during this period.","La mayoría de las plataformas de trading en línea permiten operar pares de divisas las 24 horas de cada día laborable. Sin embargo, si un bróker utiliza diferenciales dinámicos, será más costoso operar el EUR/USD durante los periodos de baja actividad del mercado, cuando la volatilidad y la liquidez son escasas. Por ello, la mayoría de los traders prefieren operar el EUR/USD cuando los mercados europeo y estadounidense están abiertos a la vez, entre las 13:00 y las 17:00 GMT. Además de una mayor actividad del mercado, las publicaciones de datos macroeconómicos pueden ofrecer oportunidades de trading durante este periodo.",,Pendiente,
componentes/rates-charts,rates-charts,FaqsSection.faqs.eurusd[5].question,What is the best time to trade EUR/USD?,¿Cuál es el mejor momento para operar el EUR/USD?,,Pendiente,
componentes/rates-charts,rates-charts,FaqsSection.faqs.eurusd[6].answer,"Technical analysis is a popular method for forecasting exchange rate movements in EUR/USD. It involves studying historical price movements to identify trends, patterns and key support and resistance levels, which then can be used to enter or exit positions. There are also a variety of popular mathematical-based indicators, such as the Relative Strength Index, Momentum, Bollinger Bands, and Moving Averages, that traders use to confirm the continuation of trends or to spot oversold/overbought conditions in markets. Candlestick analysis is another highly-used method within technical analysis, as it helps traders assess changes in bullish or bearish momentum by looking at specific candlestick formations, such as doji, engulfing, or hammer patterns.","El análisis técnico es un método popular para pronosticar los movimientos del tipo de cambio del EUR/USD. Consiste en estudiar los movimientos históricos de los precios para identificar tendencias, patrones y niveles clave de soporte y resistencia, que luego pueden utilizarse para abrir o cerrar posiciones. También existe una variedad de indicadores populares de base matemática, como el Índice de Fuerza Relativa, el Momentum, las Bandas de Bollinger y las Medias Móviles, que los traders utilizan para confirmar la continuación de las tendencias o para detectar condiciones de sobreventa/sobrecompra en los mercados. El análisis de velas es otro método muy utilizado dentro del análisis técnico, ya que ayuda a los traders a evaluar los cambios en el impulso alcista o bajista observando formaciones de velas específicas, como los patrones doji, envolvente o martillo.",,Pendiente,
componentes/rates-charts,rates-charts,FaqsSection.faqs.eurusd[6].question,How is technical analysis used in trading EUR/USD?,¿Cómo se utiliza el análisis técnico para operar el EUR/USD?,,Pendiente,
componentes/rates-charts,rates-charts,FaqsSection.faqs.gbpjpy[0].answer,"GBP/JPY is the currency pair that gauges the Pound Sterling’s (GBP) value against the Japanese Yen (JPY), showing how many JPY are needed to buy one GBP. GBP/JPY is presented as an exchange rate that fluctuates based on supply and demand dynamics in the foreign exchange market. The relative strength of the Japanese and the United Kingdom (UK) economies, central bank policies, trade relations and political developments are among the factors that impact the exchange rate. GBP/JPY is considered a cross currency pair and tends to be extremely volatile, which often results in wider spreads.","El GBP/JPY es el par de divisas que mide el valor de la Libra esterlina (GBP) frente al Yen japonés (JPY), mostrando cuántos JPY se necesitan para comprar una GBP. El GBP/JPY se presenta como un tipo de cambio que fluctúa en función de la dinámica de oferta y demanda en el mercado de divisas. La fortaleza relativa de las economías de Japón y del Reino Unido (RU), las políticas de los bancos centrales, las relaciones comerciales y los acontecimientos políticos están entre los factores que influyen en el tipo de cambio. El GBP/JPY se considera un cruce de divisas y tiende a ser extremadamente volátil, lo que a menudo se traduce en diferenciales más amplios.",,Pendiente,
componentes/rates-charts,rates-charts,FaqsSection.faqs.gbpjpy[0].question,What is GBP/JPY?,¿Qué es el GBP/JPY?,,Pendiente,
componentes/rates-charts,rates-charts,FaqsSection.faqs.gbpjpy[1].answer,"Market forecasting is very hard and models tend to fail to account for rapid changes and unexpected events, which can easily occur. Still, traders use multiple methods to analyze where the GBP/JPY exchange rate could be in the short, medium, and long term. On the one hand, traders use technical analysis, which involves drawing price patterns on a chart and using mathematical indicators, to try to anticipate future price action. On the other hand, traders use macroeconomic or fundamental analysis, which focuses on economic developments such as central bank policies, employment, inflation, and growth data, to assess economic health. Finally, sentiment analysis gauges the overall risk perception of markets to determine whether a currency is more likely to benefit from safe-haven flows or heightened risk appetite. Investors tend to base their trading decisions on a combination of all these methods.","Pronosticar el mercado es muy difícil y los modelos tienden a no tener en cuenta los cambios rápidos y los eventos inesperados, que pueden ocurrir con facilidad. Aun así, los traders utilizan múltiples métodos para analizar dónde podría estar el tipo de cambio del GBP/JPY a corto, medio y largo plazo. Por un lado, los traders usan el análisis técnico, que consiste en dibujar patrones de precio en un gráfico y utilizar indicadores matemáticos, para tratar de anticipar la acción futura del precio. Por otro lado, los traders usan el análisis macroeconómico o fundamental, que se centra en acontecimientos económicos como las políticas de los bancos centrales, el empleo, la inflación y los datos de crecimiento, para evaluar la salud económica. Por último, el análisis del sentimiento mide la percepción general de riesgo de los mercados para determinar si es más probable que una divisa se beneficie de los flujos hacia activos refugio o de un mayor apetito por el riesgo. Los inversores tienden a tomar sus decisiones de trading basándose en una combinación de todos estos métodos.",,Pendiente,
componentes/rates-charts,rates-charts,FaqsSection.faqs.gbpjpy[1].question,How can I forecast the GBP/JPY exchange rate?,¿Cómo puedo pronosticar el tipo de cambio del GBP/JPY?,,Pendiente,
componentes/rates-charts,rates-charts,FaqsSection.faqs.gbpjpy[2].answer,"The GBP/JPY exchange rate is influenced by a wide range of economic and financial factors. The Bank of England (BoE) and the Bank of Japan (BoJ) monetary policy strategies, based on inflation trends, the state of the economy and labor market conditions, arguably play the most important role in determining the exchange rate. Additionally, fiscal policies, trade relations and political developments can drive demand and supply dynamics for both currencies, impacting the exchange rate.","El tipo de cambio del GBP/JPY está influido por una amplia gama de factores económicos y financieros. Las estrategias de política monetaria del Banco de Inglaterra (BoE) y del Banco de Japón (BoJ), basadas en las tendencias de la inflación, el estado de la economía y las condiciones del mercado laboral, probablemente desempeñan el papel más importante a la hora de determinar el tipo de cambio. Además, las políticas fiscales, las relaciones comerciales y los acontecimientos políticos pueden impulsar la dinámica de oferta y demanda de ambas divisas, afectando al tipo de cambio.",,Pendiente,
componentes/rates-charts,rates-charts,FaqsSection.faqs.gbpjpy[2].question,Which factors influence the GBP/JPY exchange rate?,¿Qué factores influyen en el tipo de cambio del GBP/JPY?,,Pendiente,
componentes/rates-charts,rates-charts,FaqsSection.faqs.gbpjpy[3].answer,"Central banks use various tools to fulfill their mandates, typically focused on controlling inflation and supporting the labor market. Interest rates are the main tool, but not the only one. However, they tend to have the strongest impact on financial markets as they directly affect borrowing costs for consumers and businesses. For example, if the Bank of England raises interest rates to combat rising inflation, higher yields for holding the Pound Sterling make it more attractive to investors, supporting its appreciation. Conversely, the Japanese Yen could depreciate if the Bank of Japan lowers interest rates in response to weakening labor market conditions. GBP/JPY rises if the BoE’s policy stance is supportive for the GBP or if the BoJ’s strategy is negative for the Japanese Yen, and vice versa.","Los bancos centrales utilizan diversas herramientas para cumplir sus mandatos, normalmente centrados en controlar la inflación y apoyar el mercado laboral. Los tipos de interés son la herramienta principal, pero no la única. Sin embargo, suelen tener el mayor impacto en los mercados financieros, ya que afectan directamente a los costes de financiación de consumidores y empresas. Por ejemplo, si el Banco de Inglaterra sube los tipos de interés para combatir el aumento de la inflación, los mayores rendimientos por mantener la Libra esterlina la hacen más atractiva para los inversores, favoreciendo su apreciación. Por el contrario, el Yen japonés podría depreciarse si el Banco de Japón baja los tipos de interés en respuesta al debilitamiento de las condiciones del mercado laboral. El GBP/JPY sube si la postura de política del BoE es favorable para la GBP o si la estrategia del BoJ es negativa para el Yen japonés, y viceversa.",,Pendiente,
componentes/rates-charts,rates-charts,FaqsSection.faqs.gbpjpy[3].question,How do central bank policies influence the GBP/JPY exchange rate?,¿Cómo influyen las políticas de los bancos centrales en el tipo de cambio del GBP/JPY?,,Pendiente,
componentes/rates-charts,rates-charts,FaqsSection.faqs.gbpjpy[4].answer,"Trading GBP/JPY involves buying or selling the Pound Sterling against the Japanese Yen in the foreign exchange market. While it is possible to exchange physical currencies at banks or exchange offices, this approach is generally inefficient due to higher costs. Instead, most investors trade GBP/JPY through brokers’ digital trading platforms, which offer lower costs, fast execution, and the possibility to use leverage, depending on the investor’s risk tolerance.","Operar el GBP/JPY implica comprar o vender la Libra esterlina frente al Yen japonés en el mercado de divisas. Aunque es posible cambiar divisas físicas en bancos u oficinas de cambio, este enfoque suele ser ineficiente debido a sus mayores costes. En su lugar, la mayoría de los inversores operan el GBP/JPY a través de las plataformas digitales de trading de los brókeres, que ofrecen costes más bajos, ejecución rápida y la posibilidad de usar apalancamiento, según la tolerancia al riesgo del inversor.",,Pendiente,
componentes/rates-charts,rates-charts,FaqsSection.faqs.gbpjpy[4].question,How can I trade GBP/JPY?,¿Cómo puedo operar el GBP/JPY?,,Pendiente,
componentes/rates-charts,rates-charts,FaqsSection.faqs.gbpjpy[5].answer,"Most online trading platforms allow trading of currency pairs 24 hours every weekday. However, if a broker uses dynamic spreads, trading GBP/JPY can become more expensive during periods of low liquidity and volatility. As a result, many traders prefer to trade GBP/JPY from the mid-Asian session through the US session, typically between 07:00 GMT and 20:00 GMT. Important macroeconomic data releases can also create additional trading opportunities.","La mayoría de las plataformas de trading en línea permiten operar pares de divisas las 24 horas de cada día laborable. Sin embargo, si un bróker utiliza diferenciales dinámicos, operar el GBP/JPY puede encarecerse durante los periodos de baja liquidez y volatilidad. Por ello, muchos traders prefieren operar el GBP/JPY desde la media sesión asiática hasta la sesión estadounidense, normalmente entre las 07:00 y las 20:00 GMT. Las publicaciones importantes de datos macroeconómicos también pueden generar oportunidades de trading adicionales.",,Pendiente,
componentes/rates-charts,rates-charts,FaqsSection.faqs.gbpjpy[5].question,What is the best time to trade GBP/JPY?,¿Cuál es el mejor momento para operar el GBP/JPY?,,Pendiente,
componentes/rates-charts,rates-charts,FaqsSection.faqs.gbpjpy[6].answer,"Technical analysis is a popular method for forecasting movements in the GBP/JPY exchange rate. It involves studying historical price movements to identify trends, chart patterns, and key support and resistance levels, which can help traders determine entry and exit points. Traders also use mathematical indicators such as the Relative Strength Index (RSI), Momentum, Bollinger Bands, and Moving Averages to confirm trend strength or identify overbought and oversold market conditions. Candlestick analysis is another widely used approach, allowing traders to assess shifts in bullish or bearish momentum through formations such as doji, engulfing, or hammer patterns.","El análisis técnico es un método popular para pronosticar los movimientos del tipo de cambio del GBP/JPY. Consiste en estudiar los movimientos históricos de los precios para identificar tendencias, patrones gráficos y niveles clave de soporte y resistencia, que pueden ayudar a los traders a determinar los puntos de entrada y salida. Los traders también utilizan indicadores matemáticos como el Índice de Fuerza Relativa (RSI), el Momentum, las Bandas de Bollinger y las Medias Móviles para confirmar la fuerza de la tendencia o identificar condiciones de sobrecompra y sobreventa del mercado. El análisis de velas es otro enfoque ampliamente utilizado, que permite a los traders evaluar los cambios en el impulso alcista o bajista a través de formaciones como los patrones doji, envolvente o martillo.",,Pendiente,
componentes/rates-charts,rates-charts,FaqsSection.faqs.gbpjpy[6].question,How is technical analysis used in trading GBP/JPY?,¿Cómo se utiliza el análisis técnico para operar el GBP/JPY?,,Pendiente,
componentes/rates-charts,rates-charts,FaqsSection.faqs.gbpusd[0].answer,"GBP/USD is the currency pair that gauges the Pound Sterling’s (GBP) value against the US Dollar (USD), showing how many USD are needed to buy one GBP. GBP/USD is presented as an exchange rate that fluctuates based on supply and demand dynamics in the foreign exchange market. The relative strength of the United States (US) and the United Kingdom (UK) economies, central bank policies, trade relations and political developments are among the factors that impact the exchange rate. GBP/USD is one of the most popular currency pairs among investors due to its high trading volumes and relatively low spreads.","El GBP/USD es el par de divisas que mide el valor de la Libra esterlina (GBP) frente al Dólar estadounidense (USD), mostrando cuántos USD se necesitan para comprar una GBP. El GBP/USD se presenta como un tipo de cambio que fluctúa en función de la dinámica de oferta y demanda en el mercado de divisas. La fortaleza relativa de las economías de Estados Unidos (EE. UU.) y del Reino Unido (RU), las políticas de los bancos centrales, las relaciones comerciales y los acontecimientos políticos están entre los factores que influyen en el tipo de cambio. El GBP/USD es uno de los pares de divisas más populares entre los inversores debido a su elevado volumen de negociación y a sus diferenciales relativamente bajos.",,Pendiente,
componentes/rates-charts,rates-charts,FaqsSection.faqs.gbpusd[0].question,What is GBP/USD?,¿Qué es el GBP/USD?,,Pendiente,
componentes/rates-charts,rates-charts,FaqsSection.faqs.gbpusd[1].answer,"Market forecasting is very hard and models tend to fail to account for rapid changes and unexpected events, which can easily occur. Still, traders use multiple methods to analyze where the GBP/USD exchange rate could be in the short, medium, and long term. On the one hand, traders use technical analysis, which involves drawing price patterns on a chart and using mathematical indicators, to try to anticipate future price action. On the other hand, traders use macroeconomic or fundamental analysis, which focuses on economic developments such as central bank policies, employment, inflation, and growth data, to assess economic health. Finally, sentiment analysis gauges the overall risk perception of markets to determine whether a currency is more likely to benefit from safe-haven flows or heightened risk appetite. Investors tend to make their trading decisions based on a combination of all these methods.","Pronosticar el mercado es muy difícil y los modelos tienden a no tener en cuenta los cambios rápidos y los eventos inesperados, que pueden ocurrir con facilidad. Aun así, los traders utilizan múltiples métodos para analizar dónde podría estar el tipo de cambio del GBP/USD a corto, medio y largo plazo. Por un lado, los traders usan el análisis técnico, que consiste en dibujar patrones de precio en un gráfico y utilizar indicadores matemáticos, para tratar de anticipar la acción futura del precio. Por otro lado, los traders usan el análisis macroeconómico o fundamental, que se centra en acontecimientos económicos como las políticas de los bancos centrales, el empleo, la inflación y los datos de crecimiento, para evaluar la salud económica. Por último, el análisis del sentimiento mide la percepción general de riesgo de los mercados para determinar si es más probable que una divisa se beneficie de los flujos hacia activos refugio o de un mayor apetito por el riesgo. Los inversores tienden a tomar sus decisiones de trading basándose en una combinación de todos estos métodos.",,Pendiente,
componentes/rates-charts,rates-charts,FaqsSection.faqs.gbpusd[1].question,How can I forecast the GBP/USD exchange rate?,¿Cómo puedo pronosticar el tipo de cambio del GBP/USD?,,Pendiente,
componentes/rates-charts,rates-charts,FaqsSection.faqs.gbpusd[2].answer,"The GBP/USD exchange rate is influenced by a wide range of economic and financial factors. The Bank of England (BoE) and the Federal Reserve’s (Fed) monetary policy strategy, based on inflation trends, the state of the economy and the labor market conditions, arguably play the most important role in determining the exchange rate. Additionally, fiscal policies, trade relations and political developments could drive the demand and/or supply for currencies, impacting the exchange rate.","El tipo de cambio del GBP/USD está influido por una amplia gama de factores económicos y financieros. La estrategia de política monetaria del Banco de Inglaterra (BoE) y de la Reserva Federal (Fed), basada en las tendencias de la inflación, el estado de la economía y las condiciones del mercado laboral, probablemente desempeña el papel más importante a la hora de determinar el tipo de cambio. Además, las políticas fiscales, las relaciones comerciales y los acontecimientos políticos podrían impulsar la demanda y/o la oferta de divisas, afectando al tipo de cambio.",,Pendiente,
componentes/rates-charts,rates-charts,FaqsSection.faqs.gbpusd[2].question,Which factors influence the GBP/USD exchange rate?,¿Qué factores influyen en el tipo de cambio del GBP/USD?,,Pendiente,
componentes/rates-charts,rates-charts,FaqsSection.faqs.gbpusd[3].answer,"Central banks use various tools to fulfill their mandates, typically focused on controlling inflation and supporting the labor market. Interest rates are the main tool, but not the only one. However, it's the one that impacts financial markets the most as it's directly related to borrowing costs, both for people and companies. For example, if the Bank of England decides to raise interest rates to battle rising inflation, higher yields for holding onto the Pound Sterling make it more attractive to investors. As a result, the diminishing supply of the Pound Sterling in circulation helps it appreciate. Conversely, the US Dollar could depreciate if the Federal Reserve responds to worsening labor market conditions by lowering interest rates, thus making it less costly to borrow. GBP/USD rises if the BoE’s policy decisions are seen as supportive for the GBP or the Fed’s strategy is negative for the US Dollar, and vice versa.","Los bancos centrales utilizan diversas herramientas para cumplir sus mandatos, normalmente centrados en controlar la inflación y apoyar el mercado laboral. Los tipos de interés son la herramienta principal, pero no la única. Sin embargo, son los que más impactan en los mercados financieros, ya que están directamente relacionados con los costes de financiación, tanto para personas como para empresas. Por ejemplo, si el Banco de Inglaterra decide subir los tipos de interés para combatir el aumento de la inflación, los mayores rendimientos por mantener la Libra esterlina la hacen más atractiva para los inversores. Como resultado, la menor oferta de Libras esterlinas en circulación ayuda a que se aprecie. Por el contrario, el Dólar estadounidense podría depreciarse si la Reserva Federal responde al empeoramiento de las condiciones del mercado laboral bajando los tipos de interés, abaratando así el coste de los préstamos. El GBP/USD sube si las decisiones de política del BoE se consideran favorables para la GBP o si la estrategia de la Fed es negativa para el Dólar estadounidense, y viceversa.",,Pendiente,
componentes/rates-charts,rates-charts,FaqsSection.faqs.gbpusd[3].question,How do central bank policies influence the GBP/USD exchange rate?,¿Cómo influyen las políticas de los bancos centrales en el tipo de cambio del GBP/USD?,,Pendiente,
componentes/rates-charts,rates-charts,FaqsSection.faqs.gbpusd[4].answer,"Trading GBP/USD involves buying or selling the Pound Sterling against the US Dollar in the foreign exchange market. While it’s possible to exchange physical currencies at banks or exchange offices, this method isn’t optimal due to the high costs involved. Instead, investors typically prefer to trade in the foreign exchange market through brokers’ digital platforms. Trading currency pairs online ensures low costs, fast execution times, and even provides the opportunity to use leverage, depending on how much risk an investor is willing to take.","Operar el GBP/USD implica comprar o vender la Libra esterlina frente al Dólar estadounidense en el mercado de divisas. Aunque es posible cambiar divisas físicas en bancos u oficinas de cambio, este método no es óptimo debido a los elevados costes que conlleva. En su lugar, los inversores suelen preferir operar en el mercado de divisas a través de las plataformas digitales de los brókeres. Operar pares de divisas en línea garantiza costes bajos, tiempos de ejecución rápidos e incluso ofrece la posibilidad de usar apalancamiento en función del riesgo que el inversor esté dispuesto a asumir.",,Pendiente,
componentes/rates-charts,rates-charts,FaqsSection.faqs.gbpusd[4].question,How can I trade GBP/USD?,¿Cómo puedo operar el GBP/USD?,,Pendiente,
componentes/rates-charts,rates-charts,FaqsSection.faqs.gbpusd[5].answer,"Most online trading platforms allow trading of currency pairs 24 hours every weekday. However, if a broker uses dynamic spreads, it will be more costly to trade GBP/USD during periods of low market activity, when volatility and liquidity are thin. Hence, most traders might prefer to trade GBP/USD when both the European and US markets are open, between 13:00 GMT and 17:00 GMT. In addition to heightened market activity, macroeconomic data releases can also provide trading opportunities.","La mayoría de las plataformas de trading en línea permiten operar pares de divisas las 24 horas de cada día laborable. Sin embargo, si un bróker utiliza diferenciales dinámicos, será más costoso operar el GBP/USD durante los periodos de baja actividad del mercado, cuando la volatilidad y la liquidez son escasas. Por ello, la mayoría de los traders prefieren operar el GBP/USD cuando los mercados europeo y estadounidense están abiertos a la vez, entre las 13:00 y las 17:00 GMT. Además de una mayor actividad del mercado, las publicaciones de datos macroeconómicos también pueden ofrecer oportunidades de trading.",,Pendiente,
componentes/rates-charts,rates-charts,FaqsSection.faqs.gbpusd[5].question,What is the best time to trade GBP/USD?,¿Cuál es el mejor momento para operar el GBP/USD?,,Pendiente,
componentes/rates-charts,rates-charts,FaqsSection.faqs.gbpusd[6].answer,"Technical analysis is a popular method for forecasting movements in the GBP/USD exchange rate. It involves studying historical price movements to identify trends, patterns and key support and resistance levels, which then can be used to enter or exit positions. There are also a variety of popular mathematical-based indicators, such as the Relative Strength Index (RSI), Momentum, Bollinger Bands, and Moving Averages, that traders use to confirm the continuation of trends or to spot oversold or overbought conditions in markets. Candlestick analysis is another highly used method within technical analysis, as it helps traders assess changes in bullish or bearish momentum by looking at specific candlestick formations, such as doji, engulfing, or hammer patterns.","El análisis técnico es un método popular para pronosticar los movimientos del tipo de cambio del GBP/USD. Consiste en estudiar los movimientos históricos de los precios para identificar tendencias, patrones y niveles clave de soporte y resistencia, que luego pueden utilizarse para abrir o cerrar posiciones. También existe una variedad de indicadores populares de base matemática, como el Índice de Fuerza Relativa (RSI), el Momentum, las Bandas de Bollinger y las Medias Móviles, que los traders utilizan para confirmar la continuación de las tendencias o para detectar condiciones de sobreventa o sobrecompra en los mercados. El análisis de velas es otro método muy utilizado dentro del análisis técnico, ya que ayuda a los traders a evaluar los cambios en el impulso alcista o bajista observando formaciones de velas específicas, como los patrones doji, envolvente o martillo.",,Pendiente,
componentes/rates-charts,rates-charts,FaqsSection.faqs.gbpusd[6].question,How is technical analysis used in trading GBP/USD?,¿Cómo se utiliza el análisis técnico para operar el GBP/USD?,,Pendiente,
componentes/rates-charts,rates-charts,FaqsSection.faqs.nzdusd[0].answer,"NZD/USD is the currency pair that gauges the New Zealand Dollar’s (NZD) value against the US Dollar (USD), showing how many USD are needed to buy one NZD. NZD/USD is presented as an exchange rate that fluctuates based on supply and demand dynamics in the foreign exchange market. The relative strength of the United States (US) and the New Zealand economies, central bank policies, trade relations and political developments are among the factors that impact the exchange rate. NZD/USD is one of the most popular currency pairs among investors due to its high trading volumes and relatively low spreads.","El NZD/USD es el par de divisas que mide el valor del Dólar neozelandés (NZD) frente al Dólar estadounidense (USD), mostrando cuántos USD se necesitan para comprar un NZD. El NZD/USD se presenta como un tipo de cambio que fluctúa en función de la dinámica de oferta y demanda en el mercado de divisas. La fortaleza relativa de las economías de Estados Unidos (EE. UU.) y de Nueva Zelanda, las políticas de los bancos centrales, las relaciones comerciales y los acontecimientos políticos están entre los factores que influyen en el tipo de cambio. El NZD/USD es uno de los pares de divisas más populares entre los inversores debido a su elevado volumen de negociación y a sus diferenciales relativamente bajos.",,Pendiente,
componentes/rates-charts,rates-charts,FaqsSection.faqs.nzdusd[0].question,What is NZD/USD?,¿Qué es el NZD/USD?,,Pendiente,
componentes/rates-charts,rates-charts,FaqsSection.faqs.nzdusd[1].answer,"Market forecasting is very hard and models tend to fail to account for rapid changes and unexpected events, which can easily occur. Still, traders use multiple methods to analyze where the NZD/USD exchange rate could be in the short, medium, and long term. On the one hand, traders use technical analysis, which involves drawing price patterns on a chart and using mathematical indicators, to try to anticipate future price action. On the other hand, traders use macroeconomic or fundamental analysis, which focuses on economic developments such as central bank policies, employment, inflation, and growth data, to assess economic health. Finally, the sentiment analysis gauges the overall risk perception of markets to determine whether a currency is more likely to benefit from safe-haven flows or heightened risk appetite. Investors tend to make their trading decisions based on a combination of all these methods.","Pronosticar el mercado es muy difícil y los modelos tienden a no tener en cuenta los cambios rápidos y los eventos inesperados, que pueden ocurrir con facilidad. Aun así, los traders utilizan múltiples métodos para analizar dónde podría estar el tipo de cambio del NZD/USD a corto, medio y largo plazo. Por un lado, los traders usan el análisis técnico, que consiste en dibujar patrones de precio en un gráfico y utilizar indicadores matemáticos, para tratar de anticipar la acción futura del precio. Por otro lado, los traders usan el análisis macroeconómico o fundamental, que se centra en acontecimientos económicos como las políticas de los bancos centrales, el empleo, la inflación y los datos de crecimiento, para evaluar la salud económica. Por último, el análisis del sentimiento mide la percepción general de riesgo de los mercados para determinar si es más probable que una divisa se beneficie de los flujos hacia activos refugio o de un mayor apetito por el riesgo. Los inversores tienden a tomar sus decisiones de trading basándose en una combinación de todos estos métodos.",,Pendiente,
componentes/rates-charts,rates-charts,FaqsSection.faqs.nzdusd[1].question,How can I forecast the NZD/USD exchange rate?,¿Cómo puedo pronosticar el tipo de cambio del NZD/USD?,,Pendiente,
componentes/rates-charts,rates-charts,FaqsSection.faqs.nzdusd[2].answer,"The NZD/USD exchange rate is influenced by a wide range of economic and financial factors. The Reserve Bank of New Zealand (RBNZ) and the Federal Reserve’s (Fed) monetary policy strategy, based on inflation trends, the state of the economy and the labor market conditions, arguably play the most important role in determining the exchange rate. Additionally, fiscal policies, trade relations and political developments could drive the demand and/or supply for currencies, impacting the exchange rate.","El tipo de cambio del NZD/USD está influido por una amplia gama de factores económicos y financieros. La estrategia de política monetaria del Banco de la Reserva de Nueva Zelanda (RBNZ) y de la Reserva Federal (Fed), basada en las tendencias de la inflación, el estado de la economía y las condiciones del mercado laboral, probablemente desempeña el papel más importante a la hora de determinar el tipo de cambio. Además, las políticas fiscales, las relaciones comerciales y los acontecimientos políticos podrían impulsar la demanda y/o la oferta de divisas, afectando al tipo de cambio.",,Pendiente,
componentes/rates-charts,rates-charts,FaqsSection.faqs.nzdusd[2].question,Which factors influence the NZD/USD exchange rate?,¿Qué factores influyen en el tipo de cambio del NZD/USD?,,Pendiente,
componentes/rates-charts,rates-charts,FaqsSection.faqs.nzdusd[3].answer,"Central banks use various tools to fulfill their mandates, typically focused on controlling inflation and supporting the labor market. Interest rates are the main tool, but not the only one. However, it's the one that impacts financial markets the most as it's directly related to borrowing costs, both for people and companies. For example, if the Reserve Bank of New Zealand decides to raise interest rates to battle rising inflation, higher yields for holding onto the NZD make it more attractive to investors. As a result, the diminishing supply of the NZD in circulation helps it appreciate. Conversely, the US Dollar could depreciate if the Federal Reserve responds to worsening labor market conditions by lowering interest rates, thus making it less costly to borrow. NZD/USD rises if the RBNZ’s policy decisions are seen as supportive for the New Zealand Dollar or the Fed’s strategy is negative for the US Dollar, and vice versa.","Los bancos centrales utilizan diversas herramientas para cumplir sus mandatos, normalmente centrados en controlar la inflación y apoyar el mercado laboral. Los tipos de interés son la herramienta principal, pero no la única. Sin embargo, son los que más impactan en los mercados financieros, ya que están directamente relacionados con los costes de financiación, tanto para personas como para empresas. Por ejemplo, si el Banco de la Reserva de Nueva Zelanda decide subir los tipos de interés para combatir el aumento de la inflación, los mayores rendimientos por mantener el NZD lo hacen más atractivo para los inversores. Como resultado, la menor oferta de NZD en circulación ayuda a que se aprecie. Por el contrario, el Dólar estadounidense podría depreciarse si la Reserva Federal responde al empeoramiento de las condiciones del mercado laboral bajando los tipos de interés, abaratando así el coste de los préstamos. El NZD/USD sube si las decisiones de política del RBNZ se consideran favorables para el Dólar neozelandés o si la estrategia de la Fed es negativa para el Dólar estadounidense, y viceversa.",,Pendiente,
componentes/rates-charts,rates-charts,FaqsSection.faqs.nzdusd[3].question,How do central bank policies influence the NZD/USD exchange rate?,¿Cómo influyen las políticas de los bancos centrales en el tipo de cambio del NZD/USD?,,Pendiente,
componentes/rates-charts,rates-charts,FaqsSection.faqs.nzdusd[4].answer,"Trading NZD/USD involves buying or selling the New Zealand Dollar against the US Dollar in the foreign exchange market. While it’s possible to exchange physical currencies at banks or exchange offices, this method isn’t optimal due to the high costs involved. Instead, investors typically prefer to trade in the foreign exchange market through brokers’ digital platforms. Trading currency pairs online ensures low costs, fast execution times, and even provides the opportunity to use leverage, depending on how much risk an investor is willing to take.","Operar el NZD/USD implica comprar o vender el Dólar neozelandés frente al Dólar estadounidense en el mercado de divisas. Aunque es posible cambiar divisas físicas en bancos u oficinas de cambio, este método no es óptimo debido a los elevados costes que conlleva. En su lugar, los inversores suelen preferir operar en el mercado de divisas a través de las plataformas digitales de los brókeres. Operar pares de divisas en línea garantiza costes bajos, tiempos de ejecución rápidos e incluso ofrece la posibilidad de usar apalancamiento en función del riesgo que el inversor esté dispuesto a asumir.",,Pendiente,
componentes/rates-charts,rates-charts,FaqsSection.faqs.nzdusd[4].question,How can I trade NZD/USD?,¿Cómo puedo operar el NZD/USD?,,Pendiente,
componentes/rates-charts,rates-charts,FaqsSection.faqs.nzdusd[5].answer,"Most online trading platforms allow trading of currency pairs 24 hours every weekday. However, if a broker uses dynamic spreads, it will be more costly to trade NZD/USD during periods of low market activity, when volatility and liquidity are thin. Hence, most traders might prefer to trade NZD/USD by the end of the American session and when Asian markets open, between 20:00 GMT and 06:00 GMT. In addition to heightened market activity, macroeconomic data releases can also provide trading opportunities.","La mayoría de las plataformas de trading en línea permiten operar pares de divisas las 24 horas de cada día laborable. Sin embargo, si un bróker utiliza diferenciales dinámicos, será más costoso operar el NZD/USD durante los periodos de baja actividad del mercado, cuando la volatilidad y la liquidez son escasas. Por ello, la mayoría de los traders prefieren operar el NZD/USD al final de la sesión americana y cuando abren los mercados asiáticos, entre las 20:00 y las 06:00 GMT. Además de una mayor actividad del mercado, las publicaciones de datos macroeconómicos también pueden ofrecer oportunidades de trading.",,Pendiente,
componentes/rates-charts,rates-charts,FaqsSection.faqs.nzdusd[5].question,What is the best time to trade NZD/USD?,¿Cuál es el mejor momento para operar el NZD/USD?,,Pendiente,
componentes/rates-charts,rates-charts,FaqsSection.faqs.nzdusd[6].answer,"Technical analysis is a popular method for forecasting movements in the NZD/USD exchange rate. It involves studying historical price movements to identify trends, patterns and key support and resistance levels, which then can be used to enter or exit positions. There are also a variety of popular mathematical-based indicators, such as the Relative Strength Index (RSI), Momentum, Bollinger Bands, and Moving Averages, that traders use to confirm the continuation of trends or to spot oversold or overbought conditions in markets. Candlestick analysis is another highly used method within technical analysis, as it helps traders assess changes in bullish or bearish momentum by looking at specific candlestick formations, such as doji, engulfing, or hammer patterns.","El análisis técnico es un método popular para pronosticar los movimientos del tipo de cambio del NZD/USD. Consiste en estudiar los movimientos históricos de los precios para identificar tendencias, patrones y niveles clave de soporte y resistencia, que luego pueden utilizarse para abrir o cerrar posiciones. También existe una variedad de indicadores populares de base matemática, como el Índice de Fuerza Relativa (RSI), el Momentum, las Bandas de Bollinger y las Medias Móviles, que los traders utilizan para confirmar la continuación de las tendencias o para detectar condiciones de sobreventa o sobrecompra en los mercados. El análisis de velas es otro método muy utilizado dentro del análisis técnico, ya que ayuda a los traders a evaluar los cambios en el impulso alcista o bajista observando formaciones de velas específicas, como los patrones doji, envolvente o martillo.",,Pendiente,
componentes/rates-charts,rates-charts,FaqsSection.faqs.nzdusd[6].question,How is technical analysis used in trading NZD/USD?,¿Cómo se utiliza el análisis técnico para operar el NZD/USD?,,Pendiente,
componentes/rates-charts,rates-charts,FaqsSection.faqs.sp500[0].answer,"The Standard & Poor's 500 (S&P 500) is a stock market index tracking the stock performance of 500 of the largest companies listed on stock exchanges in the United States (US). It is seen as a leading indicator of US equities and includes approximately 80% of the total market capitalization of US public companies. The S&P 500 serves as a barometer of the US economic health, with a rising index typically signaling economic strength.","El Standard & Poor’s 500 (S&P 500) es un índice bursátil que sigue el comportamiento de las acciones de 500 de las mayores empresas que cotizan en las bolsas de Estados Unidos (EE. UU.). Se considera un indicador adelantado de la renta variable estadounidense e incluye aproximadamente el 80% de la capitalización bursátil total de las empresas cotizadas de EE. UU. El S&P 500 sirve como barómetro de la salud económica de EE. UU., y un índice al alza suele señalar fortaleza económica.",,Pendiente,
componentes/rates-charts,rates-charts,FaqsSection.faqs.sp500[0].question,What is the S&P 500 Index?,¿Qué es el índice S&P 500?,,Pendiente,
componentes/rates-charts,rates-charts,FaqsSection.faqs.sp500[1].answer,"The S&P 500, operated by S&P Dow Jones Indices, is weighted by free-float market capitalization, meaning that larger companies have a greater impact on the index. Constituents and their weights are regularly updated based on rules set by S&P Dow Jones Indices. The S&P Index Committee, comprising analysts and economists at Standard & Poor's, selects the companies based on criteria such as market size, liquidity, and industry grouping.","El S&P 500, gestionado por S&P Dow Jones Indices, se pondera por capitalización bursátil ajustada al capital flotante (free-float), lo que significa que las empresas más grandes tienen un mayor impacto en el índice. Los componentes y sus ponderaciones se actualizan periódicamente según las reglas establecidas por S&P Dow Jones Indices. El Comité del Índice S&P, formado por analistas y economistas de Standard & Poor’s, selecciona las empresas en función de criterios como el tamaño de mercado, la liquidez y la agrupación sectorial.",,Pendiente,
componentes/rates-charts,rates-charts,FaqsSection.faqs.sp500[1].question,How is the S&P 500 Index calculated?,¿Cómo se calcula el índice S&P 500?,,Pendiente,
componentes/rates-charts,rates-charts,FaqsSection.faqs.sp500[2].answer,"The S&P 500 includes a wide majority of US-relevant companies from the technology, banking, consumption, and healthcare sectors. Nvidia, Microsoft, Apple, Amazon, Alphabet (Google), Meta Platforms, Tesla, JPMorgan Chase, Bank of America, Coca-Cola, Procter & Gamble and Johnson & Johnson are among the companies listed within the S&P 500.","El S&P 500 incluye una gran mayoría de empresas relevantes de EE. UU. de los sectores tecnológico, bancario, de consumo y sanitario. Nvidia, Microsoft, Apple, Amazon, Alphabet (Google), Meta Platforms, Tesla, JPMorgan Chase, Bank of America, Coca-Cola, Procter & Gamble y Johnson & Johnson están entre las empresas que cotizan dentro del S&P 500.",,Pendiente,
componentes/rates-charts,rates-charts,FaqsSection.faqs.sp500[2].question,What companies are included in the S&P 500 Index?,¿Qué empresas forman parte del índice S&P 500?,,Pendiente,
componentes/rates-charts,rates-charts,FaqsSection.faqs.sp500[3].answer,"The S&P 500 value is influenced by a wide range of economic and financial factors. Along with company earnings, the Federal Reserve's (Fed) monetary policy strategy, based on inflation trends, the state of the economy and the labor market conditions, arguably play the most important role in determining the index's value. Fed's decision on interest rates are critical for stocks value, as it sets the borrowing costs for individuals and companies. Lower borrowing cost are usually seen as higher profits for companies, and hence, when the Fed cuts rates, stocks tend to rise, while the opposite scenario is also valid: stocks tend to fall as a response to higher interest rates. Additionally, fiscal policies, trade relations and political developments could drive the demand and/or supply for the index, impacting its value.","El valor del S&P 500 está influido por una amplia gama de factores económicos y financieros. Junto con los beneficios empresariales, la estrategia de política monetaria de la Reserva Federal (Fed), basada en las tendencias de la inflación, el estado de la economía y las condiciones del mercado laboral, probablemente desempeña el papel más importante a la hora de determinar el valor del índice. Las decisiones de la Fed sobre los tipos de interés son cruciales para el valor de las acciones, ya que fijan los costes de financiación de particulares y empresas. Unos menores costes de financiación suelen interpretarse como mayores beneficios para las empresas, por lo que, cuando la Fed baja los tipos, las acciones tienden a subir, mientras que el escenario opuesto también es válido: las acciones tienden a caer en respuesta a tipos de interés más altos. Además, las políticas fiscales, las relaciones comerciales y los acontecimientos políticos podrían impulsar la demanda y/o la oferta del índice, afectando a su valor.",,Pendiente,
componentes/rates-charts,rates-charts,FaqsSection.faqs.sp500[3].question,Which factors influence the S&P 500 Index?,¿Qué factores influyen en el índice S&P 500?,,Pendiente,
componentes/rates-charts,rates-charts,FaqsSection.faqs.sp500[4].answer,"The S&P 500 and the Dow Jones Industrial Average (DJIA) are both stock market indices that track the performance of companies listed on US stock exchanges. The DJIA tracks 30 publicly traded companies with consistently stable earnings. Such companies are listed on the New York Stock Exchange (NYSE) and the Nasdaq exchanges. Visa, American Express, Microsoft Corporation, the Goldman Sachs Group, JP Morgan & Co, McDonald's Corporation, Caterpillar, and Sherwin-Williams are among the most relevant companies within the DJIA.","El S&P 500 y el Dow Jones Industrial Average (DJIA) son ambos índices bursátiles que siguen el comportamiento de empresas cotizadas en las bolsas de EE. UU. El DJIA sigue a 30 empresas cotizadas con beneficios consistentemente estables. Dichas empresas cotizan en la Bolsa de Nueva York (NYSE) y en el Nasdaq. Visa, American Express, Microsoft Corporation, Goldman Sachs Group, JP Morgan & Co, McDonald’s Corporation, Caterpillar y Sherwin-Williams están entre las empresas más relevantes del DJIA.",,Pendiente,
componentes/rates-charts,rates-charts,FaqsSection.faqs.sp500[4].question,What is the difference between the S&P 500 Index and DJIA?,¿Cuál es la diferencia entre el índice S&P 500 y el DJIA?,,Pendiente,
componentes/rates-charts,rates-charts,FaqsSection.faqs.sp500[5].answer,"The S&P 500 and the Nasdaq Stock Exchange are both stock market indices that track the performance of companies listed on US stock exchanges. The Nasdaq is the second-largest stock exchange by market cap globally and companies listed within the index are grouped into three different tiers based on market cap: Capital Market, Global Market, and Global Select Market. The first one is a market for stocks with smaller levels of market capitalization and with the least stringent listing requirements. Global Market and Global Select Market features mid-cap and large-cap stocks, respectively, and face strict regulations. The Nasdaq is also a heavily tech-weighted index, which includes names such as Amazon, Alphabet (Google), Facebook, Microsoft, and Apple.","El S&P 500 y el Nasdaq son ambos índices bursátiles que siguen el comportamiento de empresas cotizadas en las bolsas de EE. UU. El Nasdaq es la segunda mayor bolsa por capitalización bursátil a nivel mundial y las empresas incluidas en el índice se agrupan en tres niveles distintos según su capitalización: Capital Market, Global Market y Global Select Market. El primero es un mercado para acciones con menores niveles de capitalización bursátil y con los requisitos de cotización menos estrictos. Global Market y Global Select Market incluyen acciones de mediana y gran capitalización, respectivamente, y se enfrentan a regulaciones estrictas. El Nasdaq es también un índice con un fuerte peso tecnológico, que incluye nombres como Amazon, Alphabet (Google), Facebook, Microsoft y Apple.",,Pendiente,
componentes/rates-charts,rates-charts,FaqsSection.faqs.sp500[5].question,What is the difference between the S&P 500 Index and Nasdaq?,¿Cuál es la diferencia entre el índice S&P 500 y el Nasdaq?,,Pendiente,
componentes/rates-charts,rates-charts,FaqsSection.faqs.sp500[6].answer,"Technical analysis is a popular method for forecasting movements in the S&P 500. It involves studying historical price movements to identify trends, patterns and key support and resistance levels, which then can be used to enter or exit positions. There are also a variety of popular mathematical-based indicators, such as the Relative Strength Index (RSI), Momentum, Bollinger Bands, and Moving Averages, that traders use to confirm the continuation of trends or to spot oversold/overbought conditions in markets. Candlestick analysis is another highly used method within technical analysis, as it helps traders assess changes in bullish or bearish momentum by looking at specific candlestick formations, such as doji, engulfing, or hammer patterns.","El análisis técnico es un método popular para pronosticar los movimientos del S&P 500. Consiste en estudiar los movimientos históricos de los precios para identificar tendencias, patrones y niveles clave de soporte y resistencia, que luego pueden utilizarse para abrir o cerrar posiciones. También existe una variedad de indicadores populares de base matemática, como el Índice de Fuerza Relativa (RSI), el Momentum, las Bandas de Bollinger y las Medias Móviles, que los traders utilizan para confirmar la continuación de las tendencias o para detectar condiciones de sobreventa/sobrecompra en los mercados. El análisis de velas es otro método muy utilizado dentro del análisis técnico, ya que ayuda a los traders a evaluar los cambios en el impulso alcista o bajista observando formaciones de velas específicas, como los patrones doji, envolvente o martillo.",,Pendiente,
componentes/rates-charts,rates-charts,FaqsSection.faqs.sp500[6].question,How is technical analysis used in trading the S&P 500 Index?,¿Cómo se utiliza el análisis técnico para operar el índice S&P 500?,,Pendiente,
componentes/rates-charts,rates-charts,FaqsSection.faqs.sp500[7].answer,"There are different options to invest in the S&P 500. Investors can buy or sell the index through brokers' digital platforms. Trading assets online ensures low costs, fast execution times, and even provides the opportunity to use leverage, depending on how much risk an investor is willing to take. Investors can also invest in the S&P 500 through an index fund or an exchange-traded fund that tracks the index, although liquidity in the latter case does not match that of a trading platform.","Existen distintas opciones para invertir en el S&P 500. Los inversores pueden comprar o vender el índice a través de las plataformas digitales de los brókeres. Operar activos en línea garantiza costes bajos, tiempos de ejecución rápidos e incluso ofrece la posibilidad de usar apalancamiento, en función del riesgo que el inversor esté dispuesto a asumir. Los inversores también pueden invertir en el S&P 500 a través de un fondo indexado o un fondo cotizado (ETF) que replique el índice, aunque la liquidez en este último caso no iguala a la de una plataforma de trading.",,Pendiente,
componentes/rates-charts,rates-charts,FaqsSection.faqs.sp500[7].question,How can I invest in the S&P 500 Index?,¿Cómo puedo invertir en el índice S&P 500?,,Pendiente,
componentes/rates-charts,rates-charts,FaqsSection.faqs.usdcad[0].answer,"USD/CAD is the currency pair that gauges the US Dollar’s (USD) value against the Canadian Dollar (CAD), showing how many Canadian Dollars are needed to buy one USD. USD/CAD is presented as an exchange rate that fluctuates based on supply and demand dynamics in the foreign exchange market. The relative strength of the United States (US) and the Canadian economies, central bank policies, trade relations and political developments are among the factors that impact the exchange rate. USD/CAD is one of the most popular currency pairs among investors due to its high trading volumes and relatively low spreads.","El USD/CAD es el par de divisas que mide el valor del Dólar estadounidense (USD) frente al Dólar canadiense (CAD), mostrando cuántos Dólares canadienses se necesitan para comprar un USD. El USD/CAD se presenta como un tipo de cambio que fluctúa en función de la dinámica de oferta y demanda en el mercado de divisas. La fortaleza relativa de las economías de Estados Unidos (EE. UU.) y de Canadá, las políticas de los bancos centrales, las relaciones comerciales y los acontecimientos políticos están entre los factores que influyen en el tipo de cambio. El USD/CAD es uno de los pares de divisas más populares entre los inversores debido a su elevado volumen de negociación y a sus diferenciales relativamente bajos.",,Pendiente,
componentes/rates-charts,rates-charts,FaqsSection.faqs.usdcad[0].question,What is USD/CAD?,¿Qué es el USD/CAD?,,Pendiente,
componentes/rates-charts,rates-charts,FaqsSection.faqs.usdcad[1].answer,"Market forecasting is very hard and models tend to fail to account for rapid changes and unexpected events, which can easily occur. Still, traders use multiple methods to analyze where the USD/CAD exchange rate could be in the short, medium, and long term. On the one hand, traders use technical analysis, which involves drawing price patterns on a chart and using mathematical indicators, to try to anticipate future price action. On the other hand, traders use macroeconomic or fundamental analysis, which focuses on economic developments such as central bank policies, employment, inflation, and growth data, to assess economic health. Finally, sentiment analysis gauges the overall risk perception of markets to determine whether a currency is more likely to benefit from safe-haven flows or heightened risk appetite. Investors tend to make their trading decisions based on a combination of all these methods.","Pronosticar el mercado es muy difícil y los modelos tienden a no tener en cuenta los cambios rápidos y los eventos inesperados, que pueden ocurrir con facilidad. Aun así, los traders utilizan múltiples métodos para analizar dónde podría estar el tipo de cambio del USD/CAD a corto, medio y largo plazo. Por un lado, los traders usan el análisis técnico, que consiste en dibujar patrones de precio en un gráfico y utilizar indicadores matemáticos, para tratar de anticipar la acción futura del precio. Por otro lado, los traders usan el análisis macroeconómico o fundamental, que se centra en acontecimientos económicos como las políticas de los bancos centrales, el empleo, la inflación y los datos de crecimiento, para evaluar la salud económica. Por último, el análisis del sentimiento mide la percepción general de riesgo de los mercados para determinar si es más probable que una divisa se beneficie de los flujos hacia activos refugio o de un mayor apetito por el riesgo. Los inversores tienden a tomar sus decisiones de trading basándose en una combinación de todos estos métodos.",,Pendiente,
componentes/rates-charts,rates-charts,FaqsSection.faqs.usdcad[1].question,How can I forecast the USD/CAD exchange rate?,¿Cómo puedo pronosticar el tipo de cambio del USD/CAD?,,Pendiente,
componentes/rates-charts,rates-charts,FaqsSection.faqs.usdcad[2].answer,"The USD/CAD exchange rate is influenced by a wide range of economic and financial factors. The Bank of Canada (BoC) and the Federal Reserve’s (Fed) monetary policy strategy, based on inflation trends, the state of the economy and the labor market conditions, arguably play the most important role in determining the exchange rate. Additionally, fiscal policies, trade relations and political developments could drive the demand and/or supply for currencies, impacting the exchange rate.","El tipo de cambio del USD/CAD está influido por una amplia gama de factores económicos y financieros. La estrategia de política monetaria del Banco de Canadá (BoC) y de la Reserva Federal (Fed), basada en las tendencias de la inflación, el estado de la economía y las condiciones del mercado laboral, probablemente desempeña el papel más importante a la hora de determinar el tipo de cambio. Además, las políticas fiscales, las relaciones comerciales y los acontecimientos políticos podrían impulsar la demanda y/o la oferta de divisas, afectando al tipo de cambio.",,Pendiente,
componentes/rates-charts,rates-charts,FaqsSection.faqs.usdcad[2].question,Which factors influence the USD/CAD exchange rate?,¿Qué factores influyen en el tipo de cambio del USD/CAD?,,Pendiente,
componentes/rates-charts,rates-charts,FaqsSection.faqs.usdcad[3].answer,"Central banks use various tools to fulfill their mandates, typically focused on controlling inflation and supporting the labor market. Interest rates are the main tool, but not the only one. However, it's the one that impacts financial markets the most as it's directly related to borrowing costs, both for people and companies. For example, if the Bank of Canada decides to raise interest rates to battle rising inflation, higher yields for holding onto the Canadian Dollar make it more attractive to investors. As a result, the diminishing supply of the CAD in circulation helps it appreciate. Conversely, the US Dollar could depreciate if the Federal Reserve responds to worsening labor market conditions by lowering interest rates, thus making it less costly to borrow. USD/CAD falls if the BoC’s policy decisions are seen as supportive for the CAD or the Fed’s strategy is negative for the US Dollar, and vice versa.","Los bancos centrales utilizan diversas herramientas para cumplir sus mandatos, normalmente centrados en controlar la inflación y apoyar el mercado laboral. Los tipos de interés son la herramienta principal, pero no la única. Sin embargo, son los que más impactan en los mercados financieros, ya que están directamente relacionados con los costes de financiación, tanto para personas como para empresas. Por ejemplo, si el Banco de Canadá decide subir los tipos de interés para combatir el aumento de la inflación, los mayores rendimientos por mantener el Dólar canadiense lo hacen más atractivo para los inversores. Como resultado, la menor oferta de CAD en circulación ayuda a que se aprecie. Por el contrario, el Dólar estadounidense podría depreciarse si la Reserva Federal responde al empeoramiento de las condiciones del mercado laboral bajando los tipos de interés, abaratando así el coste de los préstamos. El USD/CAD cae si las decisiones de política del BoC se consideran favorables para el CAD o si la estrategia de la Fed es negativa para el Dólar estadounidense, y viceversa.",,Pendiente,
componentes/rates-charts,rates-charts,FaqsSection.faqs.usdcad[3].question,How do central bank policies influence the USD/CAD exchange rate?,¿Cómo influyen las políticas de los bancos centrales en el tipo de cambio del USD/CAD?,,Pendiente,
componentes/rates-charts,rates-charts,FaqsSection.faqs.usdcad[4].answer,"Trading USD/CAD involves buying or selling the US Dollar against the Canadian Dollar in the foreign exchange market. While it’s possible to exchange physical currencies at banks or exchange offices, this method isn’t optimal due to the high costs involved. Instead, investors typically prefer to trade in the foreign exchange market through brokers’ digital platforms. Trading currency pairs online ensures low costs, fast execution times, and even provides the opportunity to use leverage, depending on how much risk an investor is willing to take.","Operar el USD/CAD implica comprar o vender el Dólar estadounidense frente al Dólar canadiense en el mercado de divisas. Aunque es posible cambiar divisas físicas en bancos u oficinas de cambio, este método no es óptimo debido a los elevados costes que conlleva. En su lugar, los inversores suelen preferir operar en el mercado de divisas a través de las plataformas digitales de los brókeres. Operar pares de divisas en línea garantiza costes bajos, tiempos de ejecución rápidos e incluso ofrece la posibilidad de usar apalancamiento en función del riesgo que el inversor esté dispuesto a asumir.",,Pendiente,
componentes/rates-charts,rates-charts,FaqsSection.faqs.usdcad[4].question,How can I trade USD/CAD?,¿Cómo puedo operar el USD/CAD?,,Pendiente,
componentes/rates-charts,rates-charts,FaqsSection.faqs.usdcad[5].answer,"Most online trading platforms allow trading of currency pairs 24 hours every weekday. However, if a broker uses dynamic spreads, it will be more costly to trade USD/CAD during periods of low market activity, when volatility and liquidity are thin. Hence, most traders might prefer to trade USD/CAD when both the European and US markets are open, between 13:00 GMT and 20:00 GMT. In addition to heightened market activity, macroeconomic data releases can also provide trading opportunities.","La mayoría de las plataformas de trading en línea permiten operar pares de divisas las 24 horas de cada día laborable. Sin embargo, si un bróker utiliza diferenciales dinámicos, será más costoso operar el USD/CAD durante los periodos de baja actividad del mercado, cuando la volatilidad y la liquidez son escasas. Por ello, la mayoría de los traders prefieren operar el USD/CAD cuando los mercados europeo y estadounidense están abiertos a la vez, entre las 13:00 y las 20:00 GMT. Además de una mayor actividad del mercado, las publicaciones de datos macroeconómicos también pueden ofrecer oportunidades de trading.",,Pendiente,
componentes/rates-charts,rates-charts,FaqsSection.faqs.usdcad[5].question,What is the best time to trade USD/CAD?,¿Cuál es el mejor momento para operar el USD/CAD?,,Pendiente,
componentes/rates-charts,rates-charts,FaqsSection.faqs.usdcad[6].answer,"Technical analysis is a popular method for forecasting movements in the USD/CAD exchange rate. It involves studying historical price movements to identify trends, patterns and key support and resistance levels, which then can be used to enter or exit positions. There are also a variety of popular mathematical-based indicators, such as the Relative Strength Index (RSI), Momentum, Bollinger Bands, and Moving Averages, that traders use to confirm the continuation of trends or to spot oversold or overbought conditions in markets. Candlestick analysis is another highly used method within technical analysis, as it helps traders assess changes in bullish or bearish momentum by looking at specific candlestick formations, such as doji, engulfing, or hammer patterns.","El análisis técnico es un método popular para pronosticar los movimientos del tipo de cambio del USD/CAD. Consiste en estudiar los movimientos históricos de los precios para identificar tendencias, patrones y niveles clave de soporte y resistencia, que luego pueden utilizarse para abrir o cerrar posiciones. También existe una variedad de indicadores populares de base matemática, como el Índice de Fuerza Relativa (RSI), el Momentum, las Bandas de Bollinger y las Medias Móviles, que los traders utilizan para confirmar la continuación de las tendencias o para detectar condiciones de sobreventa o sobrecompra en los mercados. El análisis de velas es otro método muy utilizado dentro del análisis técnico, ya que ayuda a los traders a evaluar los cambios en el impulso alcista o bajista observando formaciones de velas específicas, como los patrones doji, envolvente o martillo.",,Pendiente,
componentes/rates-charts,rates-charts,FaqsSection.faqs.usdcad[6].question,How is technical analysis used in trading USD/CAD?,¿Cómo se utiliza el análisis técnico para operar el USD/CAD?,,Pendiente,
componentes/rates-charts,rates-charts,FaqsSection.faqs.usdinr[0].answer,"USD/INR is the currency pair that gauges the US Dollar’s (USD) value against the Indian Rupee (INR), showing how many INR are needed to buy one USD. USD/INR is presented as an exchange rate that fluctuates based on supply and demand dynamics in the foreign exchange market. The relative strength of the United States (US) and the Indian economies, central bank policies, trade relations and political developments are among the factors that impact the exchange rate.","El USD/INR es el par de divisas que mide el valor del Dólar estadounidense (USD) frente a la Rupia india (INR), mostrando cuántas INR se necesitan para comprar un USD. El USD/INR se presenta como un tipo de cambio que fluctúa en función de la dinámica de oferta y demanda en el mercado de divisas. La fortaleza relativa de las economías de Estados Unidos (EE. UU.) y de la India, las políticas de los bancos centrales, las relaciones comerciales y los acontecimientos políticos están entre los factores que influyen en el tipo de cambio.",,Pendiente,
componentes/rates-charts,rates-charts,FaqsSection.faqs.usdinr[0].question,What is USD/INR?,¿Qué es el USD/INR?,,Pendiente,
componentes/rates-charts,rates-charts,FaqsSection.faqs.usdinr[1].answer,"Market forecasting is very hard and models tend to fail to account for rapid changes and unexpected events, which can easily occur. Still, traders use multiple methods to analyze where the USD/INR exchange rate could be in the short, medium, and long term. On the one hand, traders use technical analysis, which involves drawing price patterns on a chart and using mathematical indicators, to try to anticipate future price action. On the other hand, traders use macroeconomic or fundamental analysis, which focuses on economic developments such as central bank policies, employment, inflation, and growth data, to assess economic health. Finally, sentiment analysis gauges the overall risk perception of markets to determine whether a currency is more likely to benefit from safe-haven flows or heightened risk appetite. Investors tend to make their trading decisions based on a combination of all these methods.","Pronosticar el mercado es muy difícil y los modelos tienden a no tener en cuenta los cambios rápidos y los eventos inesperados, que pueden ocurrir con facilidad. Aun así, los traders utilizan múltiples métodos para analizar dónde podría estar el tipo de cambio del USD/INR a corto, medio y largo plazo. Por un lado, los traders usan el análisis técnico, que consiste en dibujar patrones de precio en un gráfico y utilizar indicadores matemáticos, para tratar de anticipar la acción futura del precio. Por otro lado, los traders usan el análisis macroeconómico o fundamental, que se centra en acontecimientos económicos como las políticas de los bancos centrales, el empleo, la inflación y los datos de crecimiento, para evaluar la salud económica. Por último, el análisis del sentimiento mide la percepción general de riesgo de los mercados para determinar si es más probable que una divisa se beneficie de los flujos hacia activos refugio o de un mayor apetito por el riesgo. Los inversores tienden a tomar sus decisiones de trading basándose en una combinación de todos estos métodos.",,Pendiente,
componentes/rates-charts,rates-charts,FaqsSection.faqs.usdinr[1].question,How can I forecast the USD/INR exchange rate?,¿Cómo puedo pronosticar el tipo de cambio del USD/INR?,,Pendiente,
componentes/rates-charts,rates-charts,FaqsSection.faqs.usdinr[2].answer,"The USD/INR exchange rate is influenced by a wide range of economic and financial factors. The Reserve Bank of India (RBI) and the Federal Reserve’s (Fed) monetary policy strategy, based on inflation trends, the state of the economy and labor market conditions, arguably play the most important role in determining the exchange rate. Additionally, fiscal policies, trade relations and political developments could drive the demand and/or supply for currencies, impacting the exchange rate.","El tipo de cambio del USD/INR está influido por una amplia gama de factores económicos y financieros. La estrategia de política monetaria del Banco de la Reserva de la India (RBI) y de la Reserva Federal (Fed), basada en las tendencias de la inflación, el estado de la economía y las condiciones del mercado laboral, probablemente desempeña el papel más importante a la hora de determinar el tipo de cambio. Además, las políticas fiscales, las relaciones comerciales y los acontecimientos políticos podrían impulsar la demanda y/o la oferta de divisas, afectando al tipo de cambio.",,Pendiente,
componentes/rates-charts,rates-charts,FaqsSection.faqs.usdinr[2].question,Which factors influence the USD/INR exchange rate?,¿Qué factores influyen en el tipo de cambio del USD/INR?,,Pendiente,
componentes/rates-charts,rates-charts,FaqsSection.faqs.usdinr[3].answer,"Central banks use various tools to fulfill their mandates, typically focused on controlling inflation and supporting the labor market. Interest rates are the main tool, but not the only one. However, they tend to have the strongest impact on financial markets as they directly affect borrowing costs for individuals and companies. For example, if the Reserve Bank of India raises interest rates to fight rising inflation, higher yields for holding the Indian Rupee make it more attractive to investors, supporting its appreciation. Conversely, the US Dollar could depreciate if the Federal Reserve lowers interest rates in response to weakening labor market conditions. USD/INR falls if the RBI’s policy decisions are seen as supportive for the INR or if the Fed’s strategy is negative for the US Dollar, and vice versa.","Los bancos centrales utilizan diversas herramientas para cumplir sus mandatos, normalmente centrados en controlar la inflación y apoyar el mercado laboral. Los tipos de interés son la herramienta principal, pero no la única. Sin embargo, suelen tener el mayor impacto en los mercados financieros, ya que afectan directamente a los costes de financiación de particulares y empresas. Por ejemplo, si el Banco de la Reserva de la India sube los tipos de interés para combatir el aumento de la inflación, los mayores rendimientos por mantener la Rupia india la hacen más atractiva para los inversores, favoreciendo su apreciación. Por el contrario, el Dólar estadounidense podría depreciarse si la Reserva Federal baja los tipos de interés en respuesta al debilitamiento de las condiciones del mercado laboral. El USD/INR cae si las decisiones de política del RBI se consideran favorables para la INR o si la estrategia de la Fed es negativa para el Dólar estadounidense, y viceversa.",,Pendiente,
componentes/rates-charts,rates-charts,FaqsSection.faqs.usdinr[3].question,How do central bank policies influence the USD/INR exchange rate?,¿Cómo influyen las políticas de los bancos centrales en el tipo de cambio del USD/INR?,,Pendiente,
componentes/rates-charts,rates-charts,FaqsSection.faqs.usdinr[4].answer,"Trading USD/INR involves buying or selling the US Dollar against the Indian Rupee in the foreign exchange market. While it is possible to exchange physical currencies at banks or exchange offices, this approach is generally inefficient due to higher costs. Instead, most investors trade USD/INR through brokers’ digital trading platforms, which offer lower costs, fast execution, and the possibility to use leverage, depending on the investor’s risk tolerance.","Operar el USD/INR implica comprar o vender el Dólar estadounidense frente a la Rupia india en el mercado de divisas. Aunque es posible cambiar divisas físicas en bancos u oficinas de cambio, este enfoque suele ser ineficiente debido a sus mayores costes. En su lugar, la mayoría de los inversores operan el USD/INR a través de las plataformas digitales de trading de los brókeres, que ofrecen costes más bajos, ejecución rápida y la posibilidad de usar apalancamiento, según la tolerancia al riesgo del inversor.",,Pendiente,
componentes/rates-charts,rates-charts,FaqsSection.faqs.usdinr[4].question,How can I trade USD/INR?,¿Cómo puedo operar el USD/INR?,,Pendiente,
componentes/rates-charts,rates-charts,FaqsSection.faqs.usdinr[5].answer,"Most online trading platforms allow trading of currency pairs 24 hours every weekday. However, if a broker uses dynamic spreads, trading USD/INR can become more expensive during periods of low liquidity and volatility. As a result, many traders prefer to trade USD/INR during the Asian session, typically between 21:00 GMT and 09:00 GMT. Important macroeconomic data releases can also create additional trading opportunities.","La mayoría de las plataformas de trading en línea permiten operar pares de divisas las 24 horas de cada día laborable. Sin embargo, si un bróker utiliza diferenciales dinámicos, operar el USD/INR puede encarecerse durante los periodos de baja liquidez y volatilidad. Por ello, muchos traders prefieren operar el USD/INR durante la sesión asiática, normalmente entre las 21:00 y las 09:00 GMT. Las publicaciones importantes de datos macroeconómicos también pueden generar oportunidades de trading adicionales.",,Pendiente,
componentes/rates-charts,rates-charts,FaqsSection.faqs.usdinr[5].question,What is the best time to trade USD/INR?,¿Cuál es el mejor momento para operar el USD/INR?,,Pendiente,
componentes/rates-charts,rates-charts,FaqsSection.faqs.usdinr[6].answer,"Technical analysis is a popular method for forecasting movements in the USD/INR exchange rate. It involves studying historical price movements to identify trends, chart patterns and key support and resistance levels, which can help traders decide when to enter or exit positions. Traders also use mathematical indicators such as the Relative Strength Index (RSI), Momentum, Bollinger Bands and Moving Averages to confirm trend strength or identify overbought and oversold conditions. Candlestick analysis is another widely used approach, allowing traders to assess shifts in bullish or bearish momentum through formations such as doji, engulfing or hammer patterns.","El análisis técnico es un método popular para pronosticar los movimientos del tipo de cambio del USD/INR. Consiste en estudiar los movimientos históricos de los precios para identificar tendencias, patrones gráficos y niveles clave de soporte y resistencia, que pueden ayudar a los traders a decidir cuándo abrir o cerrar posiciones. Los traders también utilizan indicadores matemáticos como el Índice de Fuerza Relativa (RSI), el Momentum, las Bandas de Bollinger y las Medias Móviles para confirmar la fuerza de la tendencia o identificar condiciones de sobrecompra y sobreventa. El análisis de velas es otro enfoque ampliamente utilizado, que permite a los traders evaluar los cambios en el impulso alcista o bajista a través de formaciones como los patrones doji, envolvente o martillo.",,Pendiente,
componentes/rates-charts,rates-charts,FaqsSection.faqs.usdinr[6].question,How is technical analysis used in trading USD/INR?,¿Cómo se utiliza el análisis técnico para operar el USD/INR?,,Pendiente,
componentes/rates-charts,rates-charts,FaqsSection.faqs.usdjpy[0].answer,"USD/JPY is the currency pair that gauges the US Dollar’s (USD) value against the Japanese Yen (JPY), showing how many JPY are needed to buy one USD. USD/JPY is presented as an exchange rate that fluctuates based on supply and demand dynamics in the foreign exchange market. The relative strength of the United States (US) and the Japanese economies, central bank policies, trade relations and political developments are among the factors that impact the exchange rate. USD/JPY is one of the most popular currency pairs among investors due to its high trading volumes and relatively low spreads.","El USD/JPY es el par de divisas que mide el valor del Dólar estadounidense (USD) frente al Yen japonés (JPY), mostrando cuántos JPY se necesitan para comprar un USD. El USD/JPY se presenta como un tipo de cambio que fluctúa en función de la dinámica de oferta y demanda en el mercado de divisas. La fortaleza relativa de las economías de Estados Unidos (EE. UU.) y de Japón, las políticas de los bancos centrales, las relaciones comerciales y los acontecimientos políticos están entre los factores que influyen en el tipo de cambio. El USD/JPY es uno de los pares de divisas más populares entre los inversores debido a su elevado volumen de negociación y a sus diferenciales relativamente bajos.",,Pendiente,
componentes/rates-charts,rates-charts,FaqsSection.faqs.usdjpy[0].question,What is USD/JPY?,¿Qué es el USD/JPY?,,Pendiente,
componentes/rates-charts,rates-charts,FaqsSection.faqs.usdjpy[1].answer,"Market forecasting is very hard and models tend to fail to account for rapid changes and unexpected events, which can easily occur. Still, traders use multiple methods to analyze where the USD/JPY exchange rate could be in the short, medium, and long term. On the one hand, traders use technical analysis, which involves drawing price patterns on a chart and using mathematical indicators, to try to anticipate future price action. On the other hand, traders use macroeconomic or fundamental analysis, which focuses on economic developments such as central bank policies, employment, inflation, and growth data, to assess economic health. Finally, the sentiment analysis gauges the overall risk perception of markets to determine whether a currency is more likely to benefit from safe-haven flows or heightened risk appetite. Investors tend to make their trading decisions based on a combination of all these methods.","Pronosticar el mercado es muy difícil y los modelos tienden a no tener en cuenta los cambios rápidos y los eventos inesperados, que pueden ocurrir con facilidad. Aun así, los traders utilizan múltiples métodos para analizar dónde podría estar el tipo de cambio del USD/JPY a corto, medio y largo plazo. Por un lado, los traders usan el análisis técnico, que consiste en dibujar patrones de precio en un gráfico y utilizar indicadores matemáticos, para tratar de anticipar la acción futura del precio. Por otro lado, los traders usan el análisis macroeconómico o fundamental, que se centra en acontecimientos económicos como las políticas de los bancos centrales, el empleo, la inflación y los datos de crecimiento, para evaluar la salud económica. Por último, el análisis del sentimiento mide la percepción general de riesgo de los mercados para determinar si es más probable que una divisa se beneficie de los flujos hacia activos refugio o de un mayor apetito por el riesgo. Los inversores tienden a tomar sus decisiones de trading basándose en una combinación de todos estos métodos.",,Pendiente,
componentes/rates-charts,rates-charts,FaqsSection.faqs.usdjpy[1].question,How can I forecast the USD/JPY exchange rate?,¿Cómo puedo pronosticar el tipo de cambio del USD/JPY?,,Pendiente,
componentes/rates-charts,rates-charts,FaqsSection.faqs.usdjpy[2].answer,"The USD/JPY exchange rate is influenced by a wide range of economic and financial factors. The Bank of Japan (BoJ) and the Federal Reserve’s (Fed) monetary policy strategy, based on inflation trends, the state of the economy and the labor market conditions, arguably play the most important role in determining the exchange rate. Additionally, fiscal policies, trade relations and political developments could drive the demand and/or supply for currencies, impacting the exchange rate.","El tipo de cambio del USD/JPY está influido por una amplia gama de factores económicos y financieros. La estrategia de política monetaria del Banco de Japón (BoJ) y de la Reserva Federal (Fed), basada en las tendencias de la inflación, el estado de la economía y las condiciones del mercado laboral, probablemente desempeña el papel más importante a la hora de determinar el tipo de cambio. Además, las políticas fiscales, las relaciones comerciales y los acontecimientos políticos podrían impulsar la demanda y/o la oferta de divisas, afectando al tipo de cambio.",,Pendiente,
componentes/rates-charts,rates-charts,FaqsSection.faqs.usdjpy[2].question,Which factors influence the USD/JPY exchange rate?,¿Qué factores influyen en el tipo de cambio del USD/JPY?,,Pendiente,
componentes/rates-charts,rates-charts,FaqsSection.faqs.usdjpy[3].answer,"Central banks use various tools to fulfill their mandates, typically focused on controlling inflation and supporting the labor market. Interest rates are the main tool, but not the only one. However, it's the one that impacts financial markets the most as it's directly related to borrowing costs, both for people and companies. For example, if the Bank of Japan decides to raise interest rates to battle rising inflation, higher yields for holding onto the Japanese Yen make it more attractive to investors. As a result, the diminishing supply of the JPY in circulation helps it appreciate. Conversely, the US Dollar could depreciate if the Federal Reserve responds to worsening labor market conditions by lowering interest rates, thus making it less costly to borrow. USD/JPY falls if the BoJ’s policy decisions are seen as supportive for the JPY or the Fed’s strategy is negative for the US Dollar, and vice versa.","Los bancos centrales utilizan diversas herramientas para cumplir sus mandatos, normalmente centrados en controlar la inflación y apoyar el mercado laboral. Los tipos de interés son la herramienta principal, pero no la única. Sin embargo, son los que más impactan en los mercados financieros, ya que están directamente relacionados con los costes de financiación, tanto para personas como para empresas. Por ejemplo, si el Banco de Japón decide subir los tipos de interés para combatir el aumento de la inflación, los mayores rendimientos por mantener el Yen japonés lo hacen más atractivo para los inversores. Como resultado, la menor oferta de JPY en circulación ayuda a que se aprecie. Por el contrario, el Dólar estadounidense podría depreciarse si la Reserva Federal responde al empeoramiento de las condiciones del mercado laboral bajando los tipos de interés, abaratando así el coste de los préstamos. El USD/JPY cae si las decisiones de política del BoJ se consideran favorables para el JPY o si la estrategia de la Fed es negativa para el Dólar estadounidense, y viceversa.",,Pendiente,
componentes/rates-charts,rates-charts,FaqsSection.faqs.usdjpy[3].question,How do central bank policies influence the USD/JPY exchange rate?,¿Cómo influyen las políticas de los bancos centrales en el tipo de cambio del USD/JPY?,,Pendiente,
componentes/rates-charts,rates-charts,FaqsSection.faqs.usdjpy[4].answer,"Trading USD/JPY involves buying or selling the US Dollar against the Japanese Yen in the foreign exchange market. While it’s possible to exchange physical currencies at banks or exchange offices, this method isn’t optimal due to the high costs involved. Instead, investors typically prefer to trade in the foreign exchange market through brokers’ digital platforms. Trading currency pairs online ensures low costs, fast execution times, and even provides the opportunity to use leverage, depending on how much risk an investor is willing to take.","Operar el USD/JPY implica comprar o vender el Dólar estadounidense frente al Yen japonés en el mercado de divisas. Aunque es posible cambiar divisas físicas en bancos u oficinas de cambio, este método no es óptimo debido a los elevados costes que conlleva. En su lugar, los inversores suelen preferir operar en el mercado de divisas a través de las plataformas digitales de los brókeres. Operar pares de divisas en línea garantiza costes bajos, tiempos de ejecución rápidos e incluso ofrece la posibilidad de usar apalancamiento en función del riesgo que el inversor esté dispuesto a asumir.",,Pendiente,
componentes/rates-charts,rates-charts,FaqsSection.faqs.usdjpy[4].question,How can I trade USD/JPY?,¿Cómo puedo operar el USD/JPY?,,Pendiente,
componentes/rates-charts,rates-charts,FaqsSection.faqs.usdjpy[5].answer,"Most online trading platforms allow trading of currency pairs 24 hours every weekday. However, if a broker uses dynamic spreads, it will be more costly to trade USD/JPY during periods of low market activity, when volatility and liquidity are thin. Hence, most traders might prefer to trade USD/JPY during the Asian session, between 21:00 GMT and 09:00 GMT. In addition to heightened market activity, macroeconomic data releases can also provide trading opportunities.","La mayoría de las plataformas de trading en línea permiten operar pares de divisas las 24 horas de cada día laborable. Sin embargo, si un bróker utiliza diferenciales dinámicos, será más costoso operar el USD/JPY durante los periodos de baja actividad del mercado, cuando la volatilidad y la liquidez son escasas. Por ello, la mayoría de los traders prefieren operar el USD/JPY durante la sesión asiática, entre las 21:00 y las 09:00 GMT. Además de una mayor actividad del mercado, las publicaciones de datos macroeconómicos también pueden ofrecer oportunidades de trading.",,Pendiente,
componentes/rates-charts,rates-charts,FaqsSection.faqs.usdjpy[5].question,What is the best time to trade USD/JPY?,¿Cuál es el mejor momento para operar el USD/JPY?,,Pendiente,
componentes/rates-charts,rates-charts,FaqsSection.faqs.usdjpy[6].answer,"Technical analysis is a popular method for forecasting movements in the USD/JPY exchange rate. It involves studying historical price movements to identify trends, patterns and key support and resistance levels, which then can be used to enter or exit positions. There are also a variety of popular mathematical-based indicators, such as the Relative Strength Index (RSI), Momentum, Bollinger Bands, and Moving Averages, that traders use to confirm the continuation of trends or to spot oversold or overbought conditions in markets. Candlestick analysis is another highly used method within technical analysis, as it helps traders assess changes in bullish or bearish momentum by looking at specific candlestick formations, such as doji, engulfing, or hammer patterns.","El análisis técnico es un método popular para pronosticar los movimientos del tipo de cambio del USD/JPY. Consiste en estudiar los movimientos históricos de los precios para identificar tendencias, patrones y niveles clave de soporte y resistencia, que luego pueden utilizarse para abrir o cerrar posiciones. También existe una variedad de indicadores populares de base matemática, como el Índice de Fuerza Relativa (RSI), el Momentum, las Bandas de Bollinger y las Medias Móviles, que los traders utilizan para confirmar la continuación de las tendencias o para detectar condiciones de sobreventa o sobrecompra en los mercados. El análisis de velas es otro método muy utilizado dentro del análisis técnico, ya que ayuda a los traders a evaluar los cambios en el impulso alcista o bajista observando formaciones de velas específicas, como los patrones doji, envolvente o martillo.",,Pendiente,
componentes/rates-charts,rates-charts,FaqsSection.faqs.usdjpy[6].question,How is technical analysis used in trading USD/JPY?,¿Cómo se utiliza el análisis técnico para operar el USD/JPY?,,Pendiente,
componentes/rates-charts,rates-charts,FaqsSection.faqs.westtexasintermediate[0].answer,"WTI refers to West Texas Intermediate crude Oil, specifically that produced in the United States (US). WTI Oil is traded on the New York Mercantile Exchange (NYMEX) and is considered one of the main international benchmarks for Oil pricing. In financial markets, WTI US Oil refers to the price of one barrel in US Dollars (USD) and is presented as an exchange rate that fluctuates based on supply and demand dynamics. WTI US Oil is the second-most-popular commodity among investors after Gold, largely due to its high trading volume.","El WTI hace referencia al petróleo crudo West Texas Intermediate, concretamente el producido en Estados Unidos (EE. UU.). El petróleo WTI se negocia en el New York Mercantile Exchange (NYMEX) y se considera una de las principales referencias internacionales para la fijación del precio del petróleo. En los mercados financieros, el petróleo WTI de EE. UU. se refiere al precio de un barril en Dólares estadounidenses (USD) y se presenta como un tipo de cambio que fluctúa en función de la dinámica de oferta y demanda. El petróleo WTI de EE. UU. es la segunda materia prima más popular entre los inversores después del Oro, en gran parte debido a su elevado volumen de negociación.",,Pendiente,
componentes/rates-charts,rates-charts,FaqsSection.faqs.westtexasintermediate[0].question,What is WTI?,¿Qué es el WTI?,,Pendiente,
componentes/rates-charts,rates-charts,FaqsSection.faqs.westtexasintermediate[1].answer,"Market forecasting is very hard and models tend to fail to account for rapid changes and unexpected events, which can easily occur. Still, traders use multiple methods to analyze where the WTI US Oil price could be in the short, medium, and long term. Technical analysis focuses on chart patterns and mathematical indicators to anticipate future price movements. Fundamental or macroeconomic analysis looks at economic developments such as central bank policies, inflation, employment and growth data, which influence global demand for Oil. Sentiment analysis evaluates overall market risk appetite to determine whether Oil is likely to benefit from economic optimism or suffer during periods of uncertainty. Traders usually combine all these approaches.","Pronosticar el mercado es muy difícil y los modelos tienden a no tener en cuenta los cambios rápidos y los eventos inesperados, que pueden ocurrir con facilidad. Aun así, los traders utilizan múltiples métodos para analizar dónde podría estar el precio del petróleo WTI de EE. UU. a corto, medio y largo plazo. El análisis técnico se centra en los patrones gráficos y los indicadores matemáticos para anticipar los movimientos futuros del precio. El análisis fundamental o macroeconómico examina acontecimientos económicos como las políticas de los bancos centrales, la inflación, el empleo y los datos de crecimiento, que influyen en la demanda mundial de petróleo. El análisis del sentimiento evalúa el apetito general por el riesgo del mercado para determinar si es probable que el petróleo se beneficie del optimismo económico o sufra durante los periodos de incertidumbre. Los traders suelen combinar todos estos enfoques.",,Pendiente,
componentes/rates-charts,rates-charts,FaqsSection.faqs.westtexasintermediate[1].question,How can I forecast the WTI US Oil price?,¿Cómo puedo pronosticar el precio del petróleo WTI de EE. UU.?,,Pendiente,
componentes/rates-charts,rates-charts,FaqsSection.faqs.westtexasintermediate[2].answer,"WTI US Oil and Brent Oil are both crude Oil benchmarks but differ in origin, composition and transportation. WTI is landlocked US Oil, while Brent is extracted from the North Sea. WTI is lighter and sweeter, making it cheaper to refine into gasoline, whereas Brent is heavier and contains more sulfur. Brent is easier to ship globally and therefore tends to trade at a premium. Brent is also the primary international benchmark for Oil prices.","El petróleo WTI de EE. UU. y el petróleo Brent son ambos referencias de petróleo crudo, pero difieren en origen, composición y transporte. El WTI es petróleo estadounidense del interior (sin salida directa al mar), mientras que el Brent se extrae del Mar del Norte. El WTI es más ligero y dulce, lo que abarata su refinado en gasolina, mientras que el Brent es más pesado y contiene más azufre. El Brent es más fácil de transportar a nivel mundial y, por tanto, tiende a cotizar con prima. El Brent es también la principal referencia internacional para los precios del petróleo.",,Pendiente,
componentes/rates-charts,rates-charts,FaqsSection.faqs.westtexasintermediate[2].question,What is the difference between WTI and Brent?,¿Cuál es la diferencia entre el WTI y el Brent?,,Pendiente,
componentes/rates-charts,rates-charts,FaqsSection.faqs.westtexasintermediate[3].answer,"The price of WTI US Oil is mainly influenced by supply and demand dynamics. Decisions made by the Organization of Petroleum Exporting Countries (OPEC) and its allies, collectively known as OPEC+, play a key role, as the group regularly sets production targets to influence prices. US Oil inventories and production levels are also important drivers. In addition, geopolitical tensions involving major Oil-producing regions can significantly impact WTI prices.","El precio del petróleo WTI de EE. UU. está influido principalmente por la dinámica de oferta y demanda. Las decisiones tomadas por la Organización de Países Exportadores de Petróleo (OPEP) y sus aliados, conocidos colectivamente como OPEP+, desempeñan un papel clave, ya que el grupo fija periódicamente objetivos de producción para influir en los precios. Los inventarios y los niveles de producción de petróleo de EE. UU. también son motores importantes. Además, las tensiones geopolíticas que afectan a las principales regiones productoras de petróleo pueden tener un impacto significativo en los precios del WTI.",,Pendiente,
componentes/rates-charts,rates-charts,FaqsSection.faqs.westtexasintermediate[3].question,Which factors influence the WTI US Oil price?,¿Qué factores influyen en el precio del petróleo WTI de EE. UU.?,,Pendiente,
componentes/rates-charts,rates-charts,FaqsSection.faqs.westtexasintermediate[4].answer,"Trading WTI US Oil involves buying or selling exposure to WTI crude against the US Dollar. Retail investors cannot exchange physical Oil, so most traders access WTI through brokers’ digital trading platforms. Trading commodities online typically offers low transaction costs, fast execution and the possibility to use leverage, depending on the trader’s risk tolerance.","Operar el petróleo WTI de EE. UU. implica comprar o vender exposición al crudo WTI frente al Dólar estadounidense. Los inversores minoristas no pueden intercambiar petróleo físico, por lo que la mayoría de los traders acceden al WTI a través de las plataformas digitales de trading de los brókeres. Operar materias primas en línea normalmente ofrece costes de transacción bajos, ejecución rápida y la posibilidad de usar apalancamiento, según la tolerancia al riesgo del trader.",,Pendiente,
componentes/rates-charts,rates-charts,FaqsSection.faqs.westtexasintermediate[4].question,How can I trade WTI US Oil?,¿Cómo puedo operar el petróleo WTI de EE. UU.?,,Pendiente,
componentes/rates-charts,rates-charts,FaqsSection.faqs.westtexasintermediate[5].answer,"Technical analysis is widely used to forecast movements in the price of WTI US Oil. It involves analyzing historical price data to identify trends, chart patterns and key support and resistance levels, which can help determine entry and exit points. Traders also use indicators such as the Relative Strength Index (RSI), Momentum, Bollinger Bands and Moving Averages to confirm trend strength or identify overbought and oversold conditions. Candlestick analysis further helps assess shifts in bullish or bearish momentum through formations such as doji, engulfing or hammer patterns.","El análisis técnico se utiliza ampliamente para pronosticar los movimientos del precio del petróleo WTI de EE. UU. Consiste en analizar los datos históricos de precios para identificar tendencias, patrones gráficos y niveles clave de soporte y resistencia, que pueden ayudar a determinar los puntos de entrada y salida. Los traders también utilizan indicadores como el Índice de Fuerza Relativa (RSI), el Momentum, las Bandas de Bollinger y las Medias Móviles para confirmar la fuerza de la tendencia o identificar condiciones de sobrecompra y sobreventa. El análisis de velas ayuda además a evaluar los cambios en el impulso alcista o bajista a través de formaciones como los patrones doji, envolvente o martillo.",,Pendiente,
componentes/rates-charts,rates-charts,FaqsSection.faqs.westtexasintermediate[5].question,How is technical analysis used in trading WTI US Oil?,¿Cómo se utiliza el análisis técnico para operar el petróleo WTI de EE. UU.?,,Pendiente,
componentes/rates-charts,rates-charts,FaqsSection.faqs.xauusd[0].answer,"XAU/USD is the commodity pair that gauges the price of Gold (XAU) in US Dollars (USD), showing how many USD are needed to buy one troy ounce of Gold. XAU/USD is presented as an exchange rate that fluctuates based on supply and demand dynamics in the commodities market. The relative strength of the United States (US) and the global economy, demand from central banks, trade relations and geopolitical developments are among the factors that impact Gold’s price. As Gold is considered a safe-haven asset, XAU/USD is heavily influenced by market sentiment. When investors feel confident about economic progress, they tend to sell Gold, while during times of uncertainty they typically buy it. XAU/USD is one of the most popular commodities among investors due to its high trading volumes.","El XAU/USD es el par de materias primas que mide el precio del Oro (XAU) en Dólares estadounidenses (USD), mostrando cuántos USD se necesitan para comprar una onza troy de Oro. El XAU/USD se presenta como un tipo de cambio que fluctúa en función de la dinámica de oferta y demanda en el mercado de materias primas. La fortaleza relativa de Estados Unidos (EE. UU.) y de la economía mundial, la demanda de los bancos centrales, las relaciones comerciales y los acontecimientos geopolíticos están entre los factores que influyen en el precio del Oro. Como el Oro se considera un activo refugio, el XAU/USD está muy influido por el sentimiento del mercado. Cuando los inversores confían en el progreso económico, tienden a vender Oro, mientras que en épocas de incertidumbre suelen comprarlo. El XAU/USD es una de las materias primas más populares entre los inversores debido a su elevado volumen de negociación.",,Pendiente,
componentes/rates-charts,rates-charts,FaqsSection.faqs.xauusd[0].question,What is XAU/USD?,¿Qué es el XAU/USD?,,Pendiente,
componentes/rates-charts,rates-charts,FaqsSection.faqs.xauusd[1].answer,"XAU/USD is a widely traded asset available on most trading platforms and can be traded by both beginners and experienced investors, provided they understand the associated risks. Gold is considered a safe-haven asset, meaning it is expected to maintain or increase in value during periods of economic turmoil, helping offset losses in other assets. While safe havens are not usually associated with high returns, XAU/USD often appreciates during adverse economic conditions as investors move funds into Gold.","El XAU/USD es un activo ampliamente negociado, disponible en la mayoría de las plataformas de trading, y pueden operarlo tanto principiantes como inversores experimentados, siempre que comprendan los riesgos asociados. El Oro se considera un activo refugio, lo que significa que se espera que mantenga o aumente su valor durante los periodos de turbulencia económica, ayudando a compensar pérdidas en otros activos. Aunque los activos refugio no suelen asociarse a rentabilidades elevadas, el XAU/USD a menudo se aprecia durante condiciones económicas adversas, ya que los inversores trasladan fondos al Oro.",,Pendiente,
componentes/rates-charts,rates-charts,FaqsSection.faqs.xauusd[1].question,Is XAU/USD good for beginners?,¿Es el XAU/USD adecuado para principiantes?,,Pendiente,
componentes/rates-charts,rates-charts,FaqsSection.faqs.xauusd[2].answer,"Market forecasting is very hard and models tend to fail to account for rapid changes and unexpected events, which can easily occur. Still, traders use multiple methods to analyze where the XAU/USD exchange rate could be in the short, medium, and long term. Technical analysis focuses on chart patterns and mathematical indicators to anticipate price movements. Fundamental or macroeconomic analysis examines economic data such as central bank policies, inflation, employment and growth. Sentiment analysis evaluates overall market risk appetite to determine whether Gold is likely to benefit from safe-haven demand. Traders usually combine all these approaches when making decisions.","Pronosticar el mercado es muy difícil y los modelos tienden a no tener en cuenta los cambios rápidos y los eventos inesperados, que pueden ocurrir con facilidad. Aun así, los traders utilizan múltiples métodos para analizar dónde podría estar el tipo de cambio del XAU/USD a corto, medio y largo plazo. El análisis técnico se centra en los patrones gráficos y los indicadores matemáticos para anticipar los movimientos del precio. El análisis fundamental o macroeconómico examina datos económicos como las políticas de los bancos centrales, la inflación, el empleo y el crecimiento. El análisis del sentimiento evalúa el apetito general por el riesgo del mercado para determinar si es probable que el Oro se beneficie de la demanda de activos refugio. Los traders suelen combinar todos estos enfoques al tomar decisiones.",,Pendiente,
componentes/rates-charts,rates-charts,FaqsSection.faqs.xauusd[2].question,How can I forecast the XAU/USD exchange rate?,¿Cómo puedo pronosticar el tipo de cambio del XAU/USD?,,Pendiente,
componentes/rates-charts,rates-charts,FaqsSection.faqs.xauusd[3].answer,"XAU/USD typically refers to Spot Gold, which represents the price of physical bullion, while Gold futures are exchange-traded contracts with standardized terms and regulatory oversight. Futures are often favored by traders seeking to capitalize on Gold price volatility, whereas Spot Gold is generally viewed as a store of value. While futures can offer higher liquidity for very large volumes, Spot Gold is highly liquid and often preferred for speculative trading due to its accessibility.","El XAU/USD suele referirse al Oro al contado (Spot), que representa el precio del lingote físico, mientras que los futuros del Oro son contratos negociados en bolsa con condiciones estandarizadas y supervisión regulatoria. Los futuros suelen ser preferidos por los traders que buscan aprovechar la volatilidad del precio del Oro, mientras que el Oro al contado se considera generalmente un depósito de valor. Aunque los futuros pueden ofrecer mayor liquidez para volúmenes muy grandes, el Oro al contado es muy líquido y a menudo se prefiere para el trading especulativo debido a su accesibilidad.",,Pendiente,
componentes/rates-charts,rates-charts,FaqsSection.faqs.xauusd[3].question,Is there a difference between XAU/USD and Gold futures?,¿Hay alguna diferencia entre el XAU/USD y los futuros del Oro?,,Pendiente,
componentes/rates-charts,rates-charts,FaqsSection.faqs.xauusd[4].answer,"Trading XAU/USD involves buying or selling Gold against the US Dollar. Although it is possible to trade physical Gold, this approach is generally inefficient due to storage, insurance and transaction costs. Most investors instead trade XAU/USD through brokers’ digital platforms, which typically offer lower costs, fast execution and the possibility to use leverage, depending on the investor’s risk tolerance.","Operar el XAU/USD implica comprar o vender Oro frente al Dólar estadounidense. Aunque es posible operar Oro físico, este enfoque suele ser ineficiente debido a los costes de almacenamiento, seguro y transacción. En su lugar, la mayoría de los inversores operan el XAU/USD a través de las plataformas digitales de los brókeres, que normalmente ofrecen costes más bajos, ejecución rápida y la posibilidad de usar apalancamiento, según la tolerancia al riesgo del inversor.",,Pendiente,
componentes/rates-charts,rates-charts,FaqsSection.faqs.xauusd[4].question,How can I trade XAU/USD?,¿Cómo puedo operar el XAU/USD?,,Pendiente,
componentes/rates-charts,rates-charts,FaqsSection.faqs.xauusd[5].answer,"Most online trading platforms allow trading of commodities 24 hours every weekday. However, if a broker uses dynamic spreads, trading XAU/USD can become more expensive during periods of low liquidity and volatility. As a result, many traders prefer to trade XAU/USD when both the European and US markets are open, typically between 13:00 GMT and 17:00 GMT. Important macroeconomic data releases can also create additional trading opportunities.","La mayoría de las plataformas de trading en línea permiten operar materias primas las 24 horas de cada día laborable. Sin embargo, si un bróker utiliza diferenciales dinámicos, operar el XAU/USD puede encarecerse durante los periodos de baja liquidez y volatilidad. Por ello, muchos traders prefieren operar el XAU/USD cuando los mercados europeo y estadounidense están abiertos a la vez, normalmente entre las 13:00 y las 17:00 GMT. Las publicaciones importantes de datos macroeconómicos también pueden generar oportunidades de trading adicionales.",,Pendiente,
componentes/rates-charts,rates-charts,FaqsSection.faqs.xauusd[5].question,What is the best time to trade XAU/USD?,¿Cuál es el mejor momento para operar el XAU/USD?,,Pendiente,
componentes/rates-charts,rates-charts,FaqsSection.faqs.xauusd[6].answer,"Technical analysis is widely used to forecast movements in the XAU/USD pair. It involves studying historical price data to identify trends, chart patterns and key support and resistance levels, which can help traders determine entry and exit points. Traders also rely on indicators such as the Relative Strength Index (RSI), Momentum, Bollinger Bands and Moving Averages to confirm trend strength or identify overbought and oversold conditions. Candlestick analysis further helps assess shifts in bullish or bearish momentum through formations like doji, engulfing or hammer patterns.","El análisis técnico se utiliza ampliamente para pronosticar los movimientos del par XAU/USD. Consiste en estudiar los datos históricos de precios para identificar tendencias, patrones gráficos y niveles clave de soporte y resistencia, que pueden ayudar a los traders a determinar los puntos de entrada y salida. Los traders también recurren a indicadores como el Índice de Fuerza Relativa (RSI), el Momentum, las Bandas de Bollinger y las Medias Móviles para confirmar la fuerza de la tendencia o identificar condiciones de sobrecompra y sobreventa. El análisis de velas ayuda además a evaluar los cambios en el impulso alcista o bajista a través de formaciones como los patrones doji, envolvente o martillo.",,Pendiente,
componentes/rates-charts,rates-charts,FaqsSection.faqs.xauusd[6].question,How is technical analysis used in trading XAU/USD?,¿Cómo se utiliza el análisis técnico para operar el XAU/USD?,,Pendiente,
componentes/rates-charts,rates-charts,FaqsSection.title,Rates & charts FAQs,Preguntas frecuentes sobre tipos y gráficos,,Pendiente,
componentes/rates-charts,rates-charts,Forecasts.cta,See full forecast,Ver pronóstico completo,,Pendiente,
componentes/rates-charts,rates-charts,Forecasts.description,"31 of the best experts in the industry give their best to add confidence to your trades, or to get you to double-check before you enter a position. Be sure to check it out!",31 de los mejores expertos del sector aportan su visión para darte confianza en tus operaciones o para que revises antes de entrar en una posición. ¡No dejes de consultarlo!,,Pendiente,
componentes/rates-charts,rates-charts,Forecasts.headline,FXS's Experts Outlook,Perspectiva de los expertos de FXS,,Pendiente,
componentes/rates-charts,rates-charts,Forecasts.sectionTitle,Forecasts,Pronósticos,,Pendiente,
componentes/rates-charts,rates-charts,Header.editorial,Editorial,Editorial,,Pendiente,
componentes/rates-charts,rates-charts,Header.news,News,Noticias,,Pendiente,
componentes/rates-charts,rates-charts,Header.title,{assetName} Exchange rate,Tipo de cambio de {assetName},,Pendiente,
componentes/rates-charts,rates-charts,Header.tools,Tools,Herramientas,,Pendiente,
componentes/rates-charts,rates-charts,IndicatorsChart.assetSelector,Asset,Activo,,Pendiente,
componentes/rates-charts,rates-charts,IndicatorsChart.searchPlaceholder,Search assets...,Buscar activos...,,Pendiente,
componentes/rates-charts,rates-charts,IndicatorsPage.description,"The FXS Technical Confluences Detector is an in-house tool, developed by FXStreet experts, that allows you to identify those price levels where congestion of indicators like moving averages, Fibonacci levels, Pivot Points occurs. Knowing where these congestion points are located is very helpful as it allows the trader to see these areas of support and resistance easily. This tool is customizable so you can choose the asset selectors and the time frame that are more suitable for your trading operations.","El Detector de Confluencias Técnicas de FXS es una herramienta propia, desarrollada por los expertos de FXStreet, que te permite identificar aquellos niveles de precio donde se concentran indicadores como medias móviles, niveles de Fibonacci o Puntos Pivote. Saber dónde se ubican estos puntos de congestión es muy útil, ya que permite al trader visualizar fácilmente estas zonas de soporte y resistencia.",,Pendiente,
componentes/rates-charts,rates-charts,IndicatorsPage.faqs[0].answer,"<p>This tool assigns a certain ""weight"" to each indicator according to its class and time range. This ""weight"" is propagated to price levels – even if those levels do not contain any indicator – to <strong>highlight the influence of the force of attraction generated by the presence of important indicators</strong>, such as a Moving Average or a Pivot Point level in a daily range. The algorithm's logical structure intensifies the signal's strength in those areas where several indicators converge – so-called technical confluence zones.</p>","<p>Esta herramienta asigna un cierto ""peso"" a cada indicador según su clase y su rango temporal. Ese ""peso"" se propaga a los niveles de precio – incluso a aquellos que no contienen ningún indicador – para <strong>resaltar la influencia de la fuerza de atracción que genera la presencia de indicadores importantes</strong>, como una media móvil o un nivel de Punto Pivote en un rango diario. La estructura lógica del algoritmo intensifica la fuerza de la señal en aquellas zonas donde varios indicadores convergen, las llamadas zonas de confluencia técnica.</p>",,Pendiente,
componentes/rates-charts,rates-charts,IndicatorsPage.faqs[0].question,Confluence of technical levels,Confluencia de niveles técnicos,,Pendiente,
componentes/rates-charts,rates-charts,IndicatorsPage.faqs[1].answer,"<p>The tool detects and draws the price levels where indicators are placed with a horizontal line, highlighting those levels where several indicators converge simultaneously. <strong>The color intensity of each horizontal line indicates the strength of the resistance or support levels</strong> generated by technical indicators. We have also implemented a color gradient to intensify the lines' tonality wherever the Technical Confluences Detector finds more resistance/support to price advance. The darker the line, the stronger the support/resistance area.</p>","<p>La herramienta detecta y dibuja con una línea horizontal los niveles de precio donde se sitúan los indicadores, resaltando aquellos niveles donde varios indicadores convergen simultáneamente. <strong>La intensidad del color de cada línea horizontal indica la fuerza de los niveles de resistencia o soporte</strong> generados por los indicadores técnicos. También hemos implementado un degradado de color para intensificar la tonalidad de las líneas allí donde el Detector de Confluencias Técnicas encuentra más resistencia/soporte al avance del precio. Cuanto más oscura es la línea, más fuerte es la zona de soporte/resistencia.</p>",,Pendiente,
componentes/rates-charts,rates-charts,IndicatorsPage.faqs[1].question,How to read the chart?,¿Cómo leer el gráfico?,,Pendiente,
componentes/rates-charts,rates-charts,IndicatorsPage.faqs[2].answer,"<p>You can see which indicators are within each price level by placing the cursor over the horizontal line price level. The explanation uses a code that indicates:</p><ul><li>Previous daily, weekly and monthly highs and lows.</li><li>Pivot Points</li><li>Moving averages</li><li>Bollinger bands</li><li>Fibonacci retracements</li></ul>","<p>Puedes ver qué indicadores se encuentran dentro de cada nivel de precio colocando el cursor sobre la línea horizontal del nivel de precio. La explicación utiliza un código que indica:</p><ul><li>Máximos y mínimos previos diarios, semanales y mensuales.</li><li>Puntos Pivote</li><li>Medias móviles</li><li>Bandas de Bollinger</li><li>Retrocesos de Fibonacci</li></ul>",,Pendiente,
componentes/rates-charts,rates-charts,IndicatorsPage.faqs[2].question,Tooltip,Tooltip,,Pendiente,
componentes/rates-charts,rates-charts,IndicatorsPage.faqs[3].answer,"<p>With the FXS Technical Confluences Detector tool, you can quickly locate the areas where the price can find support or resistance and <strong>make trading decisions.</strong> If you are a short-term trader, you will find entry points for counter-trend strategies and hunt a few points at a time. If you are a medium-to-long-term trader, this tool will allow you to know in advance the price levels where a medium-to-long-term trend may stop and rest, where to unwind positions, or where to increase your position size.</p>","<p>Con la herramienta Detector de Confluencias Técnicas de FXS puedes localizar rápidamente las zonas donde el precio puede encontrar soporte o resistencia y <strong>tomar decisiones de trading.</strong> Si eres un trader de corto plazo, encontrarás puntos de entrada para estrategias de contratendencia y cazar unos pocos puntos cada vez. Si eres un trader de medio a largo plazo, esta herramienta te permitirá conocer con antelación los niveles de precio donde una tendencia de medio a largo plazo puede detenerse y descansar, dónde deshacer posiciones o dónde aumentar el tamaño de tu posición.</p>",,Pendiente,
componentes/rates-charts,rates-charts,IndicatorsPage.faqs[3].question,How to use it?,¿Cómo utilizarlo?,,Pendiente,
componentes/rates-charts,rates-charts,IndicatorsPage.faqsTitle,Technical Confluences Detector FAQs,Preguntas frecuentes sobre el Detector de Confluencias Técnicas,,Pendiente,
componentes/rates-charts,rates-charts,IndicatorsPage.title,Technical Indicators,Detector de Confluencias Técnicas,,Pendiente,
componentes/rates-charts,rates-charts,KeyTechnicalLevels.bollinger,Bollinger {band} {period},Bollinger {band} {period},,Pendiente,
componentes/rates-charts,rates-charts,KeyTechnicalLevels.bollingerBand.LowerBand,Lower Band,Banda Inferior,,Pendiente,
componentes/rates-charts,rates-charts,KeyTechnicalLevels.bollingerBand.MiddleBand,Middle Band,Banda Media,,Pendiente,
componentes/rates-charts,rates-charts,KeyTechnicalLevels.bollingerBand.UpperBand,Upper Band,Banda Superior,,Pendiente,
componentes/rates-charts,rates-charts,KeyTechnicalLevels.candle,{type} {period},{type} {period},,Pendiente,
componentes/rates-charts,rates-charts,KeyTechnicalLevels.candleType.Close,Close,Cierre,,Pendiente,
componentes/rates-charts,rates-charts,KeyTechnicalLevels.candleType.High,High,Máximo,,Pendiente,
componentes/rates-charts,rates-charts,KeyTechnicalLevels.candleType.Low,Low,Mínimo,,Pendiente,
componentes/rates-charts,rates-charts,KeyTechnicalLevels.candleType.Open,Open,Apertura,,Pendiente,
componentes/rates-charts,rates-charts,KeyTechnicalLevels.fiboLevel.FiboLevel161,161.8%,161.8%,,Pendiente,
componentes/rates-charts,rates-charts,KeyTechnicalLevels.fiboLevel.FiboLevel23,23.6%,23.6%,,Pendiente,
componentes/rates-charts,rates-charts,KeyTechnicalLevels.fiboLevel.FiboLevel38,38.2%,38.2%,,Pendiente,
componentes/rates-charts,rates-charts,KeyTechnicalLevels.fiboLevel.FiboLevel61,61.8%,61.8%,,Pendiente,
componentes/rates-charts,rates-charts,KeyTechnicalLevels.fibonacci,Fibonacci {level} {period},Fibonacci {level} {period},,Pendiente,
componentes/rates-charts,rates-charts,KeyTechnicalLevels.historical.Last15MHigh,Last 15M High,Máximo de 15M,,Pendiente,
componentes/rates-charts,rates-charts,KeyTechnicalLevels.historical.Last15MLow,Last 15M Low,Mínimo de 15M,,Pendiente,
componentes/rates-charts,rates-charts,KeyTechnicalLevels.historical.Last1DHigh,Previous Day High,Máximo del Día Anterior,,Pendiente,
componentes/rates-charts,rates-charts,KeyTechnicalLevels.historical.Last1DLow,Previous Day Low,Mínimo del Día Anterior,,Pendiente,
componentes/rates-charts,rates-charts,KeyTechnicalLevels.historical.Last1HHigh,Last 1H High,Máximo de 1H,,Pendiente,
componentes/rates-charts,rates-charts,KeyTechnicalLevels.historical.Last1HLow,Last 1H Low,Mínimo de 1H,,Pendiente,
componentes/rates-charts,rates-charts,KeyTechnicalLevels.historical.Last4HHigh,Last 4H High,Máximo de 4H,,Pendiente,
componentes/rates-charts,rates-charts,KeyTechnicalLevels.historical.Last4HLow,Last 4H Low,Mínimo de 4H,,Pendiente,
componentes/rates-charts,rates-charts,KeyTechnicalLevels.historical.LastMonthHigh,Last Month High,Máximo del Mes,,Pendiente,
componentes/rates-charts,rates-charts,KeyTechnicalLevels.historical.LastMonthLow,Last Month Low,Mínimo del Mes,,Pendiente,
componentes/rates-charts,rates-charts,KeyTechnicalLevels.historical.LastWeekHigh,Last Week High,Máximo de la Semana,,Pendiente,
componentes/rates-charts,rates-charts,KeyTechnicalLevels.historical.LastWeekLow,Last Week Low,Mínimo de la Semana,,Pendiente,
componentes/rates-charts,rates-charts,KeyTechnicalLevels.historical.LastYearHigh,Last Year High,Máximo del Año,,Pendiente,
componentes/rates-charts,rates-charts,KeyTechnicalLevels.historical.LastYearLow,Last Year Low,Mínimo del Año,,Pendiente,
componentes/rates-charts,rates-charts,KeyTechnicalLevels.period.Annually,1Y,1A,,Pendiente,
componentes/rates-charts,rates-charts,KeyTechnicalLevels.period.Daily,1D,1D,,Pendiente,
componentes/rates-charts,rates-charts,KeyTechnicalLevels.period.IntraDay15,15M,15M,,Pendiente,
componentes/rates-charts,rates-charts,KeyTechnicalLevels.period.IntraDay240,4H,4H,,Pendiente,
componentes/rates-charts,rates-charts,KeyTechnicalLevels.period.IntraDay60,1H,1H,,Pendiente,
componentes/rates-charts,rates-charts,KeyTechnicalLevels.period.Monthly,1Mo,1Mes,,Pendiente,
componentes/rates-charts,rates-charts,KeyTechnicalLevels.period.Weekly,1W,1Sem,,Pendiente,
componentes/rates-charts,rates-charts,KeyTechnicalLevels.pivot,{point} {period},{point} {period},,Pendiente,
componentes/rates-charts,rates-charts,KeyTechnicalLevels.pivotPoint.PivotPoint,Pivot Point,Punto Pivote,,Pendiente,
componentes/rates-charts,rates-charts,KeyTechnicalLevels.pivotPoint.R1,R1,R1,,Pendiente,
componentes/rates-charts,rates-charts,KeyTechnicalLevels.pivotPoint.R2,R2,R2,,Pendiente,
componentes/rates-charts,rates-charts,KeyTechnicalLevels.pivotPoint.R3,R3,R3,,Pendiente,
componentes/rates-charts,rates-charts,KeyTechnicalLevels.pivotPoint.S1,S1,S1,,Pendiente,
componentes/rates-charts,rates-charts,KeyTechnicalLevels.pivotPoint.S2,S2,S2,,Pendiente,
componentes/rates-charts,rates-charts,KeyTechnicalLevels.pivotPoint.S3,S3,S3,,Pendiente,
componentes/rates-charts,rates-charts,KeyTechnicalLevels.roundNumber,Round Number,Número Redondo,,Pendiente,
componentes/rates-charts,rates-charts,KeyTechnicalLevels.sma,SMA{number} {period},SMA{number} {period},,Pendiente,
componentes/rates-charts,rates-charts,openChart,Open Chart,Abrir gráfico,,Pendiente,
componentes/rates-charts,rates-charts,RateIntervals.1,1 Min,1 Min,,Pendiente,
componentes/rates-charts,rates-charts,RateIntervals.15,15 Min,15 Min,,Pendiente,
componentes/rates-charts,rates-charts,RateIntervals.1D,1 Day,1 Día,,Pendiente,
componentes/rates-charts,rates-charts,RateIntervals.1W,1 Week,1 Semana,,Pendiente,
componentes/rates-charts,rates-charts,RateIntervals.240,4 Hours,4 Horas,,Pendiente,
componentes/rates-charts,rates-charts,RateIntervals.60,1 Hour,1 Hora,,Pendiente,
componentes/rates-charts,rates-charts,RatesAssetTable.ask,Ask,Venta,,Pendiente,
componentes/rates-charts,rates-charts,RatesAssetTable.asset,Asset,Activo,,Pendiente,
componentes/rates-charts,rates-charts,RatesAssetTable.assetsLinkLable,Assets,Activos,,Pendiente,
componentes/rates-charts,rates-charts,RatesAssetTable.bid,Bid,Compra,,Pendiente,
componentes/rates-charts,rates-charts,RatesAssetTable.change,CHG,Var,,Pendiente,
componentes/rates-charts,rates-charts,RatesAssetTable.changePercent,CHG%,Var%,,Pendiente,
componentes/rates-charts,rates-charts,RatesAssetTable.high,High,Máximo,,Pendiente,
componentes/rates-charts,rates-charts,RatesAssetTable.last,Last,Último,,Pendiente,
componentes/rates-charts,rates-charts,RatesAssetTable.low,Low,Mínimo,,Pendiente,
componentes/rates-charts,rates-charts,RatesAssetTable.open,Open,Apertura,,Pendiente,
componentes/rates-charts,rates-charts,RateSingleAsset.updatedAt,Updated at {date} GMT,Actualizado a las {date} GMT,,Pendiente,
componentes/rates-charts,rates-charts,RateSinglePercentChange.1D,1 Day,1 Día,,Pendiente,
componentes/rates-charts,rates-charts,RateSinglePercentChange.1M,1 Month,1 Mes,,Pendiente,
componentes/rates-charts,rates-charts,RateSinglePercentChange.1W,1 Week,1 Semana,,Pendiente,
componentes/rates-charts,rates-charts,RateSinglePercentChange.1Y,1 Year,1 Año,,Pendiente,
componentes/rates-charts,rates-charts,RateSinglePercentChange.3M,3 Months,3 Meses,,Pendiente,
componentes/rates-charts,rates-charts,RateSinglePercentChange.6M,6 Months,6 Meses,,Pendiente,
componentes/rates-charts,rates-charts,RateSinglePercentChange.YTD,YTD,YTD,,Pendiente,
componentes/rates-charts,rates-charts,RatesLiveQuotes.customize,Customize my list,Personalizar mi lista,,Pendiente,
componentes/rates-charts,rates-charts,RatesLiveQuotes.customizeDialog.add,Add,Añadir,,Pendiente,
componentes/rates-charts,rates-charts,RatesLiveQuotes.customizeDialog.cancel,Cancel,Cancelar,,Pendiente,
componentes/rates-charts,rates-charts,RatesLiveQuotes.customizeDialog.save,Save changes,Guardar cambios,,Pendiente,
componentes/rates-charts,rates-charts,RatesLiveQuotes.customizeDialog.searchPlaceholder,Filter assets,Filtrar activos,,Pendiente,
componentes/rates-charts,rates-charts,RatesLiveQuotes.customizeDialog.title,Customize my list,Personalizar mi lista,,Pendiente,
componentes/rates-charts,rates-charts,RatesLiveQuotes.customizeDialog.uncheckAll,Uncheck all,Desmarcar todo,,Pendiente,
componentes/rates-charts,rates-charts,RatesLiveQuotes.emptyState,No assets match your selection. Try clearing the search or customizing your list.,Ningún activo coincide con tu selección. Prueba a borrar la búsqueda o a personalizar tu lista.,,Pendiente,
componentes/rates-charts,rates-charts,RatesLiveQuotes.morePresets,More Presets,Más preajustes,,Pendiente,
componentes/rates-charts,rates-charts,RatesLiveQuotes.presetLabels.Bond,Bonds,Bonos,,Pendiente,
componentes/rates-charts,rates-charts,RatesLiveQuotes.presetLabels.Commodity,Commodities,Materias primas,,Pendiente,
componentes/rates-charts,rates-charts,RatesLiveQuotes.presetLabels.Crypto,Cryptocurrencies,Criptomonedas,,Pendiente,
componentes/rates-charts,rates-charts,RatesLiveQuotes.presetLabels.Cryptocurrency,Cryptocurrencies,Criptomonedas,,Pendiente,
componentes/rates-charts,rates-charts,RatesLiveQuotes.presetLabels.Forex,Forex,Forex,,Pendiente,
componentes/rates-charts,rates-charts,RatesLiveQuotes.presetLabels.Index,Indices,Índices,,Pendiente,
componentes/rates-charts,rates-charts,RatesLiveQuotes.presetLabels.Stock,Stocks,Acciones,,Pendiente,
componentes/rates-charts,rates-charts,RatesLiveQuotes.presets,Presets,Preajustes,,Pendiente,
componentes/rates-charts,rates-charts,RatesLiveQuotes.resultsCount,"{count, plural, =0 {No assets} one {# asset} other {# assets}}","{count, plural, =0 {Sin activos} one {# activo} other {# activos}}",,Pendiente,
componentes/rates-charts,rates-charts,RatesLiveQuotes.searchPlaceholder,Search assets,Buscar activos,,Pendiente,
componentes/rates-charts,rates-charts,RatesLiveQuotes.tabs.defaults,Defaults,Predeterminados,,Pendiente,
componentes/rates-charts,rates-charts,RatesLiveQuotes.tabs.myAssets,My assets,Mis activos,,Pendiente,
componentes/rates-charts,rates-charts,RatesLiveQuotes.title,Assets,Activos,,Pendiente,
componentes/rates-charts,rates-charts,RatesPage.description,"Real-time interbank forex rates for more than 1,600 assets across different markets - Forex, Commodities and equities.","Tipos de cambio de Forex interbancarios en tiempo real para más de 1.600 activos en distintos mercados: Forex, materias primas y renta variable.",,Pendiente,
componentes/rates-charts,rates-charts,RatesPage.FaqsSection.faqs[0].answer,"Live rates for more than 1,600 assets across different markets (Forex, Commodities, Indices, Futures...). The table offers for each asset the Last/Bid/Ask, Change, Change (%), Open, High and Low, Trend, Overbought/Oversold and Volatility. The data comes from the interbank market where huge financial institutions are acting as liquidity providers. Interbank market is known to have high level of liquidity hence highly competitive rates and spreads. By using the Forex Rates Table, traders can compare the rates from their brokers and use it to their advantage. Customize your own list, with your preferred assets. Select from our available list of currencies, indices or commodities your portfolio rates table. Save it and keep it handy with the My List button.","Tipos en directo de más de 1.600 activos en distintos mercados (Forex, materias primas, índices, futuros...). Para cada activo, la tabla ofrece el Último/Compra (Bid)/Venta (Ask), la Variación, la Variación (%), la Apertura, el Máximo y el Mínimo, la Tendencia, la Sobrecompra/Sobreventa y la Volatilidad. Los datos proceden del mercado interbancario, donde grandes instituciones financieras actúan como proveedoras de liquidez. El mercado interbancario destaca por su alto nivel de liquidez y, por tanto, por sus tipos y diferenciales muy competitivos. Al utilizar la tabla de tipos Forex, los traders pueden comparar los tipos de sus brókeres y aprovecharlos a su favor. Personaliza tu propia lista con tus activos preferidos. Selecciona de nuestra lista disponible de divisas, índices o materias primas la tabla de tipos de tu cartera. Guárdala y tenla siempre a mano con el botón Mi Lista.",,Pendiente,
componentes/rates-charts,rates-charts,RatesPage.FaqsSection.faqs[0].question,What is the Forex rates table?,¿Qué es la tabla de tipos Forex?,,Pendiente,
componentes/rates-charts,rates-charts,RatesPage.FaqsSection.faqs[1].answer,"Last/Bid/Ask rates are updated live and painted in red (Downtick) or green (Uptick) every time the price is updated. We also indicate the Open, Highest and Lowest prices of the day (0 GMT is the start of the day, 24 GMT is the end of the day). In the middle, you have the variation in pips and the percentage variation of the quote since the opening of the day (that is 0 GMT). Now, we also offer our technicals studies over the most important crosses: Our Trend Indicator is updated every 15 minutes. Shows the current trend for the assets classified in Strongly Bullish, Bullish, Bearish, Strongly Bearish and sideways. Our Overbought/Oversold Indicator is also updated every 15 minutes. It shows the current market position for the crossing. Overbought, Neutral and Oversold. The Volatility Index shows the current volatility (High or Low), or the trend of it for the coming periods (Expanding or Shrinking). It is updated every 15 minutes. Use the Shortcuts buttons to easily access to the more data and tools: Live Chart (/rates-charts/chart), Related News (/news) and the Technical Asset Page (/rates-charts/eurusd), where you can find an in-depth analysis of the asset.","Los tipos Último/Compra (Bid)/Venta (Ask) se actualizan en directo y se colorean en rojo (movimiento a la baja) o en verde (movimiento al alza) cada vez que el precio se actualiza. También indicamos los precios de Apertura, Máximo y Mínimo del día (las 0 GMT marcan el inicio del día y las 24 GMT, el final). En el centro figuran la variación en pips y la variación porcentual de la cotización desde la apertura del día (es decir, las 0 GMT). Además, ahora ofrecemos nuestros estudios técnicos sobre los cruces más importantes: nuestro Indicador de Tendencia se actualiza cada 15 minutos y muestra la tendencia actual de los activos, clasificada en Fuertemente Alcista, Alcista, Bajista, Fuertemente Bajista y lateral. Nuestro Indicador de Sobrecompra/Sobreventa también se actualiza cada 15 minutos y muestra la posición actual del mercado para el cruce: Sobrecompra, Neutral y Sobreventa. El Índice de Volatilidad muestra la volatilidad actual (Alta o Baja), o su tendencia para los próximos periodos (en Expansión o en Contracción), y se actualiza cada 15 minutos. Usa los botones de Accesos directos para acceder fácilmente a más datos y herramientas: Gráfico en Vivo (/rates-charts/chart), Noticias Relacionadas (/news) y la Página Técnica del Activo (/rates-charts/eurusd), donde encontrarás un análisis en profundidad del activo.",,Pendiente,
componentes/rates-charts,rates-charts,RatesPage.FaqsSection.faqs[1].question,How to read a Forex rates table?,¿Cómo se lee una tabla de tipos Forex?,,Pendiente,
componentes/rates-charts,rates-charts,RatesPage.FaqsSection.faqs[2].answer,"For our unique interbank rates: The majority of other information websites display prices of a single source, most of the time from one retail broker-dealer. At FXStreet, traders get interbank rates coming from the systematic selection of data providers that deliver millions of updates per day. Interbank quotes are essential for realistic valuations, for instance comparison between interbank and a particular broker-dealer's rates; calculating risk exposure; analyzing performance; and justifying trades since price-driven indicators are much more reliable when using interbank rates. Because they are real time: Prices are updated live, tick-by-tick. There will be no chance for traders to lose any trading opportunities! Because you can personalize the list of assets: If you click to Customize my list, you can choose among the 1,600 assets the ones you want to show on the table, so you will exclusively focus on those you trade. It's a Pro tool you get for free: These forex rates are usually available only on professional platforms, but at FXStreet we are committed to providing the best tools for all the traders. This is why we offer this tool totally free of charge!","Por nuestros tipos interbancarios únicos: la mayoría de las webs de información muestran precios de una única fuente, normalmente de un solo bróker minorista. En FXStreet, los traders obtienen tipos interbancarios procedentes de la selección sistemática de proveedores de datos que ofrecen millones de actualizaciones al día. Las cotizaciones interbancarias son esenciales para realizar valoraciones realistas; por ejemplo, comparar los tipos interbancarios con los de un bróker concreto, calcular la exposición al riesgo, analizar el rendimiento y justificar las operaciones, ya que los indicadores basados en el precio son mucho más fiables cuando se utilizan tipos interbancarios. Porque son en tiempo real: los precios se actualizan en directo, tick a tick. ¡Así los traders no perderán ninguna oportunidad de trading! Porque puedes personalizar la lista de activos: si haces clic en Personalizar mi lista, puedes elegir, entre los 1.600 activos, los que quieres mostrar en la tabla, de modo que te centres exclusivamente en aquellos con los que operas. Es una herramienta profesional que obtienes gratis: estos tipos Forex suelen estar disponibles solo en plataformas profesionales, pero en FXStreet estamos comprometidos a ofrecer las mejores herramientas a todos los traders. ¡Por eso ofrecemos esta herramienta totalmente gratis!",,Pendiente,
componentes/rates-charts,rates-charts,RatesPage.FaqsSection.faqs[2].question,Why should I use the Forex rates table?,¿Por qué debería usar la tabla de tipos Forex?,,Pendiente,
componentes/rates-charts,rates-charts,RatesPage.FaqsSection.title,Forex Rates FAQs,Preguntas frecuentes sobre los tipos Forex,,Pendiente,
componentes/rates-charts,rates-charts,RatesPage.title,Forex Rates Table,Tabla de tipos de cambio de Forex,,Pendiente,
componentes/rates-charts,rates-charts,seo.asset.description,"{assetNameDescription} exchange rate. Charts, forecast poll, current trading positions and technical analysis. Keep informed on {assetNameDescription} updates.","Tipo de cambio de {assetNameDescription}. Gráficos, encuesta de pronóstico, posiciones de trading actuales y análisis técnico. Mantente informado sobre las novedades de {assetNameDescription}.",,Pendiente,
componentes/rates-charts,rates-charts,seo.asset.title,{assetNameTitle} - Live Exchange Rate & Trend Chart,{assetNameTitle} - Tipo de cambio en vivo y gráfico de tendencia,,Pendiente,
componentes/rates-charts,rates-charts,seo.chart.description,"Customize Charts with Interbank rates from 140 liquidity providers, low latency, real-time and historical data for more than 1000 assets (FX, Commodities and Indices).","Personaliza gráficos con tipos de cambio interbancarios de 140 proveedores de liquidez, baja latencia y datos en tiempo real e históricos de más de 1000 activos (Forex, materias primas e índices).",,Pendiente,
componentes/rates-charts,rates-charts,seo.chart.title,Live Forex Charts - FXStreet,Gráficos de Forex en vivo - FXStreet,,Pendiente,
componentes/rates-charts,rates-charts,seo.chartInteractive.description,"Interactive forex charts with real-time interbank rates, over 100 technical indicators, drawing tools, and customizable layouts for more than 6,000 assets.","Gráficos interactivos de Forex con tipos de cambio interbancarios en tiempo real, más de 100 indicadores técnicos, herramientas de dibujo y diseños personalizables para más de 6.000 activos.",,Pendiente,
componentes/rates-charts,rates-charts,seo.chartInteractive.title,Interactive Forex Charts - FXStreet,Gráficos interactivos de Forex - FXStreet,,Pendiente,
componentes/rates-charts,rates-charts,seo.forecast.description,"Check FXStreet Forecast, a sentiment poll conducted by FXStreet containing price targets from our dedicated contributors and major banks.","Consulta el pronóstico de FXStreet, una encuesta de sentimiento realizada por FXStreet con objetivos de precio de nuestros colaboradores y de los principales bancos.",,Pendiente,
componentes/rates-charts,rates-charts,seo.forecast.title,Forex Forecast | FXStreet,Pronóstico de Forex | FXStreet,,Pendiente,
componentes/rates-charts,rates-charts,seo.indicators.description,Everything you need to keep informed about Technical Confluences Detector. Check FXStreet's high quality resources.,Todo lo que necesitas para mantenerte informado sobre el Detector de Confluencias Técnicas. Consulta los recursos de alta calidad de FXStreet.,,Pendiente,
componentes/rates-charts,rates-charts,seo.indicators.title,Forex Indicator,Indicador de Forex,,Pendiente,
componentes/rates-charts,rates-charts,seo.rates.description,"Check our Interbank Forex Rates Table from 140 liquidity providers, low latency, real-time and historical data for more than 1000 assets (FX, Commodities & Indices).","Consulta nuestra tabla de tipos de cambio interbancarios de Forex de 140 proveedores de liquidez, baja latencia y datos en tiempo real e históricos de más de 1000 activos (Forex, materias primas e índices).",,Pendiente,
componentes/rates-charts,rates-charts,seo.rates.title,Live Forex Rates - FXStreet,Tipos de cambio de Forex en vivo - FXStreet,,Pendiente,
componentes/rates-charts,rates-charts,seo.subHome.description,"Live forex rates, real-time EUR/USD charts, and FXStreet tools to track major pairs and plan your trading.","Tipos de cambio en tiempo real, gráficos EUR/USD y herramientas de FXStreet para seguir los principales pares y planificar tu trading.",,Pendiente,
componentes/rates-charts,rates-charts,seo.subHome.title,Rates and Charts - FXStreet,Gráficos y Tipos de Cambio - FXStreet,,Pendiente,
componentes/rates-charts,rates-charts,SubHome.liveRates.cta,Go to the Full Asset List,Ir a la lista completa de activos,,Pendiente,
componentes/rates-charts,rates-charts,SubHome.liveRates.description,"This first glance through will train your eyes to know the prices of the major pairs, and give you a quick peek at essential trading information.",Una primera mirada para acostumbrar la vista a los precios de los principales pares y obtener una vista rápida de la información esencial para operar.,,Pendiente,
componentes/rates-charts,rates-charts,SubHome.liveRates.error,Live rates could not be loaded. Please try again.,No se pudieron cargar los tipos en vivo. Inténtalo de nuevo.,,Pendiente,
componentes/rates-charts,rates-charts,SubHome.liveRates.headline,Your trading cockpit,Tu cabina de trading,,Pendiente,
componentes/rates-charts,rates-charts,SubHome.liveRates.sectionTitle,Live Rates,Tipos en vivo,,Pendiente,
componentes/rates-charts,rates-charts,SubHome.pageTitle,Rates and Charts,Rates and Charts,,Pendiente,
componentes/rates-charts,rates-charts,SubHome.realTimeCharts.cta,Make the most of our chart,Saca el máximo partido a nuestro gráfico,,Pendiente,
componentes/rates-charts,rates-charts,SubHome.realTimeCharts.description,"With these, you will be able to dig deeper and find different technical prompts like trendlines and patterns to guide your trading further.","Con ellos podrás profundizar y encontrar distintas pistas técnicas, como líneas de tendencia y patrones, para orientar mejor tu trading.",,Pendiente,
componentes/rates-charts,rates-charts,SubHome.realTimeCharts.headline,Your technical compass,Tu brújula técnica,,Pendiente,
componentes/rates-charts,rates-charts,SubHome.realTimeCharts.sectionTitle,Real Time Charts,Gráficos en tiempo real,,Pendiente,
componentes/rates-charts,rates-charts,TechnicalLevels.cta,Go to Technical Levels,Ir a niveles técnicos,,Pendiente,
componentes/rates-charts,rates-charts,TechnicalLevels.description,"This table will resume the most important trading levels for each product/currency group, using all the classical indicators.","Esta tabla resume los niveles de trading más importantes para cada producto o grupo de divisas, usando los indicadores clásicos.",,Pendiente,
componentes/rates-charts,rates-charts,TechnicalLevels.headline,Technical Levels Table,Tabla de niveles técnicos,,Pendiente,
componentes/rates-charts,rates-charts,TechnicalLevels.sectionTitle,Technical Levels,Niveles técnicos,,Pendiente,
componentes/showcase,showcase,brokerContent.consTitle,Cons,Contras,,Pendiente,
componentes/showcase,showcase,brokerContent.prosTitle,Pros,Pros,,Pendiente,
componentes/showcase,showcase,buyChallenges,Buy challenges,Comprar challenges,,Pendiente,
componentes/showcase,showcase,disclaimer,"We're committed to the highest standards of editorial integrity. Still, it's crucial to recognize that some products we mention come from our partners. <a href=""/info/advertising-model"" class=""underline hover:text-main-primary"">Here's an insight into how we make money.</a> While we strive to be comprehensive, the compensation we receive can influence the products, companies, or services we showcase and review. Not all available options may be featured on this page.","Estamos comprometidos con los más altos estándares de integridad editorial. Aun así, es importante reconocer que algunos productos que mencionamos proceden de nuestros partners. <a href=""/info/advertising-model"" class=""underline hover:text-main-primary"">Aquí tienes información sobre cómo ganamos dinero.</a> Aunque nos esforzamos por ser exhaustivos, la compensación que recibimos puede influir en los productos, empresas o servicios que destacamos y revisamos. No todas las opciones disponibles pueden aparecer en esta página.",,Pendiente,
componentes/showcase,showcase,faqs.title,Forex Brokers FAQs,Preguntas frecuentes sobre Brókers,,Pendiente,
componentes/showcase,showcase,openAccount,Open account,Abrir cuenta,,Pendiente,
componentes/showcase,showcase,sharePost.text,Share,Compartir,,Pendiente,
componentes/showcase,showcase,sponsored.text,Branded,Patrocinado,,Pendiente,
componentes/showcase,showcase,visitBroker,Visit broker,Visitar bróker,,Pendiente,
componentes/showcase,showcase,visitWebsite,Visit website,Visitar sitio web,,Pendiente,
componentes/showcases-variants,showcases-variants,editorialProcess.description,"Our editorial team personally tests each broker with real accounts. We evaluate spreads, execution speed, customer support, and withdrawal times over a 3-month period. Every broker on this list has been independently verified by at least two members of our research team to ensure accuracy and fairness in our recommendations.","Nuestro equipo editorial prueba personalmente cada bróker con cuentas reales. Evaluamos spreads, velocidad de ejecución, atención al cliente y tiempos de retirada durante un periodo de 3 meses. Cada bróker de esta lista ha sido verificado de forma independiente por al menos dos miembros de nuestro equipo de investigación para garantizar precisión y equidad en nuestras recomendaciones.",,Pendiente,
componentes/showcases-variants,showcases-variants,editorialProcess.title,Our Editorial Process,Nuestro proceso editorial,,Pendiente,
componentes/showcases-variants,showcases-variants,faqs.title,Forex Brokers FAQs,Preguntas frecuentes sobre brókers de Forex,,Pendiente,
componentes/showcases-variants,showcases-variants,insightColumns.AccountTypes,Account types,Tipos de cuenta,,Pendiente,
componentes/showcases-variants,showcases-variants,insightColumns.BrokerName,Broker name,Nombre del bróker,,Pendiente,
componentes/showcases-variants,showcases-variants,insightColumns.InstrumentsCount,Instruments,Instrumentos,,Pendiente,
componentes/showcases-variants,showcases-variants,insightColumns.Leverage,Leverage,Apalancamiento,,Pendiente,
componentes/showcases-variants,showcases-variants,insightColumns.MinDeposit,Min. deposit,Depósito mínimo,,Pendiente,
componentes/showcases-variants,showcases-variants,insightColumns.PaymentMethods,Payment methods,Métodos de pago,,Pendiente,
componentes/showcases-variants,showcases-variants,insightColumns.Regulation,Regulation,Regulación,,Pendiente,
componentes/showcases-variants,showcases-variants,insightColumns.Spreads,Spreads,Spreads,,Pendiente,
componentes/showcases-variants,showcases-variants,insightColumns.TradingPlatforms,Trading platforms,Plataformas de trading,,Pendiente,
componentes/showcases-variants,showcases-variants,insightColumns.YearsOperating,Years operating,Años en funcionamiento,,Pendiente,
componentes/showcases-variants,showcases-variants,openAccount,Open account,Abrir cuenta,,Pendiente,
componentes/showcases-variants,showcases-variants,relatedShowcase.moreFrom,More from {macroLabel},Más de {macroLabel},,Pendiente,
componentes/showcases-variants,showcases-variants,sharePost.text,Share,Compartir,,Pendiente,
componentes/showcases-variants,showcases-variants,sponsored.text,branded,patrocinado,,Pendiente,
componentes/showcases-variants,showcases-variants,updated.text,Updated,Actualizado,,Pendiente,
componentes/world-interest-rates,world-interest-rates,intro.firstParagraph,"The World Interest Rates table reflects the current interest rates of the main countries around the world, set by their respective central banks. Rates typically reflect the health of individual economies, as in a perfect scenario, central banks tend to raise rates when the economy is growing and therefore instigate inflation.","La tabla de tipos de interes mundiales refleja los tipos de interes actuales de los principales paises del mundo, establecidos por sus respectivos bancos centrales. Los tipos suelen reflejar la salud de cada economia, ya que en un escenario ideal los bancos centrales tienden a subir los tipos cuando la economia crece y, por tanto, aumenta la inflacion.",,Pendiente,
componentes/world-interest-rates,world-interest-rates,intro.secondParagraph,"Rate cuts, on the other hand, are a way to stimulate a struggling economy. The table includes actual rates, latest policy changes and the date of upcoming meetings and decisions for the major ones.","Las bajadas de tipos, por el contrario, son una forma de estimular una economia debilitada. La tabla incluye tipos actuales, ultimos cambios de politica y la fecha de proximas reuniones y decisiones para los principales bancos centrales.",,Pendiente,
componentes/world-interest-rates,world-interest-rates,latestNews.blocks.boj,BOJ,BOJ,,Pendiente,
componentes/world-interest-rates,world-interest-rates,latestNews.blocks.centralBanks,Central Banks,Bancos centrales,,Pendiente,
componentes/world-interest-rates,world-interest-rates,latestNews.blocks.ecb,ECB,ECB,,Pendiente,
componentes/world-interest-rates,world-interest-rates,latestNews.blocks.fed,FED,FED,,Pendiente,
componentes/world-interest-rates,world-interest-rates,latestNews.blocks.rba,RBA,RBA,,Pendiente,
componentes/world-interest-rates,world-interest-rates,latestNews.emptyList,No central bank news available for this section.,No hay noticias de bancos centrales para esta sección.,,Pendiente,
componentes/world-interest-rates,world-interest-rates,latestNews.title,Latest central bank news,Ultimas noticias de bancos centrales,,Pendiente,
componentes/world-interest-rates,world-interest-rates,pageTitle,World Interest Rates,Tipos de interes mundiales,,Pendiente,
componentes/world-interest-rates,world-interest-rates,seo.description,Check the latest interest rates from central banks around the world. Compare global rates and stay informed on monetary policy decisions.,"Sigue tipos de interes actuales, proximas reuniones y ultimos cambios de politica monetaria de los principales bancos centrales y paises.",,Pendiente,
componentes/world-interest-rates,world-interest-rates,seo.title,World Interest Rates | Global Central Bank Rates,Tipos de interes mundiales - FXStreet,,Pendiente,
componentes/world-interest-rates,world-interest-rates,tables.columns.centralBank,Central Banks,Bancos centrales,,Pendiente,
componentes/world-interest-rates,world-interest-rates,tables.columns.country,Country,País,,Pendiente,
componentes/world-interest-rates,world-interest-rates,tables.columns.currentInterestRate,Current Interest Rate,Tipo de interés actual,,Pendiente,
componentes/world-interest-rates,world-interest-rates,tables.columns.lastChangeLegacy,Last Change,Último cambio,,Pendiente,
componentes/world-interest-rates,world-interest-rates,tables.columns.nextMeetingShort,Next Meeting,Próxima reunión,,Pendiente,
componentes/world-interest-rates,world-interest-rates,tables.columns.previousLegacy,Previous,Anterior,,Pendiente,
componentes/world-interest-rates,world-interest-rates,tables.empty,No data available.,No hay datos disponibles.,,Pendiente,
componentes/world-interest-rates,world-interest-rates,tables.majors.title,Major Central Banks Overview,Panorama de los principales bancos centrales,,Pendiente,
componentes/world-interest-rates,world-interest-rates,tables.regions.fallbackTitle,Regional interest rates,Tipos por región,,Pendiente,
