Carpeta,Bloque,Clave,Inglés (original),Español (borrador IA),Español (revisado),Estado,Comentarios
componentes/topic-page,topic-page,fundamentalAnalysisTitle,Fundamental Analysis,Análisis fundamental,,Pendiente,
componentes/topic-page,topic-page,sidebar.latestContent,Latest content,Últimos contenidos,,Pendiente,
componentes/topic-page,topic-page,technicalAnalysisTitle,Technical Analysis,Análisis técnico,,Pendiente,
componentes/topic-page,topic-page,topics.commodities.gold.seo.description,"Follow Gold (XAU/USD) news, technical and fundamental analysis, charts and forecasts from FXStreet experts.","Sigue las noticias, el análisis técnico y fundamental, los gráficos y las previsiones del oro (XAU/USD) con los expertos de FXStreet.",,Pendiente,
componentes/topic-page,topic-page,topics.commodities.gold.seo.keywords,"gold, xauusd, commodities, analysis, news","oro, xauusd, materias primas, análisis, noticias",,Pendiente,
componentes/topic-page,topic-page,topics.commodities.gold.seo.pageTitle,Gold Forecast and News,Previsión y noticias del oro,,Pendiente,
componentes/topic-page,topic-page,topics.commodities.gold.seo.socialImageUrl,https://editorial.fxstreet.com/images/Markets/Commodities/Gold/gold-chart_XtraSmall.jpg,https://editorial.fxstreet.com/images/Markets/Commodities/Gold/gold-chart_XtraSmall.jpg,,Pendiente,
componentes/topic-page,topic-page,topics.commodities.gold.seo.title,"Gold Forecast, News and Analysis (XAU/USD)","Pronóstico, noticias y análisis del oro (XAU/USD)",,Pendiente,
componentes/topic-page,topic-page,topics.commodities.gold.seoText.left[0].paragraphs[0],"In the Forex market, Gold functions as a currency. The particularity of Gold is that it is traded against the United States Dollar (USD), with the internationally accepted code for gold being XAU.","En el mercado Forex, el oro funciona como una divisa. Su particularidad es que se negocia frente al dólar estadounidense (USD), y el código internacionalmente aceptado para el oro es XAU.",,Pendiente,
componentes/topic-page,topic-page,topics.commodities.gold.seoText.left[0].paragraphs[1],"Known as a safe-haven asset, Gold is expected to appreciate in periods of market volatility and economic uncertainty. Gold is also widely seen as a hedge against inflation and against depreciating currencies as it doesn't rely on any specific issuer or government.","Conocido como activo refugio, se espera que el oro se aprecie en periodos de volatilidad de mercado e incertidumbre económica. También se ve ampliamente como cobertura frente a la inflación y frente a divisas que se deprecian, ya que no depende de ningún emisor o gobierno concreto.",,Pendiente,
componentes/topic-page,topic-page,topics.commodities.gold.seoText.left[0].paragraphs[2],"Central banks are the biggest Gold holders. In their aim to support their currencies in turbulent times, central banks tend to diversify their reserves and buy Gold to improve the perceived strength of the economy and the currency. The United States is the country that holds the biggest resources of Gold in the world.","Los bancos centrales son los mayores tenedores de oro. Con el objetivo de apoyar sus divisas en momentos turbulentos, suelen diversificar sus reservas y comprar oro para mejorar la percepción de fortaleza de la economía y de la moneda. Estados Unidos es el país que concentra los mayores recursos de oro del mundo.",,Pendiente,
componentes/topic-page,topic-page,topics.commodities.gold.seoText.left[0].paragraphs[3],The XAU/USD pair tells the trader how many US Dollars are needed to purchase one troy ounce of Gold.,El par XAU/USD indica al trader cuántos dólares estadounidenses se necesitan para comprar una onza troy de oro.,,Pendiente,
componentes/topic-page,topic-page,topics.commodities.gold.seoText.left[0].paragraphs[4],"The price can move due to a wide range of factors. Geopolitical instability or fears of a deep recession can quickly make Gold prices escalate due to its safe-haven status. As a yield-less asset, Gold tends to rise with lower interest rates, while higher borrowing costs usually weigh on the yellow metal. Still, most moves depend on how the US Dollar (USD) behaves as the asset is priced in dollars. A strong Dollar tends to keep the price of Gold controlled, whereas a weaker Dollar is likely to push Gold prices up.","El precio puede moverse por un amplio abanico de factores. La inestabilidad geopolítica o el miedo a una recesión profunda pueden hacer escalar rápidamente el precio del oro por su estatus de refugio. Como activo sin rendimiento, el oro tiende a subir con tipos de interés más bajos, mientras que unos costes de financiación más altos suelen pesar sobre el metal. Aun así, la mayoría de los movimientos dependen del comportamiento del dólar estadounidense (USD), ya que el activo se cotiza en dólares. Un dólar fuerte tiende a contener el precio del oro, mientras que un dólar más débil suele impulsarlo al alza.",,Pendiente,
componentes/topic-page,topic-page,topics.commodities.gold.seoText.left[0].title,Gold (XAU/USD),Oro (XAU/USD),,Pendiente,
componentes/topic-page,topic-page,topics.commodities.gold.seoText.left[1].bullets[0].linkPath,https://www.gold.org/,https://www.gold.org/,,Pendiente,
componentes/topic-page,topic-page,topics.commodities.gold.seoText.left[1].bullets[0].text,<link>WGC</link> (World Gold Council) is the market development organization for the Gold industry. Its aim is to stimulate and sustain demand for the precious metal.,El <link>WGC</link> (World Gold Council) es la organización de desarrollo de mercado de la industria del oro. Su objetivo es estimular y sostener la demanda del metal precioso.,,Pendiente,
componentes/topic-page,topic-page,topics.commodities.gold.seoText.left[1].bullets[1].linkPath,https://www.lbma.org.uk/,https://www.lbma.org.uk/,,Pendiente,
componentes/topic-page,topic-page,topics.commodities.gold.seoText.left[1].bullets[1].text,"<link>LBMA</link> (London Bullion Market Association) is an organization whose members participate in this wholesale over-the-counter market for trading Gold and Silver. It is loosely overseen by the Bank of England. Most LBMA members are major international banks, bullion dealers, and refiners.","La <link>LBMA</link> (London Bullion Market Association) es una organización cuyos miembros participan en este mercado mayorista OTC de negociación de oro y plata. Está supervisada de forma laxa por el Banco de Inglaterra. La mayoría de sus miembros son grandes bancos internacionales, dealers de lingotes y refinadores.",,Pendiente,
componentes/topic-page,topic-page,topics.commodities.gold.seoText.left[1].bullets[2].linkPath,https://www.cmegroup.com/company/comex.html,https://www.cmegroup.com/company/comex.html,,Pendiente,
componentes/topic-page,topic-page,topics.commodities.gold.seoText.left[1].bullets[2].text,<link>COMEX</link> (Commodity Exchange) is the primary market for trading metals. The COMEX merged with the New York Mercantile Exchange (NYMEX) in 1994 and joined the CME Group in 2008.,El <link>COMEX</link> (Commodity Exchange) es el mercado principal para la negociación de metales. El COMEX se fusionó con el New York Mercantile Exchange (NYMEX) en 1994 y se unió al CME Group en 2008.,,Pendiente,
componentes/topic-page,topic-page,topics.commodities.gold.seoText.left[1].bullets[3].linkPath,https://cgse.com.hk/chines/en,https://cgse.com.hk/chines/en,,Pendiente,
componentes/topic-page,topic-page,topics.commodities.gold.seoText.left[1].bullets[3].text,"<link>CGSE</link> (Chinese Gold and Silver Exchange Society) is an organization of Gold trading firms in Hong Kong that are participants of the Chinese Gold and Silver Exchange, the first exchange in Hong Kong.","La <link>CGSE</link> (Chinese Gold and Silver Exchange Society) es una organización de firmas de trading de oro en Hong Kong que participan en el Chinese Gold and Silver Exchange, el primer exchange de Hong Kong.",,Pendiente,
componentes/topic-page,topic-page,topics.commodities.gold.seoText.left[1].bullets[4],"Central banks like the Federal Reserve (Fed), the European Central Bank (ECB) or the People's Bank of China (PBoC) significantly influence Gold prices through their monetary policies.","Bancos centrales como la Reserva Federal (Fed), el Banco Central Europeo (BCE) o el Banco Popular de China (PBoC) influyen de forma significativa en los precios del oro a través de su política monetaria.",,Pendiente,
componentes/topic-page,topic-page,topics.commodities.gold.seoText.left[1].title,Organizations that influence XAU/USD,Organizaciones que influyen en el XAU/USD,,Pendiente,
componentes/topic-page,topic-page,topics.commodities.gold.seoText.left[2].bullets[0],"<strong>Neal Froneman</strong>, the World Gold Council's Chairman.","<strong>Neal Froneman</strong>, presidente del World Gold Council.",,Pendiente,
componentes/topic-page,topic-page,topics.commodities.gold.seoText.left[2].bullets[1],"Scott Bessent, the <strong>US Treasury Secretary</strong>.","Scott Bessent, <strong>secretario del Tesoro de EE. UU.</strong>",,Pendiente,
componentes/topic-page,topic-page,topics.commodities.gold.seoText.left[2].bullets[2],"<strong>Xi Jinping</strong>, President of the People's Republic of China.","<strong>Xi Jinping</strong>, presidente de la República Popular China.",,Pendiente,
componentes/topic-page,topic-page,topics.commodities.gold.seoText.left[2].bullets[3],The London Bullion Market Association members.,Los miembros de la London Bullion Market Association.,,Pendiente,
componentes/topic-page,topic-page,topics.commodities.gold.seoText.left[2].title,People that influence XAU/USD,Personas que influyen en el XAU/USD,,Pendiente,
componentes/topic-page,topic-page,topics.commodities.gold.seoText.left[3].bullets[0],<strong>Demand and supply:</strong> The balance between global Gold demand and its availability impacts its price.,<strong>Oferta y demanda:</strong> el equilibrio entre la demanda global de oro y su disponibilidad impacta en su precio.,,Pendiente,
componentes/topic-page,topic-page,topics.commodities.gold.seoText.left[3].bullets[1],<strong>Economic uncertainty and currency devaluation:</strong> Gold is widely known as a safe-haven asset for investors in periods of economic uncertainty or when a currency faces devaluation.,<strong>Incertidumbre económica y devaluación de divisas:</strong> el oro es ampliamente conocido como activo refugio para inversores en periodos de incertidumbre económica o cuando una divisa se enfrenta a una devaluación.,,Pendiente,
componentes/topic-page,topic-page,topics.commodities.gold.seoText.left[3].bullets[2],"<strong>Practical applications:</strong> The use of Gold in technology innovations, jewelry manufacturing and other industrial applications.","<strong>Aplicaciones prácticas:</strong> el uso del oro en innovaciones tecnológicas, fabricación de joyería y otras aplicaciones industriales.",,Pendiente,
componentes/topic-page,topic-page,topics.commodities.gold.seoText.left[3].paragraphs[0],The main variables traders should monitor to understand Gold's position are:,Las principales variables que los traders deberían vigilar para entender la posición del oro son:,,Pendiente,
componentes/topic-page,topic-page,topics.commodities.gold.seoText.left[3].title,Circumstances that influence XAU/USD,Circunstancias que influyen en el XAU/USD,,Pendiente,
componentes/topic-page,topic-page,topics.commodities.gold.seoText.left[4].bullets[0].linkPath,/currencies/eurusd,/currencies/eurusd,,Pendiente,
componentes/topic-page,topic-page,topics.commodities.gold.seoText.left[4].bullets[0].text,"<strong>Currencies:</strong> The US Dollar (USD) and the Euro (EUR) are the primary currencies influencing Gold prices. Other important currency pairs include <link>EUR/USD</link>, GBP/USD, USD/JPY, AUD/USD, USD/CHF, NZD/USD, and USD/CAD.","<strong>Divisas:</strong> el dólar estadounidense (USD) y el euro (EUR) son las principales divisas que influyen en los precios del oro. Otros pares importantes incluyen <link>EUR/USD</link>, GBP/USD, USD/JPY, AUD/USD, USD/CHF, NZD/USD y USD/CAD.",,Pendiente,
componentes/topic-page,topic-page,topics.commodities.gold.seoText.left[4].bullets[1],<strong>Commodities:</strong> Silver and Gold are the most important precious metal commodities.,<strong>Materias primas:</strong> la plata y el oro son las materias primas de metales preciosos más importantes.,,Pendiente,
componentes/topic-page,topic-page,topics.commodities.gold.seoText.left[4].bullets[2],<strong>Bonds:</strong> Influential fixed-income securities include the German Bund (a federal government-issued bond) and the US Treasury Note (T-Note).,<strong>Bonos:</strong> entre los títulos de renta fija influyentes figuran el Bund alemán (bono emitido por el gobierno federal) y el US Treasury Note (T-Note).,,Pendiente,
componentes/topic-page,topic-page,topics.commodities.gold.seoText.left[4].bullets[3],"<strong>Indices:</strong> Key indices related to Gold and mining include the HUI (NYSE Arca Gold BUGS), the XAU (Philadelphia Gold and Silver Index) and the GDM (NYSE Arca Gold Miners Index).","<strong>Índices:</strong> índices clave relacionados con el oro y la minería incluyen el HUI (NYSE Arca Gold BUGS), el XAU (Philadelphia Gold and Silver Index) y el GDM (NYSE Arca Gold Miners Index).",,Pendiente,
componentes/topic-page,topic-page,topics.commodities.gold.seoText.left[4].bullets[4],"<strong>Exchanges:</strong> The most important stock exchanges for Gold are the New York Mercantile Exchange (COMEX), the Chicago Board of Trade, the Euronext/LIFFE, the London Bullion Market, the Tokyo Commodity Exchange, the Bolsa der Mercadorias e Futuros and the Korea Futures Exchange.","<strong>Exchanges:</strong> los mercados bursátiles más importantes para el oro son el New York Mercantile Exchange (COMEX), el Chicago Board of Trade, el Euronext/LIFFE, el London Bullion Market, el Tokyo Commodity Exchange, la Bolsa der Mercadorias e Futuros y el Korea Futures Exchange.",,Pendiente,
componentes/topic-page,topic-page,topics.commodities.gold.seoText.left[4].title,Assets that influence XAU/USD,Activos que influyen en el XAU/USD,,Pendiente,
componentes/topic-page,topic-page,topics.commodities.oil.seo.description,"Follow Oil (WTI) news, technical and fundamental analysis, charts and forecasts from FXStreet experts.","Sigue las noticias, el análisis técnico y fundamental, los gráficos y las previsiones del petróleo (WTI) con los expertos de FXStreet.",,Pendiente,
componentes/topic-page,topic-page,topics.commodities.oil.seo.keywords,"oil, wti, energy, commodities, analysis, news","petróleo, wti, energía, materias primas, análisis, noticias",,Pendiente,
componentes/topic-page,topic-page,topics.commodities.oil.seo.pageTitle,Oil Forecast and News,Previsión y noticias del petróleo,,Pendiente,
componentes/topic-page,topic-page,topics.commodities.oil.seo.socialImageUrl,https://editorial.fxstreet.com/images/Markets/Commodities/Oil/oil-chart_XtraSmall.jpg,https://editorial.fxstreet.com/images/Markets/Commodities/Oil/oil-chart_XtraSmall.jpg,,Pendiente,
componentes/topic-page,topic-page,topics.commodities.oil.seo.title,"Oil Forecast, News and Analysis (WTI)","Pronóstico, noticias y análisis del petróleo (WTI)",,Pendiente,
componentes/topic-page,topic-page,topics.commodities.oil.seoText.left[0].paragraphs[0],"Crude oil, commonly known as petroleum, is a naturally occurring fossil fuel liquid composed of hydrocarbon underground deposits and organic materials. Its prices are typically measured in US Dollars (USD).","El crudo, conocido comúnmente como petróleo, es un combustible fósil líquido de origen natural compuesto por depósitos subterráneos de hidrocarburos y materia orgánica. Sus precios suelen medirse en dólares estadounidenses (USD).",,Pendiente,
componentes/topic-page,topic-page,topics.commodities.oil.seoText.left[0].paragraphs[1],"The top oil-producing countries include Saudi Arabia, Russia, the United States, Iran, and China, while the largest consumers are the United States, China, Japan, Russia, and Germany.","Los principales países productores de petróleo incluyen Arabia Saudí, Rusia, Estados Unidos, Irán y China, mientras que los mayores consumidores son Estados Unidos, China, Japón, Rusia y Alemania.",,Pendiente,
componentes/topic-page,topic-page,topics.commodities.oil.seoText.left[0].paragraphs[2],Crude oil is classified into various grades according to density (heavy versus light) and sulfur content (sour versus sweet). Lighter and sweeter crude commands higher prices because refiners can produce a greater yield of high-quality refined products from it.,El crudo se clasifica en distintos grados según la densidad (pesado frente a ligero) y el contenido de azufre (agrio frente a dulce). El crudo más ligero y dulce alcanza precios más altos porque las refinadoras pueden obtener de él un mayor rendimiento de productos refinados de alta calidad.,,Pendiente,
componentes/topic-page,topic-page,topics.commodities.oil.seoText.left[0].paragraphs[3],"<strong>Density</strong> is measured by API gravity, a scale developed to compare the density of petroleum to water. An API greater than 10 means the liquid floats on water. In general, crude Oils with API values between 40 and 45 degrees have the highest commercial value.","La <strong>densidad</strong> se mide con la gravedad API, una escala creada para comparar la densidad del petróleo con la del agua. Un API superior a 10 significa que el líquido flota en el agua. En general, los crudos con valores API entre 40 y 45 grados tienen el mayor valor comercial.",,Pendiente,
componentes/topic-page,topic-page,topics.commodities.oil.seoText.left[0].paragraphs[4],<strong>Sulfur content</strong> determines the quality of crude Oil. Crude with high sulfur content (sour crude) is less pure and sells cheaper compared to crude with low sulfur content (sweet crude).,El <strong>contenido de azufre</strong> determina la calidad del crudo. El crudo con alto contenido de azufre (crudo agrio) es menos puro y se vende más barato que el crudo con bajo contenido de azufre (crudo dulce).,,Pendiente,
componentes/topic-page,topic-page,topics.commodities.oil.seoText.left[0].title,About Oil,Sobre el petróleo,,Pendiente,
componentes/topic-page,topic-page,topics.commodities.oil.seoText.left[1].paragraphs[0],There are two main benchmarks for pricing crude Oil: West Texas Intermediate (WTI) from the United States (US) and Brent from the United Kingdom (UK).,Hay dos benchmarks principales para fijar el precio del crudo: West Texas Intermediate (WTI) de Estados Unidos (EE. UU.) y Brent del Reino Unido (UK).,,Pendiente,
componentes/topic-page,topic-page,topics.commodities.oil.seoText.left[1].title,Major benchmarks,Principales benchmarks,,Pendiente,
componentes/topic-page,topic-page,topics.commodities.oil.seoText.left[2].paragraphs[0],"WTI Oil is a type of Crude Oil sold on international markets. The WTI stands for West Texas Intermediate, one of three major types including Brent and Dubai Crude. WTI is also referred to as ""light"" and ""sweet"" because of its relatively low gravity and sulfur content respectively. It is considered a high-quality Oil that is easily refined. It is sourced in the United States and distributed via the Cushing hub, which is considered ""The Pipeline Crossroads of the World"".","El petróleo WTI es un tipo de crudo que se negocia en los mercados internacionales. WTI significa West Texas Intermediate, uno de los tres tipos principales junto con Brent y Dubai Crude. También se denomina ""ligero"" y ""dulce"" por su gravedad relativamente baja y su contenido de azufre, respectivamente. Se considera un petróleo de alta calidad y fácil de refinar. Se obtiene en Estados Unidos y se distribuye a través del hub de Cushing, conocido como ""The Pipeline Crossroads of the World"".",,Pendiente,
componentes/topic-page,topic-page,topics.commodities.oil.seoText.left[2].paragraphs[1],Most WTI crude Oil is refined in the Midwest and the Gulf Coast regions of the US.,La mayor parte del crudo WTI se refina en el Midwest y en las regiones de la Costa del Golfo de EE. UU.,,Pendiente,
componentes/topic-page,topic-page,topics.commodities.oil.seoText.left[2].paragraphs[2],"Supply and demand are the key drivers of WTI Oil price. As such, global growth can be a driver of increased demand and vice versa for weak global growth. Political instability, wars, and sanctions can disrupt supply and impact prices. The decisions of OPEC, a group of major Oil-producing countries, are another key driver of price. The value of the US Dollar influences the price of WTI Crude Oil since Oil is predominantly traded in US Dollars, thus a weaker US Dollar can make Oil more affordable and vice versa.","La oferta y la demanda son los principales impulsores del precio del WTI. Así, el crecimiento global puede impulsar la demanda, y lo contrario ocurre con un crecimiento débil. La inestabilidad política, las guerras y las sanciones pueden alterar la oferta e influir en los precios. Las decisiones de la OPEP, un grupo de grandes países productores, son otro factor clave. El valor del dólar estadounidense influye en el precio del WTI, ya que el petróleo se negocia principalmente en dólares: un dólar más débil puede abaratar el petróleo, y viceversa.",,Pendiente,
componentes/topic-page,topic-page,topics.commodities.oil.seoText.left[2].paragraphs[3],WTI serves as a benchmark in Oil pricing and is the underlying commodity of NYMEX Oil futures contracts.,El WTI sirve como benchmark en la fijación de precios del petróleo y es el activo subyacente de los contratos de futuros de petróleo del NYMEX.,,Pendiente,
componentes/topic-page,topic-page,topics.commodities.oil.seoText.left[2].title,WTI Crude,Crudo WTI,,Pendiente,
componentes/topic-page,topic-page,topics.commodities.oil.seoText.left[3].paragraphs[0],"Brent Crude Oil is a type of Crude Oil found in the North Sea that is used as a benchmark for international Oil prices. It is considered ""light"" and ""sweet"" because of its high gravity and low sulfur content, making it easier to refine into gasoline and other high-value products. Brent Crude Oil serves as a reference price for approximately two-thirds of the world's internationally traded Oil supplies. Its popularity rests on its availability and stability: the North Sea region has well-established infrastructure for Oil production and transportation, ensuring a reliable and consistent supply.","El crudo Brent es un tipo de crudo del Mar del Norte que se usa como benchmark de los precios internacionales del petróleo. Se considera ""ligero"" y ""dulce"" por su alta gravedad y su bajo contenido de azufre, lo que facilita su refinado en gasolina y otros productos de alto valor. El Brent sirve de precio de referencia para aproximadamente dos tercios del petróleo negociado internacionalmente. Su popularidad se basa en su disponibilidad y estabilidad: la región del Mar del Norte cuenta con una infraestructura consolidada de producción y transporte, lo que garantiza un suministro fiable y constante.",,Pendiente,
componentes/topic-page,topic-page,topics.commodities.oil.seoText.left[3].paragraphs[1],"Brent crude is a blend from 15 different oil fields in the North Sea. It has an API gravity of 38.3 degrees and a sulfur content of around 0.37%, making it heavier and less sweet than WTI crude. Brent is suitable for the refinery of gasoline and middle distillates.","El Brent es una mezcla de 15 yacimientos distintos del Mar del Norte. Tiene una gravedad API de 38,3 grados y un contenido de azufre de alrededor del 0,37%, lo que lo hace más pesado y menos dulce que el WTI. Es adecuado para refinar gasolina y destilados medios.",,Pendiente,
componentes/topic-page,topic-page,topics.commodities.oil.seoText.left[3].paragraphs[2],"Originally traded on the International Petroleum Exchange in London, Brent crude futures have been listed on the Intercontinental Exchange (ICE) since 2005.",Originalmente se negociaba en el International Petroleum Exchange de Londres; los futuros de Brent cotizan en el Intercontinental Exchange (ICE) desde 2005.,,Pendiente,
componentes/topic-page,topic-page,topics.commodities.oil.seoText.left[3].title,Brent,Brent,,Pendiente,
componentes/topic-page,topic-page,topics.commodities.oil.seoText.left[4].paragraphs[0],<strong>The special relationship between Oil and the Loonie</strong>,<strong>La relación especial entre el petróleo y el Loonie</strong>,,Pendiente,
componentes/topic-page,topic-page,topics.commodities.oil.seoText.left[4].paragraphs[1].linkPath,/currencies/usdcad,/currencies/usdcad,,Pendiente,
componentes/topic-page,topic-page,topics.commodities.oil.seoText.left[4].paragraphs[1].text,"Canada is among the world's largest Oil producers and it exports crude primarily to the US. This trade relationship directly impacts the Canadian Dollar (CAD), popularly known as the Loonie. Since Canadian dollars are needed to purchase and move Oil across the border, the fluctuation in Oil prices has a direct impact on the <link>USD/CAD</link> pair.","Canadá figura entre los mayores productores de petróleo del mundo y exporta crudo principalmente a EE. UU. Esta relación comercial impacta directamente en el dólar canadiense (CAD), conocido popularmente como el Loonie. Como se necesitan dólares canadienses para comprar y mover el petróleo a través de la frontera, la fluctuación de los precios del petróleo tiene un impacto directo en el par <link>USD/CAD</link>.",,Pendiente,
componentes/topic-page,topic-page,topics.commodities.oil.seoText.left[4].paragraphs[2],"When Oil prices decline, the demand for the Loonie often weakens, causing USD/CAD to rise. Conversely, higher Oil prices frequently lead to CAD strength and a drop in the pair.","Cuando bajan los precios del petróleo, la demanda del Loonie suele debilitarse y el USD/CAD sube. Por el contrario, unos precios del petróleo más altos suelen fortalecer el CAD y hacer caer el par.",,Pendiente,
componentes/topic-page,topic-page,topics.commodities.oil.seoText.left[4].paragraphs[3],"Oil prices are a significant factor influencing the Loonie's price action, alongside risk sentiment and economic fundamentals. If you are trading USD/CAD, monitoring Oil charts can provide crucial insights.","Los precios del petróleo son un factor relevante en la acción del precio del Loonie, junto con el sentimiento de riesgo y los fundamentales económicos. Si operas USD/CAD, vigilar los gráficos del petróleo puede aportar información clave.",,Pendiente,
componentes/topic-page,topic-page,topics.commodities.oil.seoText.left[4].title,Oil and USD/CAD Correlation,Correlación entre el petróleo y el USD/CAD,,Pendiente,
componentes/topic-page,topic-page,topics.cryptocurrencies.bitcoin.seo.description,"Follow Bitcoin (BTC/USD) news, analysis, charts and forecasts from FXStreet experts.","Sigue las noticias, el análisis, los gráficos y las previsiones de Bitcoin (BTC/USD) con los expertos de FXStreet.",,Pendiente,
componentes/topic-page,topic-page,topics.cryptocurrencies.bitcoin.seo.keywords,"bitcoin, btc, cryptocurrency, crypto, analysis, news","bitcoin, btc, criptomoneda, crypto, análisis, noticias",,Pendiente,
componentes/topic-page,topic-page,topics.cryptocurrencies.bitcoin.seo.pageTitle,Bitcoin Forecast and News,Previsión y noticias de Bitcoin,,Pendiente,
componentes/topic-page,topic-page,topics.cryptocurrencies.bitcoin.seo.socialImageUrl,https://editorial.fxstreet.com/images/Cryptos/Bitcoin/bitcoin-chart_XtraSmall.jpg,https://editorial.fxstreet.com/images/Cryptos/Bitcoin/bitcoin-chart_XtraSmall.jpg,,Pendiente,
componentes/topic-page,topic-page,topics.cryptocurrencies.bitcoin.seo.title,"Bitcoin Forecast, News and Analysis (BTC/USD)","Pronóstico, noticias y análisis de Bitcoin (BTC/USD)",,Pendiente,
componentes/topic-page,topic-page,topics.cryptocurrencies.bitcoin.seoText.left[0].paragraphs[0].linkPath,/rates-charts/btcusd,/rates-charts/btcusd,,Pendiente,
componentes/topic-page,topic-page,topics.cryptocurrencies.bitcoin.seoText.left[0].paragraphs[0].text,"<link>Bitcoin (BTC)</link> is a <strong>decentralized</strong> peer-to-peer <strong>digital currency originally designed to facilitate digital payments across the globe</strong>. Launched by anonymous figure Satoshi Nakamoto in 2009, Bitcoin's success largely depended on how it facilitated recorded ownership and facilitated the transfer of assets through a distributed ledger known as blockchain technology.","<link>Bitcoin (BTC)</link> es una <strong>moneda digital descentralizada</strong> peer-to-peer <strong>diseñada originalmente para facilitar pagos digitales en todo el mundo</strong>. Lanzada por la figura anónima Satoshi Nakamoto en 2009, el éxito de Bitcoin dependió en gran medida de cómo facilitó el registro de la propiedad y la transferencia de activos a través de un libro mayor distribuido conocido como tecnología blockchain.",,Pendiente,
componentes/topic-page,topic-page,topics.cryptocurrencies.bitcoin.seoText.left[0].paragraphs[1],"Bitcoin boasts several features through blockchain technology, including <strong>decentralization, transparency, privacy and security</strong>. These features boosted Bitcoin's popularity globally, attracting a wide range of users, including traders, investors, asset managers, government agencies, and more.","Bitcoin ofrece varias características gracias a la tecnología blockchain, entre ellas la <strong>descentralización, la transparencia, la privacidad y la seguridad</strong>. Estas características impulsaron su popularidad a escala global y atrajeron a un amplio abanico de usuarios: traders, inversores, gestores de activos, agencias gubernamentales y más.",,Pendiente,
componentes/topic-page,topic-page,topics.cryptocurrencies.bitcoin.seoText.left[0].paragraphs[2],"<strong>Bitcoin's success</strong> as the first established cryptocurrency <strong>has led to the launch of millions of digital currencies</strong> with use cases that span payments, yield generation, supply chain, gaming, governance, betting, meme trading, etc.","El <strong>éxito de Bitcoin</strong> como primera criptomoneda consolidada <strong>ha llevado al lanzamiento de millones de monedas digitales</strong> con casos de uso que abarcan pagos, generación de rendimiento, cadena de suministro, gaming, gobernanza, apuestas, trading de memes, etc.",,Pendiente,
componentes/topic-page,topic-page,topics.cryptocurrencies.bitcoin.seoText.left[0].title,WHAT IS BITCOIN?,¿Qué es Bitcoin?,,Pendiente,
componentes/topic-page,topic-page,topics.cryptocurrencies.bitcoin.seoText.left[1].paragraphs[0],"<strong>Bitcoin has the largest market capitalization and nominal price among cryptocurrencies.</strong> Due to its increased adoption over time, it ranks alongside Gold, Apple, Nvidia, Microsoft and Google among the top ten global assets by market capitalization.","<strong>Bitcoin tiene la mayor capitalización de mercado y el precio nominal más alto entre las criptomonedas.</strong> Gracias a su creciente adopción, se sitúa junto al oro, Apple, Nvidia, Microsoft y Google entre los diez mayores activos globales por capitalización de mercado.",,Pendiente,
componentes/topic-page,topic-page,topics.cryptocurrencies.bitcoin.seoText.left[1].paragraphs[1].links.ethereum,/cryptocurrencies/ethereum,/cryptocurrencies/ethereum,,Pendiente,
componentes/topic-page,topic-page,topics.cryptocurrencies.bitcoin.seoText.left[1].paragraphs[1].links.ripple,/cryptocurrencies/ripple,/cryptocurrencies/ripple,,Pendiente,
componentes/topic-page,topic-page,topics.cryptocurrencies.bitcoin.seoText.left[1].paragraphs[1].text,"This is owing to its uniqueness and first-mover advantage, causing investors to classify every other cryptocurrency as alternative coins (altcoins) – <ethereum>Ethereum</ethereum>, <ripple>Ripple</ripple>, Solana, Dogecoin, Cardano, etc.","Esto se debe a su singularidad y a la ventaja de ser el primero en llegar, lo que lleva a los inversores a clasificar el resto de criptomonedas como monedas alternativas (altcoins): <ethereum>Ethereum</ethereum>, <ripple>Ripple</ripple>, Solana, Dogecoin, Cardano, etc.",,Pendiente,
componentes/topic-page,topic-page,topics.cryptocurrencies.bitcoin.seoText.left[1].title,The first and most popular cryptocurrency,La primera y más popular criptomoneda,,Pendiente,
componentes/topic-page,topic-page,topics.cryptocurrencies.bitcoin.seoText.left[2].paragraphs[0],"While Satoshi Nakamoto originally invented Bitcoin to serve as a payment system, <strong>public sentiments and unclear regulations</strong> surrounding cryptocurrencies in several countries <strong>have made it highly volatile</strong>.","Aunque Satoshi Nakamoto inventó Bitcoin originalmente como sistema de pagos, el <strong>sentimiento público y la regulación poco clara</strong> en varios países <strong>lo han convertido en un activo muy volátil</strong>.",,Pendiente,
componentes/topic-page,topic-page,topics.cryptocurrencies.bitcoin.seoText.left[2].paragraphs[1],"For example, Bitcoin jumped from just under $1 to $29.60 in 2011. However, its price quickly crashed, ending the year near the $5 mark. Between 2012 and 2013, Bitcoin picked up pace again, rising by over 3,000% to $1,121 before slumping nearly 84% to $172 in January 2015.","Por ejemplo, Bitcoin pasó de poco menos de 1 $ a 29,60 $ en 2011. Sin embargo, su precio se desplomó rápidamente y cerró el año cerca de los 5 $. Entre 2012 y 2013 volvió a acelerarse, subiendo más de un 3.000% hasta 1.121 $ antes de caer casi un 84% hasta 172 $ en enero de 2015.",,Pendiente,
componentes/topic-page,topic-page,topics.cryptocurrencies.bitcoin.seoText.left[2].paragraphs[2],"From 2015 to 2017, Bitcoin surged to $19,600 but eventually lost 83% of its value in the following year. While prices were range-bound in 2019, Bitcoin began a rally post-pandemic, increasing by 1,600% to a high of $68,900 in November 2021. Similarly to previous years, Bitcoin crashed to $16,000 in November 2022, picking up pace again in 2023 and eventually skyrocketing to $108,353 in November 2024 following the election of United States President Donald Trump. <strong>The top crypto eventually went on to establish an all-time high above $110,000 in 2025.</strong>","De 2015 a 2017, Bitcoin se disparó hasta 19.600 $, pero acabó perdiendo el 83% de su valor al año siguiente. Mientras los precios se movieron en rango en 2019, Bitcoin inició un rally tras la pandemia, subiendo un 1.600% hasta un máximo de 68.900 $ en noviembre de 2021. Como en años anteriores, cayó hasta 16.000 $ en noviembre de 2022, retomó impulso en 2023 y acabó disparándose hasta 108.353 $ en noviembre de 2024 tras la elección del presidente de Estados Unidos Donald Trump. <strong>La principal cripto llegó a marcar un máximo histórico por encima de 110.000 $ en 2025.</strong>",,Pendiente,
componentes/topic-page,topic-page,topics.cryptocurrencies.bitcoin.seoText.left[2].paragraphs[3],"<strong>Bitcoin's charge above the $100,000 milestone was largely fueled by the launch of spot Bitcoin exchange-traded funds (ETFs)</strong>, exposing it to a wide range of top institutional asset managers, including BlackRock and Fidelity.","El <strong>salto de Bitcoin por encima de los 100.000 $ se impulsó en gran medida por el lanzamiento de los fondos cotizados (ETF) al contado de Bitcoin</strong>, que lo abrieron a gestores institucionales de primer nivel como BlackRock y Fidelity.",,Pendiente,
componentes/topic-page,topic-page,topics.cryptocurrencies.bitcoin.seoText.left[2].paragraphs[4],"This volatile history has made <strong>Bitcoin attractive among traders who speculate on its price using various fundamental and technical analysis indicators</strong>. Additionally, Bitcoin's deflationary features, including a <strong>halving mechanism and supply cap of 21 million BTC, have attracted investors who use it as a store of value and hedge against inflation</strong>. Hence, Bitcoin is considered ''digital Gold'' among its core enthusiasts.","Esta historia volátil ha hecho que <strong>Bitcoin resulte atractivo para traders que especulan con su precio usando indicadores de análisis fundamental y técnico</strong>. Además, sus rasgos deflacionarios, incluido un <strong>mecanismo de halving y un suministro máximo de 21 millones de BTC, han atraído a inversores que lo usan como reserva de valor y cobertura frente a la inflación</strong>. Por ello, sus seguidores más fieles lo consideran el «oro digital».",,Pendiente,
componentes/topic-page,topic-page,topics.cryptocurrencies.bitcoin.seoText.left[2].title,Bitcoin's high volatility,La alta volatilidad de Bitcoin,,Pendiente,
componentes/topic-page,topic-page,topics.cryptocurrencies.bitcoin.seoText.left[3].paragraphs[0],"<strong>Mining is the process through which transactions are validated and new Bitcoin tokens are created</strong> on the Bitcoin network. The process, also known as the Proof-of-Work consensus mechanism, involves entities known as miners competing to solve cryptographic problems through the use of computing devices.","La <strong>minería es el proceso mediante el cual se validan transacciones y se crean nuevos tokens de Bitcoin</strong> en la red. Este proceso, también conocido como mecanismo de consenso Proof-of-Work, implica que entidades llamadas mineros compiten por resolver problemas criptográficos con dispositivos de cómputo.",,Pendiente,
componentes/topic-page,topic-page,topics.cryptocurrencies.bitcoin.seoText.left[3].paragraphs[1],"The first miner to solve the problem earns the right to validate and add new transactions to the Bitcoin blockchain. In turn, the miner receives rewards in newly minted Bitcoin tokens for completing this task.","El primer minero en resolver el problema obtiene el derecho a validar y añadir nuevas transacciones a la blockchain de Bitcoin. A cambio, recibe recompensas en Bitcoin recién acuñados.",,Pendiente,
componentes/topic-page,topic-page,topics.cryptocurrencies.bitcoin.seoText.left[3].paragraphs[2],"In the early days of Bitcoin, anyone could use a personal computer to engage in mining. However, as Bitcoin's popularity grew, mining became highly attractive to most users, increasing competition and thus the difficulty of the cryptographic problems miners must solve.","En los primeros días de Bitcoin, cualquiera podía minar con un ordenador personal. Con el auge de su popularidad, la minería se volvió muy atractiva, aumentó la competencia y, con ella, la dificultad de los problemas criptográficos.",,Pendiente,
componentes/topic-page,topic-page,topics.cryptocurrencies.bitcoin.seoText.left[3].paragraphs[3],"To gain an advantage, most miners began using high-performance computing devices, such as application-specific integrated circuits (ASICs), designed specifically for Bitcoin mining. Additionally, most miners pooled their resources together through mining pools.","Para ganar ventaja, la mayoría de mineros empezó a usar dispositivos de alto rendimiento, como circuitos integrados de aplicación específica (ASIC), diseñados para minar Bitcoin. Además, muchos agruparon recursos en mining pools.",,Pendiente,
componentes/topic-page,topic-page,topics.cryptocurrencies.bitcoin.seoText.left[3].title,Bitcoin mining,Minería de Bitcoin,,Pendiente,
componentes/topic-page,topic-page,topics.cryptocurrencies.bitcoin.seoText.left[4].paragraphs[0],"<strong>Bitcoin futures are contracts that enable traders to speculate on the price of Bitcoin without owning the underlying asset.</strong> Similar to other futures products, these contracts obligate investors to buy or sell Bitcoin for a predetermined price at a specific date.","Los <strong>futuros de Bitcoin son contratos que permiten especular con el precio de Bitcoin sin poseer el activo subyacente.</strong> Como otros productos de futuros, obligan a comprar o vender Bitcoin a un precio prefijado en una fecha concreta.",,Pendiente,
componentes/topic-page,topic-page,topics.cryptocurrencies.bitcoin.seoText.left[4].paragraphs[1],"With Bitcoin futures, <strong>investors can</strong> hedge their risks, <strong>make directional bets on price appreciation or decline, and access leverage to amplify their positions</strong>. Due to the difference in market liquidity and volume, the price of Bitcoin futures often trades at a premium or discount to its spot counterpart. As a result, exchanges leverage funding rates/fees to maintain parity in both markets.","Con los futuros de Bitcoin, los <strong>inversores pueden</strong> cubrir riesgos, <strong>apostar a la apreciación o caída del precio y usar apalancamiento para amplificar posiciones</strong>. Por diferencias de liquidez y volumen, el precio de los futuros suele cotizar con prima o descuento respecto al spot. Por ello, los exchanges usan funding rates/fees para mantener la paridad entre ambos mercados.",,Pendiente,
componentes/topic-page,topic-page,topics.cryptocurrencies.bitcoin.seoText.left[4].paragraphs[2],"When traders hold onto their positions for a long time, the aggregated funding fees incurred could affect the profitability of their investments.","Cuando los traders mantienen posiciones durante mucho tiempo, las fees de funding acumuladas pueden afectar a la rentabilidad de la inversión.",,Pendiente,
componentes/topic-page,topic-page,topics.cryptocurrencies.bitcoin.seoText.left[4].paragraphs[3],"Traders can access Bitcoin futures across top crypto exchanges, including the Chicago Mercantile Exchange (CME), which is the largest Bitcoin futures market.","Se puede operar con futuros de Bitcoin en los principales exchanges crypto, incluido el Chicago Mercantile Exchange (CME), el mayor mercado de futuros de Bitcoin.",,Pendiente,
componentes/topic-page,topic-page,topics.cryptocurrencies.bitcoin.seoText.left[4].title,Bitcoin Futures,Futuros de Bitcoin,,Pendiente,
componentes/topic-page,topic-page,topics.cryptocurrencies.bitcoin.seoText.left[5].bullets[0],"<strong>Hardware wallets:</strong> These are physical devices like flash drives that enable users to manage their Bitcoin private keys offline. Unlike software wallets, hardware wallets do not have internet connectivity unless connected to a computer, making them less vulnerable to attacks.","<strong>Hardware wallets:</strong> Dispositivos físicos similares a un pendrive que permiten gestionar las claves privadas de Bitcoin sin conexión. A diferencia de las wallets de software, no tienen conectividad a internet salvo que se conecten a un ordenador, lo que las hace menos vulnerables a ataques.",,Pendiente,
componentes/topic-page,topic-page,topics.cryptocurrencies.bitcoin.seoText.left[5].bullets[1],<strong>Paper wallets:</strong> Paper wallets are pieces of paper with a user's private and public keys printed on them. Users who subscribe to such wallets may keep the pieces of paper in secure locations such as a bank vault.,"<strong>Paper wallets:</strong> Trozos de papel con las claves privada y pública impresas. Quienes las usan pueden guardarlas en lugares seguros, como una caja fuerte bancaria.",,Pendiente,
componentes/topic-page,topic-page,topics.cryptocurrencies.bitcoin.seoText.left[5].bullets[2],"<strong>Exchange Wallets:</strong> These wallets are automatically created on behalf of users who use cryptocurrency exchanges. Users don't have to worry about managing their private keys as crypto exchanges manage the entire process. However, exchange wallets are often criticized due to their centralized nature and risk of susceptibility to hacks.","<strong>Exchange wallets:</strong> Se crean automáticamente para quienes usan exchanges de criptomonedas. El usuario no gestiona las claves privadas porque lo hace el exchange. Sin embargo, suelen criticarse por su naturaleza centralizada y el riesgo de hacks.",,Pendiente,
componentes/topic-page,topic-page,topics.cryptocurrencies.bitcoin.seoText.left[5].bullets[3],"<strong>Software wallets:</strong> These are software programs that manage your private/public keys or seed phrases. Because they're often connected to the internet, software wallets may be at risk to bad actors.","<strong>Software wallets:</strong> Programas que gestionan tus claves privadas/públicas o seed phrases. Al estar a menudo conectadas a internet, pueden estar expuestas a actores maliciosos.",,Pendiente,
componentes/topic-page,topic-page,topics.cryptocurrencies.bitcoin.seoText.left[5].paragraphs[0].linkPath,/cryptocurrencies/resources/how-to-choose-a-cryptocurrency-wallet,/cryptocurrencies/resources/how-to-choose-a-cryptocurrency-wallet,,Pendiente,
componentes/topic-page,topic-page,topics.cryptocurrencies.bitcoin.seoText.left[5].paragraphs[0].text,"<link><strong>Bitcoin wallets</strong></link><strong> are devices or software programs for managing the private and public keys</strong> that enable you <strong>to send, receive and save Bitcoin</strong>. It's important to <strong>keep your private keys or seed phrases well protected</strong>, as they are the only means of accessing your Bitcoin holdings.","Las <link><strong>wallets de Bitcoin</strong></link><strong> son dispositivos o programas para gestionar las claves privadas y públicas</strong> que permiten <strong>enviar, recibir y guardar Bitcoin</strong>. Es importante <strong>proteger bien las claves privadas o las seed phrases</strong>, ya que son el único medio de acceder a tus tenencias de Bitcoin.",,Pendiente,
componentes/topic-page,topic-page,topics.cryptocurrencies.bitcoin.seoText.left[5].paragraphs[1],"Unlike traditional banking, which enables PIN or password recovery, <strong>users who lose their private keys or seed phrases permanently lose access to their Bitcoin holdings</strong>.","A diferencia de la banca tradicional, que permite recuperar el PIN o la contraseña, <strong>quien pierde las claves privadas o las seed phrases pierde de forma permanente el acceso a sus Bitcoin</strong>.",,Pendiente,
componentes/topic-page,topic-page,topics.cryptocurrencies.bitcoin.seoText.left[5].paragraphs[2],Bitcoin wallets are mainly classified into four based on your needs:,Las wallets de Bitcoin se clasifican principalmente en cuatro tipos según tus necesidades:,,Pendiente,
componentes/topic-page,topic-page,topics.cryptocurrencies.bitcoin.seoText.left[5].title,Bitcoin Wallets,Wallets de Bitcoin,,Pendiente,
componentes/topic-page,topic-page,topics.cryptocurrencies.bitcoin.seoText.left[6].paragraphs[0],"<strong>Bitcoin ETFs are investment vehicles that allow individuals to invest in Bitcoin without directly owning it.</strong> They trade on traditional stock exchanges, making it easier for traditional investors to gain exposure to Bitcoin's price movements.","Los <strong>ETF de Bitcoin son vehículos de inversión que permiten invertir en Bitcoin sin poseerlo directamente.</strong> Cotizan en bolsas tradicionales, lo que facilita a los inversores convencionales exponerse a los movimientos de precio de Bitcoin.",,Pendiente,
componentes/topic-page,topic-page,topics.cryptocurrencies.bitcoin.seoText.left[6].paragraphs[1],"The ProShares Bitcoin Strategy ETF (BITO), which received the green light from the Securities and Exchange Commission (SEC) in October 2021, was the first regulated Bitcoin product to debut on Wall Street, allowing investors to gain exposure to Bitcoin through regulated futures contracts.","El ProShares Bitcoin Strategy ETF (BITO), autorizado por la Securities and Exchange Commission (SEC) en octubre de 2021, fue el primer producto regulado de Bitcoin en Wall Street y permitió exposición a Bitcoin mediante contratos de futuros regulados.",,Pendiente,
componentes/topic-page,topic-page,topics.cryptocurrencies.bitcoin.seoText.left[6].paragraphs[2],Bitcoin Futures ETF tracks the value of Bitcoin futures contracts. A Bitcoin futures contract is an agreement to purchase or sell Bitcoin at a specified price on a future date.,Un ETF de futuros de Bitcoin sigue el valor de los contratos de futuros de Bitcoin. Un contrato de futuros es un acuerdo para comprar o vender Bitcoin a un precio concreto en una fecha futura.,,Pendiente,
componentes/topic-page,topic-page,topics.cryptocurrencies.bitcoin.seoText.left[6].paragraphs[3],The approval of Bitcoin futures ETFs was significant as it marked the first time investors could access Bitcoin in traditional brokerage accounts. It also fueled hopes for the potential of a spot Bitcoin ETF.,La aprobación de los ETF de futuros de Bitcoin fue relevante porque fue la primera vez que los inversores podían acceder a Bitcoin desde cuentas de corretaje tradicionales. También alimentó las esperanzas de un ETF al contado de Bitcoin.,,Pendiente,
componentes/topic-page,topic-page,topics.cryptocurrencies.bitcoin.seoText.left[6].paragraphs[4],"After years of rejection and legal challenges with the SEC, the regulator approved 11 spot Bitcoin ETFs on January 10, 2024. <strong>Spot Bitcoin ETFs are investment products that give customers exposure to Bitcoin's spot price without directly owning the underlying asset.</strong> Unlike Bitcoin futures ETFs, issuers offering these instruments hold Bitcoin in secure storages.","Tras años de rechazos y batallas legales con la SEC, el regulador aprobó 11 ETF al contado de Bitcoin el 10 de enero de 2024. <strong>Los ETF al contado de Bitcoin dan exposición al precio spot de Bitcoin sin poseer el activo subyacente.</strong> A diferencia de los ETF de futuros, los emisores de estos instrumentos custodian Bitcoin en almacenes seguros.",,Pendiente,
componentes/topic-page,topic-page,topics.cryptocurrencies.bitcoin.seoText.left[6].paragraphs[5],"On the first day of their trading, spot Bitcoin ETFs pulled in $655 million, marking their significance in the investment market. The products have gone on to accumulate over $48 billion in net inflows since their time of launch. By November 2024, the spot Bitcoin ETFs outperformed gold and other US ETFs after recording a 65% return since launching in January of the same year.","En su primer día de cotización, los ETF al contado de Bitcoin captaron 655 millones de dólares. Desde su lanzamiento han acumulado más de 48.000 millones de dólares en entradas netas. En noviembre de 2024 superaron al oro y a otros ETF estadounidenses tras registrar una rentabilidad del 65% desde enero de ese mismo año.",,Pendiente,
componentes/topic-page,topic-page,topics.cryptocurrencies.bitcoin.seoText.left[6].title,Bitcoin ETFs,ETF de Bitcoin,,Pendiente,
componentes/topic-page,topic-page,topics.cryptocurrencies.cardano.seo.description,"Follow Cardano (ADA/USD) news, analysis, charts and forecasts from FXStreet experts.","Sigue las noticias, el análisis, los gráficos y las previsiones de Cardano (ADA/USD) con los expertos de FXStreet.",,Pendiente,
componentes/topic-page,topic-page,topics.cryptocurrencies.cardano.seo.keywords,"cardano, ada, cryptocurrency, crypto, analysis, news","cardano, ada, criptomoneda, crypto, análisis, noticias",,Pendiente,
componentes/topic-page,topic-page,topics.cryptocurrencies.cardano.seo.pageTitle,Cardano Forecast and News,Previsión y noticias de Cardano,,Pendiente,
componentes/topic-page,topic-page,topics.cryptocurrencies.cardano.seo.socialImageUrl,https://editorial.fxstreet.com/images/Cryptos/Cardano/cardano-chart_XtraSmall.jpg,https://editorial.fxstreet.com/images/Cryptos/Cardano/cardano-chart_XtraSmall.jpg,,Pendiente,
componentes/topic-page,topic-page,topics.cryptocurrencies.cardano.seo.title,"Cardano Forecast, News and Analysis (ADA/USD)","Pronóstico, noticias y análisis de Cardano (ADA/USD)",,Pendiente,
componentes/topic-page,topic-page,topics.cryptocurrencies.cardano.seoText.left[0].paragraphs[0].linkPath,/cryptocurrencies/ethereum,/cryptocurrencies/ethereum,,Pendiente,
componentes/topic-page,topic-page,topics.cryptocurrencies.cardano.seoText.left[0].paragraphs[0].text,"<strong>Cardano is a decentralized blockchain platform aimed at creating a secure and scalable infrastructure for decentralized applications</strong> (dapps). Founded by Charles Hoskinson in 2017, <strong>Cardano was created to be an alternative to <link>Ethereum</link></strong> by offering users increased throughput and low transaction fees.","<strong>Cardano es una plataforma blockchain descentralizada orientada a crear una infraestructura segura y escalable para aplicaciones descentralizadas</strong> (dapps). Fundada por Charles Hoskinson en 2017, <strong>Cardano nació como alternativa a <link>Ethereum</link></strong> ofreciendo mayor capacidad de procesamiento y comisiones bajas.",,Pendiente,
componentes/topic-page,topic-page,topics.cryptocurrencies.cardano.seoText.left[0].paragraphs[1],"Its native cryptocurrency, ADA – named after mathematician Ada Lovelace – is used as payment for transaction fees, staking and governance within the Cardano ecosystem. ADA ranks as the tenth-largest cryptocurrency with a market capitalization of $21.1 billion as of July 8, 2025.","Su criptomoneda nativa, ADA —llamada así por la matemática Ada Lovelace—, se usa para pagar fees de transacción, staking y gobernanza en el ecosistema Cardano. ADA figura como la décima criptomoneda por capitalización de mercado, con 21.100 millones de dólares a 8 de julio de 2025.",,Pendiente,
componentes/topic-page,topic-page,topics.cryptocurrencies.cardano.seoText.left[0].title,WHAT IS CARDANO?,¿Qué es Cardano?,,Pendiente,
componentes/topic-page,topic-page,topics.cryptocurrencies.cardano.seoText.left[1].paragraphs[0],"<strong>Cardano runs on a proof-of-stake consensus mechanism</strong> called Ouroboros, which enhances energy efficiency compared to traditional proof-of-work blockchains.","<strong>Cardano funciona con un mecanismo de consenso proof-of-stake</strong> llamado Ouroboros, más eficiente energéticamente que las blockchains proof-of-work tradicionales.",,Pendiente,
componentes/topic-page,topic-page,topics.cryptocurrencies.cardano.seoText.left[1].paragraphs[1],"Since its creation, Cardano has undergone several hard forks including Shelley, Allegra, Mary, Alonzo, Vasil, Valentine and Chang 1. The Shelley upgrade in 2020 was the first hard fork, marking a pivotal transition that made Cardano a decentralized network. It also introduced staking allowing ADA holders to earn rewards by participating in the network's consensus process.","Desde su creación, Cardano ha pasado por varios hard forks, entre ellos Shelley, Allegra, Mary, Alonzo, Vasil, Valentine y Chang 1. La actualización Shelley de 2020 fue el primero y marcó la transición que convirtió a Cardano en una red descentralizada. También introdujo el staking, que permite a los holders de ADA obtener recompensas al participar en el consenso de la red.",,Pendiente,
componentes/topic-page,topic-page,topics.cryptocurrencies.cardano.seoText.left[1].paragraphs[2],ADA holders can delegate their coins to staking pools to increase their chances of earning rewards for participating in the network's consensus and governance process.,Los holders de ADA pueden delegar sus monedas a staking pools para aumentar las posibilidades de ganar recompensas por participar en el consenso y la gobernanza de la red.,,Pendiente,
componentes/topic-page,topic-page,topics.cryptocurrencies.cardano.seoText.left[1].paragraphs[3],"In August 2021, Charles Hoskinson announced <strong>the Alonzo hard fork, which introduced smart contract capabilities to Cardano, with over 100 smart contracts deployed within the first 24 hours.</strong>","En agosto de 2021, Charles Hoskinson anunció <strong>el hard fork Alonzo, que introdujo capacidades de smart contracts en Cardano, con más de 100 smart contracts desplegados en las primeras 24 horas.</strong>",,Pendiente,
componentes/topic-page,topic-page,topics.cryptocurrencies.cardano.seoText.left[1].paragraphs[4],"Some of Cardano's real-world demonstrated use cases involve tracking agricultural production, securely storing educational credentials and helping retailers combat counterfeit products.","Algunos casos de uso reales de Cardano incluyen el seguimiento de la producción agrícola, el almacenamiento seguro de credenciales educativas y la lucha contra productos falsificados en el retail.",,Pendiente,
componentes/topic-page,topic-page,topics.cryptocurrencies.cardano.seoText.left[1].title,How does Cardano work?,¿Cómo funciona Cardano?,,Pendiente,
componentes/topic-page,topic-page,topics.cryptocurrencies.cardano.seoText.left[2].bullets[0],"Cardano leverages an Ouroboros Proof-of-Stake process that divides chains into epochs, which are further divided into time slots. Staking pools, also known as slot leaders, are elected for validating transactions and adding blocks to the chain per slot time. Ethereum, on the other hand, transitioned from a Proof-of-Work to a Proof-of-Stake consensus mechanism in 2022.","Cardano usa un proceso Proof-of-Stake Ouroboros que divide las cadenas en epochs y estos, a su vez, en time slots. Los staking pools, también llamados slot leaders, se eligen para validar transacciones y añadir bloques a la cadena en cada slot. Ethereum, en cambio, pasó de Proof-of-Work a Proof-of-Stake en 2022.",,Pendiente,
componentes/topic-page,topic-page,topics.cryptocurrencies.cardano.seoText.left[2].bullets[1],"ADA has a fixed supply of 45 billion ADA, while Ethereum has no supply cap. However, Ethereum leverages a burn mechanism to keep its supply at around 120 million ETH.","ADA tiene un suministro fijo de 45.000 millones, mientras que Ethereum no tiene tope. Aun así, Ethereum usa un mecanismo de quema para mantener la oferta en torno a 120 millones de ETH.",,Pendiente,
componentes/topic-page,topic-page,topics.cryptocurrencies.cardano.seoText.left[2].bullets[2],"Cardano can theoretically process over 1,000 transactions per second (TPS) while Ethereum lags behind with only 20-30 TPS.","Cardano puede procesar teóricamente más de 1.000 transacciones por segundo (TPS), mientras Ethereum se queda en unas 20-30 TPS.",,Pendiente,
componentes/topic-page,topic-page,topics.cryptocurrencies.cardano.seoText.left[2].bullets[3],"Cardano has very few dapps compared to Ethereum, which boasts over 5,000 applications.","Cardano tiene muy pocas dapps en comparación con Ethereum, que cuenta con más de 5.000 aplicaciones.",,Pendiente,
componentes/topic-page,topic-page,topics.cryptocurrencies.cardano.seoText.left[2].title,Differences between Ethereum and Cardano,Diferencias entre Ethereum y Cardano,,Pendiente,
componentes/topic-page,topic-page,topics.cryptocurrencies.dogecoin.seo.description,"Follow Dogecoin (DOGE/USD) news, analysis, charts and forecasts from FXStreet experts.","Sigue las noticias, el análisis, los gráficos y las previsiones de Dogecoin (DOGE/USD) con los expertos de FXStreet.",,Pendiente,
componentes/topic-page,topic-page,topics.cryptocurrencies.dogecoin.seo.keywords,"dogecoin, doge, cryptocurrency, crypto, analysis, news","dogecoin, doge, criptomoneda, crypto, análisis, noticias",,Pendiente,
componentes/topic-page,topic-page,topics.cryptocurrencies.dogecoin.seo.pageTitle,Dogecoin Forecast and News,Previsión y noticias de Dogecoin,,Pendiente,
componentes/topic-page,topic-page,topics.cryptocurrencies.dogecoin.seo.socialImageUrl,https://editorial.fxstreet.com/images/Cryptos/Dogecoin/dogecoin-chart_XtraSmall.jpg,https://editorial.fxstreet.com/images/Cryptos/Dogecoin/dogecoin-chart_XtraSmall.jpg,,Pendiente,
componentes/topic-page,topic-page,topics.cryptocurrencies.dogecoin.seo.title,"Dogecoin Forecast, News and Analysis (DOGE/USD)","Pronóstico, noticias y análisis de Dogecoin (DOGE/USD)",,Pendiente,
componentes/topic-page,topic-page,topics.cryptocurrencies.dogecoin.seoText.left[0].paragraphs[0],<strong>Dogecoin (DOGE) is a cryptocurrency based on a popular internet meme in 2013 featuring a Shiba Inu dog.</strong>,<strong>Dogecoin (DOGE) es una criptomoneda basada en un meme popular de internet de 2013 protagonizado por un perro Shiba Inu.</strong>,,Pendiente,
componentes/topic-page,topic-page,topics.cryptocurrencies.dogecoin.seoText.left[0].paragraphs[1].linkPath,/cryptocurrencies/bitcoin,/cryptocurrencies/bitcoin,,Pendiente,
componentes/topic-page,topic-page,topics.cryptocurrencies.dogecoin.seoText.left[0].paragraphs[1].text,"The meme coin functions similarly to other cryptocurrencies like <link>Bitcoin</link> and Litecoin but with additional features, including <strong>increased throughput, cheaper transaction fees and an unlimited supply, sealing its inflationary status.</strong> DOGE has a circulating supply of 149.9 billion and a market capitalization of $25.4 billion, making it the ninth-largest cryptocurrency by market capitalization as of July 8, 2025.","La meme coin funciona de forma similar a otras criptomonedas como <link>Bitcoin</link> y Litecoin, pero con características adicionales, entre ellas <strong>mayor capacidad de procesamiento, comisiones más baratas y un suministro ilimitado, lo que confirma su carácter inflacionario.</strong> DOGE tiene una oferta circulante de 149.900 millones y una capitalización de mercado de 25.400 millones de dólares, lo que la sitúa como la novena criptomoneda por capitalización a 8 de julio de 2025.",,Pendiente,
componentes/topic-page,topic-page,topics.cryptocurrencies.dogecoin.seoText.left[0].paragraphs[2],"Dogecoin's uniqueness comes from a robust online community that features <strong>key influential figures, including Tesla and SpaceX CEO Elon Musk</strong>, rapper Snoop Dogg and popular investor Mark Cuban.","Lo que diferencia a Dogecoin es una comunidad online sólida en la que figuran <strong>personalidades influyentes, como el CEO de Tesla y SpaceX Elon Musk</strong>, el rapero Snoop Dogg y el inversor Mark Cuban.",,Pendiente,
componentes/topic-page,topic-page,topics.cryptocurrencies.dogecoin.seoText.left[0].paragraphs[3],"A turning point in Dogecoin's history is its momentous rise in H1 2021, ignited by a group of traders on the social media platform Reddit. Members of the WallStreetBets subreddit – the same group responsible for the GameStop short squeeze – heavily traded DOGE, sparking over a 4,000% increase in its price to $0.731.","Un punto de inflexión en la historia de Dogecoin fue su fuerte subida en el primer semestre de 2021, impulsada por un grupo de traders en Reddit. Miembros del subreddit WallStreetBets –el mismo grupo del short squeeze de GameStop– negociaron DOGE de forma intensiva y provocaron un aumento de más del 4.000% hasta los 0,731 dólares.",,Pendiente,
componentes/topic-page,topic-page,topics.cryptocurrencies.dogecoin.seoText.left[0].paragraphs[4],"Within the next year, DOGE crashed heavily to $0.059, shedding 90% of its market capitalization following the crypto bear market in 2022. However, the cryptocurrency has recovered some of the lost value.","En el año siguiente, DOGE se desplomó hasta los 0,059 dólares y perdió el 90% de su capitalización de mercado con el mercado bajista crypto de 2022. Aun así, la criptomoneda ha recuperado parte del valor perdido.",,Pendiente,
componentes/topic-page,topic-page,topics.cryptocurrencies.dogecoin.seoText.left[0].paragraphs[5],"<strong>The success of Dogecoin gave rise to a crypto market category known as meme coins</strong>, which features thousands of cryptocurrencies with similar characteristics. As of June 8, 2025, the meme coin sector is worth over $59.2 billion in market capitalization.","<strong>El éxito de Dogecoin dio origen a una categoría del mercado crypto conocida como meme coins</strong>, con miles de criptomonedas de características similares. A 8 de junio de 2025, el sector de las meme coins supera los 59.200 millones de dólares de capitalización.",,Pendiente,
componentes/topic-page,topic-page,topics.cryptocurrencies.dogecoin.seoText.left[0].title,What is Dogecoin?,¿Qué es Dogecoin?,,Pendiente,
componentes/topic-page,topic-page,topics.cryptocurrencies.dogecoin.seoText.left[1].paragraphs[0],"<strong>Dogecoin was founded in late 2013</strong> by software developers Billy Markus and Jackson Palmer as a light-hearted joke to make fun of Bitcoin and other cryptocurrencies. The coin's logo featured a popular meme at the time, the picture of Kabosu – a Shiba Inu dog – and a deliberately misspelled word ""doge"" describing the dog.","<strong>Dogecoin fue fundada a finales de 2013</strong> por los desarrolladores Billy Markus y Jackson Palmer como una broma ligera para ridiculizar a Bitcoin y otras criptomonedas. El logo de la moneda mostraba un meme popular de la época, la imagen de Kabosu –un perro Shiba Inu– y la palabra mal escrita a propósito ""doge"" para describir al perro.",,Pendiente,
componentes/topic-page,topic-page,topics.cryptocurrencies.dogecoin.seoText.left[1].paragraphs[1],"Palmer is credited with purchasing the Dogecoin.com domain and creating the meme coin's logo, while Markus designed its protocol by tweaking Litecoin's code, which is a Bitcoin fork.","A Palmer se le atribuye la compra del dominio Dogecoin.com y la creación del logo de la meme coin, mientras Markus diseñó el protocolo modificando el código de Litecoin, que es un fork de Bitcoin.",,Pendiente,
componentes/topic-page,topic-page,topics.cryptocurrencies.dogecoin.seoText.left[1].paragraphs[2],"Since its inception, <strong>Dogecoin has experienced several ups and downs</strong>, including wallet hacks and price crashes. However, its community has helped it thrive through major fundraisers, including donating $50,000 to sponsor the Jamaican Bobsled team to the Sochi Winter Olympics and raising $50,000 to sponsor NASCAR Sprint Cup Series driver Josh Wise.","Desde su nacimiento, <strong>Dogecoin ha vivido varios altibajos</strong>, incluidos hacks de wallets y caídas de precio. Sin embargo, su comunidad la ha impulsado con grandes recaudaciones, como donar 50.000 dólares para patrocinar al equipo jamaicano de bobsleigh en los Juegos Olímpicos de invierno de Sochi y recaudar 50.000 dólares para patrocinar al piloto de NASCAR Sprint Cup Series Josh Wise.",,Pendiente,
componentes/topic-page,topic-page,topics.cryptocurrencies.dogecoin.seoText.left[1].title,When was Dogecoin created?,¿Cuándo se creó Dogecoin?,,Pendiente,
componentes/topic-page,topic-page,topics.cryptocurrencies.dogecoin.seoText.left[2].paragraphs[0],"<strong>Dogecoin is considered the first meme coin</strong> and runs on its own native blockchain network, which uses the scrypt hash function. DOGE transactions are processed via a proof-of-work consensus mechanism where miners solve cryptographic problems with dedicated hardware.","<strong>Dogecoin se considera la primera meme coin</strong> y funciona sobre su propia red blockchain nativa, que usa la función hash scrypt. Las transacciones de DOGE se procesan con un mecanismo de consenso proof-of-work en el que los mineros resuelven problemas criptográficos con hardware dedicado.",,Pendiente,
componentes/topic-page,topic-page,topics.cryptocurrencies.dogecoin.seoText.left[2].paragraphs[1],"Similar to Bitcoin, the first miner to solve the cryptographic problem earns the right to validate transactions and receive DOGE rewards. However, unlike Bitcoin's deflationary design, DOGE has an unlimited supply.","Al igual que en Bitcoin, el primer minero que resuelve el problema obtiene el derecho a validar transacciones y recibir recompensas en DOGE. Sin embargo, a diferencia del diseño deflacionario de Bitcoin, DOGE tiene un suministro ilimitado.",,Pendiente,
componentes/topic-page,topic-page,topics.cryptocurrencies.dogecoin.seoText.left[2].paragraphs[2].linkPath,/cryptocurrencies/ethereum,/cryptocurrencies/ethereum,,Pendiente,
componentes/topic-page,topic-page,topics.cryptocurrencies.dogecoin.seoText.left[2].paragraphs[2].text,"On the other hand, <strong>Shiba Inu (SHIB) is an ERC-20 token – also based on the Shiba Inu dog – that runs on the Ethereum blockchain</strong>. Hence, <strong>SHIB doesn't have its own blockchain</strong> network and could be affected by technical hurdles encountered by the <link>Ethereum</link> blockchain.","Por su parte, <strong>Shiba Inu (SHIB) es un token ERC-20 –también basado en el perro Shiba Inu– que se ejecuta en la blockchain de Ethereum</strong>. Por tanto, <strong>SHIB no tiene su propia blockchain</strong> y puede verse afectada por los obstáculos técnicos de la blockchain de <link>Ethereum</link>.",,Pendiente,
componentes/topic-page,topic-page,topics.cryptocurrencies.dogecoin.seoText.left[2].paragraphs[3],"SHIB has a fixed supply of 1 trillion and is touted as the ""Dogecoin killer"" by its community. The Shiba Inu community launched the Shibarium Layer 2 blockchain network on Ethereum to improve the scalability and performance of Shiba Inu ecosystem activities.","SHIB tiene un suministro fijo de 1 billón y su comunidad la presenta como la ""asesina de Dogecoin"". La comunidad de Shiba Inu lanzó la red Layer 2 Shibarium sobre Ethereum para mejorar la escalabilidad y el rendimiento de las actividades del ecosistema.",,Pendiente,
componentes/topic-page,topic-page,topics.cryptocurrencies.dogecoin.seoText.left[2].paragraphs[4],"DOGE ranks as the largest meme coin with a market capitalization of $25.4 billion, while SHIB follows behind with a market cap of $6.9 billion as of July 8, 2025.","DOGE es la meme coin más grande, con una capitalización de 25.400 millones de dólares, mientras SHIB le sigue con 6.900 millones a 8 de julio de 2025.",,Pendiente,
componentes/topic-page,topic-page,topics.cryptocurrencies.dogecoin.seoText.left[2].title,Dogecoin vs Shiba Inu,Dogecoin vs Shiba Inu,,Pendiente,
componentes/topic-page,topic-page,topics.cryptocurrencies.ethereum.seo.description,"Follow Ethereum (ETH/USD) news, analysis, charts and forecasts from FXStreet experts.","Sigue las noticias, el análisis, los gráficos y las previsiones de Ethereum (ETH/USD) con los expertos de FXStreet.",,Pendiente,
componentes/topic-page,topic-page,topics.cryptocurrencies.ethereum.seo.keywords,"ethereum, eth, cryptocurrency, crypto, analysis, news","ethereum, eth, criptomoneda, crypto, análisis, noticias",,Pendiente,
componentes/topic-page,topic-page,topics.cryptocurrencies.ethereum.seo.pageTitle,Ethereum Forecast and News,Previsión y noticias de Ethereum,,Pendiente,
componentes/topic-page,topic-page,topics.cryptocurrencies.ethereum.seo.socialImageUrl,https://editorial.fxstreet.com/images/Cryptos/Ethereum/ethereum-chart_XtraSmall.jpg,https://editorial.fxstreet.com/images/Cryptos/Ethereum/ethereum-chart_XtraSmall.jpg,,Pendiente,
componentes/topic-page,topic-page,topics.cryptocurrencies.ethereum.seo.title,"Ethereum Forecast, News and Analysis (ETH/USD)","Pronóstico, noticias y análisis de Ethereum (ETH/USD)",,Pendiente,
componentes/topic-page,topic-page,topics.cryptocurrencies.ethereum.seoText.left[0].paragraphs[0].linkPath,/rates-charts/ethusd,/rates-charts/ethusd,,Pendiente,
componentes/topic-page,topic-page,topics.cryptocurrencies.ethereum.seoText.left[0].paragraphs[0].text,<link><strong>Ethereum</strong></link><strong> is the first decentralized open-source blockchain network with smart contract functionality</strong>.,<link><strong>Ethereum</strong></link><strong> es la primera red blockchain open-source descentralizada con funcionalidad de smart contracts</strong>.,,Pendiente,
componentes/topic-page,topic-page,topics.cryptocurrencies.ethereum.seoText.left[0].paragraphs[1],"Smart contracts are publicly verifiable codes that automate agreements between two or more parties. They self-execute encoded actions when predetermined conditions are met. These smart contracts that run on the <strong>Ethereum</strong> virtual machine (EVM) <strong>allow developers to build decentralized applications</strong> that cut across finance (DeFi), gaming (GameFi), governance (DAOs), asset management, non-fungible tokens (NFTs), supply chain, customer loyalty programs, etc.","Los smart contracts son códigos verificables públicamente que automatizan acuerdos entre dos o más partes. Ejecutan por sí mismos acciones codificadas cuando se cumplen condiciones predeterminadas. Estos contratos, que corren en la máquina virtual de <strong>Ethereum</strong> (EVM), <strong>permiten a los desarrolladores crear aplicaciones descentralizadas</strong> en finanzas (DeFi), gaming (GameFi), gobernanza (DAOs), gestión de activos, tokens no fungibles (NFTs), cadena de suministro, programas de fidelización, etc.",,Pendiente,
componentes/topic-page,topic-page,topics.cryptocurrencies.ethereum.seoText.left[0].paragraphs[2],"<strong>Originally conceived by Vitalik Buterin</strong> and co-founded alongside Gavin Wood, Joseph Lubin, Charles Hoskinson and others, Ethereum is also home to millions of cryptocurrencies and non-fungible tokens.","<strong>Concebido originalmente por Vitalik Buterin</strong> y cofundado junto a Gavin Wood, Joseph Lubin, Charles Hoskinson y otros, Ethereum también alberga millones de criptomonedas y tokens no fungibles.",,Pendiente,
componentes/topic-page,topic-page,topics.cryptocurrencies.ethereum.seoText.left[0].paragraphs[3],"<strong>Most activities within the Ethereum ecosystem are powered by its native token, Ether (ETH), the second-largest cryptocurrency</strong> and number one altcoin by market capitalization. Ether is used for global payments, liquidity provision, and gas fee settlement.","<strong>La mayoría de la actividad del ecosistema Ethereum se impulsa con su token nativo, Ether (ETH), la segunda mayor criptomoneda</strong> y la principal altcoin por capitalización de mercado. Ether se usa para pagos globales, provisión de liquidez y liquidación de gas fees.",,Pendiente,
componentes/topic-page,topic-page,topics.cryptocurrencies.ethereum.seoText.left[0].paragraphs[4],"Gas refers to the fees users pay to compensate the network for computational efforts expended in processing transactions or executing smart contracts. Gwei, which is one billionth of an Ether, is the unit for measuring gas on the Ethereum network. During periods of network congestion, gas can be extremely high, causing validators to prioritize transactions based on their fees.","El gas son las comisiones que pagan los usuarios para compensar a la red por el esfuerzo computacional al procesar transacciones o ejecutar smart contracts. El gwei, una milmillonésima parte de un Ether, es la unidad para medir el gas en Ethereum. En periodos de congestión, el gas puede ser muy alto y los validadores priorizan transacciones según sus fees.",,Pendiente,
componentes/topic-page,topic-page,topics.cryptocurrencies.ethereum.seoText.left[0].title,What is Ethereum?,¿Qué es Ethereum?,,Pendiente,
componentes/topic-page,topic-page,topics.cryptocurrencies.ethereum.seoText.left[1].paragraphs[0],<strong>Staking is the process of validating transactions on Ethereum and earning yield</strong> on your idle crypto assets. It involves locking your Ether tokens in a crypto protocol for a specified duration to contribute to Ethereum's security.,El <strong>staking es el proceso de validar transacciones en Ethereum y obtener rendimiento</strong> sobre tus criptoactivos en reposo. Consiste en bloquear tokens Ether en un protocolo crypto durante un periodo determinado para contribuir a la seguridad de Ethereum.,,Pendiente,
componentes/topic-page,topic-page,topics.cryptocurrencies.ethereum.seoText.left[1].paragraphs[1],"<strong>Ethereum transitioned from a Proof-of-Work (PoW) to a Proof-of-Stake (PoS)</strong> consensus mechanism on September 15, 2022, in an event christened ""The Merge."" The Merge was a key part of Ethereum's roadmap to achieve high-level scalability, decentralization and security while remaining environmentally sustainable.","<strong>Ethereum pasó de un mecanismo de consenso Proof-of-Work (PoW) a Proof-of-Stake (PoS)</strong> el 15 de septiembre de 2022, en un evento conocido como ""The Merge"". The Merge fue una pieza clave del roadmap de Ethereum para lograr escalabilidad, descentralización y seguridad de alto nivel sin dejar de ser sostenible medioambientalmente.",,Pendiente,
componentes/topic-page,topic-page,topics.cryptocurrencies.ethereum.seoText.left[1].paragraphs[2],"Unlike PoW, which requires the use of energy-intensive hardware that may cause high carbon emissions, <strong>PoS reduces the barrier of entry for validators</strong> by leveraging the use of crypto tokens as the core foundation of its consensus process.","A diferencia del PoW, que requiere hardware intensivo en energía y puede generar altas emisiones de carbono, el <strong>PoS reduce la barrera de entrada para los validadores</strong> al basar el consenso en tokens crypto.",,Pendiente,
componentes/topic-page,topic-page,topics.cryptocurrencies.ethereum.seoText.left[1].title,What is staking?,¿Qué es el staking?,,Pendiente,
componentes/topic-page,topic-page,topics.cryptocurrencies.ethereum.seoText.left[2].paragraphs[0],"There are several factors to consider before choosing an exchange to buy cryptocurrencies. With hundreds of exchanges available, <strong>selecting one that aligns with your trading or investing preferences</strong> is important.","Hay varios factores a tener en cuenta antes de elegir un exchange para comprar criptomonedas. Con cientos de plataformas disponibles, <strong>seleccionar una que se alinee con tus preferencias de trading o inversión</strong> es importante.",,Pendiente,
componentes/topic-page,topic-page,topics.cryptocurrencies.ethereum.seoText.left[2].paragraphs[1],Crypto exchanges are divided into <strong>two major categories – centralized and decentralized exchanges</strong>.,Los exchanges crypto se dividen en <strong>dos grandes categorías: centralizados y descentralizados</strong>.,,Pendiente,
componentes/topic-page,topic-page,topics.cryptocurrencies.ethereum.seoText.left[2].paragraphs[2],Centralized crypto exchanges are platforms that operate under the supervision of a third party. This means that a central authority oversees the actions of every user on the exchange.,Los exchanges centralizados operan bajo la supervisión de un tercero. Eso significa que una autoridad central supervisa las acciones de cada usuario en la plataforma.,,Pendiente,
componentes/topic-page,topic-page,topics.cryptocurrencies.ethereum.seoText.left[2].paragraphs[3],Decentralized exchanges operate without the involvement of third-party intermediaries. These exchanges use smart contracts known as automated market makers (AMMs) to manage trades between users.,Los exchanges descentralizados operan sin intermediarios. Usan smart contracts conocidos como automated market makers (AMM) para gestionar las operaciones entre usuarios.,,Pendiente,
componentes/topic-page,topic-page,topics.cryptocurrencies.ethereum.seoText.left[2].paragraphs[4],"However, before exploring the product suites of a crypto exchange, investors should ensure that it legally operates within their locality. <strong>It's not advisable to trade on unregulated exchanges</strong> due to the associated risks. In certain countries, trading on an unregulated exchange could attract a penalty for the user. In the United States, the body that regulates exchanges is the Securities & Exchange Commission (SEC).","Antes de explorar la oferta de un exchange, los inversores deben asegurarse de que opera legalmente en su localidad. <strong>No es aconsejable operar en exchanges no regulados</strong> por los riesgos asociados. En algunos países, hacerlo puede acarrear sanciones. En Estados Unidos, el organismo que regula los exchanges es la Securities & Exchange Commission (SEC).",,Pendiente,
componentes/topic-page,topic-page,topics.cryptocurrencies.ethereum.seoText.left[2].paragraphs[5],"Another factor to consider when choosing an exchange is its interface. Typically, newer investors are advised to select exchanges with simple features for easy navigation. <strong>Most popular exchanges often offer simpler services to new users</strong> to avoid unnecessary complexities while using the platform.",Otro factor a valorar es la interfaz. A los inversores noveles se les recomienda elegir plataformas con funciones simples y fácil navegación. <strong>Los exchanges más populares suelen ofrecer servicios más sencillos a los nuevos usuarios</strong> para evitar complejidades innecesarias.,,Pendiente,
componentes/topic-page,topic-page,topics.cryptocurrencies.ethereum.seoText.left[2].paragraphs[6],"Investors may also consider factors such as an exchange's asset range, deposit/withdrawal options, on/off ramp solutions and security measures.","También pueden considerarse el abanico de activos, las opciones de depósito/retirada, las soluciones on/off ramp y las medidas de seguridad.",,Pendiente,
componentes/topic-page,topic-page,topics.cryptocurrencies.ethereum.seoText.left[2].paragraphs[7],"Furthermore, it's advisable to consult prominent review websites before choosing an exchange, as poor reviews are a potential red flag. <strong>FXStreet offers reviews for several exchanges</strong> where you can trade cryptocurrencies, stocks, commodities and fiat currencies.","Además, conviene consultar webs de reseñas reconocidas antes de elegir un exchange: las malas valoraciones son una posible señal de alerta. <strong>FXStreet ofrece reseñas de varios exchanges</strong> donde puedes operar con criptomonedas, acciones, materias primas y divisas fiat.",,Pendiente,
componentes/topic-page,topic-page,topics.cryptocurrencies.ethereum.seoText.left[2].title,Best cryptocurrency exchanges to buy Ethereum,Mejores exchanges de criptomonedas para comprar Ethereum,,Pendiente,
componentes/topic-page,topic-page,topics.cryptocurrencies.ethereum.seoText.left[3].bullets[0].linkPath,/cryptocurrencies/bitcoin,/cryptocurrencies/bitcoin,,Pendiente,
componentes/topic-page,topic-page,topics.cryptocurrencies.ethereum.seoText.left[3].bullets[0].text,"<link><strong>Bitcoin</strong></link><strong> has a supply cap of 21 million BTC</strong> that will eventually be achieved sometime in 2140, while <strong>Ether has no supply limits</strong>.","<link><strong>Bitcoin</strong></link><strong> tiene un suministro máximo de 21 millones de BTC</strong> que se alcanzará hacia 2140, mientras que <strong>Ether no tiene límite de suministro</strong>.",,Pendiente,
componentes/topic-page,topic-page,topics.cryptocurrencies.ethereum.seoText.left[3].bullets[1],"Ether often follows a deflationary trend through a burn mechanism that keeps its supply static or reduced. Bitcoin, on the other hand, aims to maintain a deflationary path through its supply cap and halving mechanism.","Ether suele seguir una tendencia deflacionaria mediante un mecanismo de quema que mantiene o reduce su oferta. Bitcoin, en cambio, busca una senda deflacionaria con su tope de suministro y el mecanismo de halving.",,Pendiente,
componentes/topic-page,topic-page,topics.cryptocurrencies.ethereum.seoText.left[3].bullets[2],"<strong>Ethereum leverages a Proof-of-Stake consensus mechanism</strong> and Layer 2 networks to boost its scalability and ensure transaction fee reduction. Conversely, <strong>Bitcoin uses a slower</strong> consensus model known as <strong>Proof-of-Work</strong>, often criticized for its high energy consumption.","<strong>Ethereum usa un mecanismo de consenso Proof-of-Stake</strong> y redes Layer 2 para mejorar la escalabilidad y reducir las fees. Por el contrario, <strong>Bitcoin usa un modelo más lento</strong> conocido como <strong>Proof-of-Work</strong>, a menudo criticado por su alto consumo energético.",,Pendiente,
componentes/topic-page,topic-page,topics.cryptocurrencies.ethereum.seoText.left[3].bullets[3],"<strong>Ethereum</strong> is a programmable blockchain that <strong>can host decentralized applications</strong> (dapps) and other tokens, including cryptocurrencies and non-fungible tokens (NFTs). <strong>Bitcoin</strong> only allows for decentralized peer-to-peer transactions and <strong>can't host dapps</strong> or other crypto tokens.","<strong>Ethereum</strong> es una blockchain programable que <strong>puede alojar aplicaciones descentralizadas</strong> (dapps) y otros tokens, incluidas criptomonedas y NFTs. <strong>Bitcoin</strong> solo permite transacciones peer-to-peer descentralizadas y <strong>no puede alojar dapps</strong> ni otros tokens crypto.",,Pendiente,
componentes/topic-page,topic-page,topics.cryptocurrencies.ethereum.seoText.left[3].bullets[4],"The programming language of Bitcoin is C++, while that of Ethereum is Solidity.","El lenguaje de programación de Bitcoin es C++, mientras que el de Ethereum es Solidity.",,Pendiente,
componentes/topic-page,topic-page,topics.cryptocurrencies.ethereum.seoText.left[3].bullets[5],"Bitcoin can be subdivided into eight decimals, while Ether is divisible into eighteen decimal places.","Bitcoin se puede subdividir en ocho decimales, mientras que Ether es divisible en dieciocho decimales.",,Pendiente,
componentes/topic-page,topic-page,topics.cryptocurrencies.ethereum.seoText.left[3].title,Ethereum vs Bitcoin,Ethereum vs Bitcoin,,Pendiente,
componentes/topic-page,topic-page,topics.cryptocurrencies.ripple.seo.description,"Follow Ripple (XRP/USD) news, analysis, charts and forecasts from FXStreet experts.","Sigue las noticias, el análisis, los gráficos y las previsiones de Ripple (XRP/USD) con los expertos de FXStreet.",,Pendiente,
componentes/topic-page,topic-page,topics.cryptocurrencies.ripple.seo.keywords,"ripple, xrp, cryptocurrency, crypto, analysis, news","ripple, xrp, criptomoneda, crypto, análisis, noticias",,Pendiente,
componentes/topic-page,topic-page,topics.cryptocurrencies.ripple.seo.pageTitle,Ripple Forecast and News,Previsión y noticias de Ripple,,Pendiente,
componentes/topic-page,topic-page,topics.cryptocurrencies.ripple.seo.socialImageUrl,https://editorial.fxstreet.com/images/Cryptos/Ripple/ripple-chart_XtraSmall.jpg,https://editorial.fxstreet.com/images/Cryptos/Ripple/ripple-chart_XtraSmall.jpg,,Pendiente,
componentes/topic-page,topic-page,topics.cryptocurrencies.ripple.seo.title,"Ripple Forecast, News and Analysis (XRP/USD)","Pronóstico, noticias y análisis de Ripple (XRP/USD)",,Pendiente,
componentes/topic-page,topic-page,topics.cryptocurrencies.ripple.seoText.left[0].paragraphs[0].linkPath,/rates-charts/xrpusd,/rates-charts/xrpusd,,Pendiente,
componentes/topic-page,topic-page,topics.cryptocurrencies.ripple.seoText.left[0].paragraphs[0].text,"<strong>Ripple is a blockchain-based digital payment company</strong> founded in 2012 that utilizes the cryptocurrency, <link>XRP</link>, to facilitate fast and low-cost international fiat currency transactions. <strong>XRP is the native cryptocurrency of the XRP Ledger, the blockchain that powers Ripple's operations</strong>. It's important to note that <strong>XRP is a cryptocurrency while Ripple is the parent company behind its operations</strong>.","<strong>Ripple es una compañía de pagos digitales basada en blockchain</strong> fundada en 2012 que utiliza la criptomoneda <link>XRP</link> para facilitar transacciones internacionales de divisas fiat rápidas y de bajo coste. <strong>XRP es la criptomoneda nativa del XRP Ledger, la blockchain que impulsa las operaciones de Ripple</strong>. Es importante señalar que <strong>XRP es una criptomoneda, mientras que Ripple es la empresa matriz detrás de su operativa</strong>.",,Pendiente,
componentes/topic-page,topic-page,topics.cryptocurrencies.ripple.seoText.left[0].paragraphs[1].linkPath,/cryptocurrencies/bitcoin,/cryptocurrencies/bitcoin,,Pendiente,
componentes/topic-page,topic-page,topics.cryptocurrencies.ripple.seoText.left[0].paragraphs[1].text,"<strong>XRP was created</strong> with almost the same goal as <link>Bitcoin</link>, which is <strong>to facilitate easier payments globally</strong> but with a focus on businesses and banking institutions. Unlike Bitcoin – which is mined over time – all XRP tokens were issued at its launch. At the time of writing, over 59 billion XRP tokens are in circulation, with a total supply of 100 billion XRP.","<strong>XRP se creó</strong> con un objetivo casi igual al de <link>Bitcoin</link>: <strong>facilitar pagos globales más sencillos</strong>, pero centrado en empresas e instituciones bancarias. A diferencia de Bitcoin —que se mina con el tiempo—, todos los tokens XRP se emitieron en su lanzamiento. En el momento de escribir estas líneas, hay más de 59.000 millones de XRP en circulación, con un suministro total de 100.000 millones.",,Pendiente,
componentes/topic-page,topic-page,topics.cryptocurrencies.ripple.seoText.left[0].paragraphs[2],"While XRP was originally designed to facilitate B2B international transactions, its price volatility has seen traders leverage it for speculative purposes.","Aunque XRP se diseñó originalmente para transacciones internacionales B2B, su volatilidad de precio ha llevado a muchos traders a usarlo con fines especulativos.",,Pendiente,
componentes/topic-page,topic-page,topics.cryptocurrencies.ripple.seoText.left[0].paragraphs[3],"A major turning point in XRP's history is the beginning of <strong>Ripple's legal battle with the US Securities & Exchange Commission (SEC)</strong>. The SEC filed a lawsuit against Ripple and its co-founders Christian Larsen and Bradley Garlinghouse in late 2020, alleging that the sale of XRP was an unregistered security offering. In July 2023, <strong>a federal court ruled that XRP is not a security when sold to retail investors, marking a major victory for Ripple</strong>.","Un punto de inflexión en la historia de XRP es el inicio de la <strong>batalla legal de Ripple con la US Securities & Exchange Commission (SEC)</strong>. La SEC demandó a Ripple y a sus cofundadores Christian Larsen y Bradley Garlinghouse a finales de 2020, alegando que la venta de XRP fue una oferta de valores no registrada. En julio de 2023, <strong>un tribunal federal dictaminó que XRP no es un valor cuando se vende a inversores minoristas, una victoria importante para Ripple</strong>.",,Pendiente,
componentes/topic-page,topic-page,topics.cryptocurrencies.ripple.seoText.left[0].paragraphs[4],"Furthermore, Ripple created a stablecoin, RLUSD, to improve cross-border payments for its users. RLUSD is designed to maintain a 1:1 price peg with the US Dollar. With this stablecoin, Ripple aims to tackle concerns about XRP's volatility by providing a stable option for users to conduct transactions.","Además, Ripple creó una stablecoin, RLUSD, para mejorar los pagos transfronterizos de sus usuarios. RLUSD está diseñada para mantener una paridad 1:1 con el dólar estadounidense. Con ella, Ripple busca mitigar las preocupaciones sobre la volatilidad de XRP ofreciendo una opción estable para operar.",,Pendiente,
componentes/topic-page,topic-page,topics.cryptocurrencies.ripple.seoText.left[0].title,What is Ripple?,¿Qué es Ripple?,,Pendiente,
componentes/topic-page,topic-page,topics.cryptocurrencies.ripple.seoText.left[1].bullets[0],The XRP Ledger and Ethereum's ability to host tokenized funds like stablecoins and utility tokens while Bitcoin can't.,"La capacidad del XRP Ledger y de Ethereum de alojar fondos tokenizados como stablecoins y utility tokens, algo que Bitcoin no puede hacer.",,Pendiente,
componentes/topic-page,topic-page,topics.cryptocurrencies.ripple.seoText.left[1].bullets[1],XRP's huge supply of 100 billion XRP against Ethereum's average supply of 120 million – maintained by a burn mechanism – and Bitcoin's deflationary design of a 21 million BTC supply cap and a halving mechanism to reduce its emission rate.,"El enorme suministro de 100.000 millones de XRP frente a una oferta media de unos 120 millones de Ether —mantenida con un mecanismo de quema— y el diseño deflacionario de Bitcoin, con un tope de 21 millones de BTC y un mecanismo de halving para reducir la emisión.",,Pendiente,
componentes/topic-page,topic-page,topics.cryptocurrencies.ripple.seoText.left[1].bullets[2],"XRP has strong ties to the company Ripple, as demonstrated by its significant underperformance after the SEC sued the latter. Bitcoin and Ethereum, on the other hand, have no strong ties to a single company.","XRP tiene fuertes vínculos con la empresa Ripple, como demostró su mal rendimiento tras la demanda de la SEC. Bitcoin y Ethereum, en cambio, no dependen de una sola compañía.",,Pendiente,
componentes/topic-page,topic-page,topics.cryptocurrencies.ripple.seoText.left[1].paragraphs[0].linkPath,/cryptocurrencies/ethereum,/cryptocurrencies/ethereum,,Pendiente,
componentes/topic-page,topic-page,topics.cryptocurrencies.ripple.seoText.left[1].paragraphs[0].text,"<strong>XRP's main difference from Bitcoin and <link>Ethereum</link> stems from its user focus</strong>, consensus process and market dynamics. While all three cryptocurrencies have a lot of similarities in basic features like privacy and transparency, they differ in other key areas.","<strong>La principal diferencia de XRP respecto a Bitcoin y <link>Ethereum</link> radica en su foco de usuario</strong>, el proceso de consenso y la dinámica de mercado. Aunque las tres criptomonedas comparten rasgos básicos como privacidad y transparencia, divergen en otras áreas clave.",,Pendiente,
componentes/topic-page,topic-page,topics.cryptocurrencies.ripple.seoText.left[1].paragraphs[1],"Satoshi Nakamoto created Bitcoin as a decentralized medium of exchange and store of value for everyday users. Ethereum is designed to power smart contracts that enable the creation of decentralized applications (dApps) that cut across finance (DeFi), supply chain, asset management, gaming (GameFi), governance (DAOs), etc.","Satoshi Nakamoto creó Bitcoin como medio de intercambio descentralizado y reserva de valor para usuarios cotidianos. Ethereum está diseñado para potenciar smart contracts que permiten crear aplicaciones descentralizadas (dApps) en finanzas (DeFi), cadena de suministro, gestión de activos, gaming (GameFi), gobernanza (DAOs), etc.",,Pendiente,
componentes/topic-page,topic-page,topics.cryptocurrencies.ripple.seoText.left[1].paragraphs[2],"<strong>XRP</strong>, on the other hand, <strong>is tailored to serve as a cross-border payment solution for businesses and financial institutions</strong> but could also facilitate peer-to-peer transactions.","<strong>XRP</strong>, en cambio, <strong>está pensado como solución de pagos transfronterizos para empresas e instituciones financieras</strong>, aunque también puede facilitar transacciones peer-to-peer.",,Pendiente,
componentes/topic-page,topic-page,topics.cryptocurrencies.ripple.seoText.left[1].paragraphs[3],"Another key difference is the process through which Bitcoin and XRP validate transactions. While Bitcoin leverages the energy-intensive Proof-of-Work (PoW) consensus mechanism and Ethereum uses Proof-of-Stake (PoS) to validate transactions, <strong>XRP functions via a social governance consensus process that requires network nodes to maintain a trusted list of validators</strong> that reaches consensus on the correct state of the ledger/blockchain.","Otra diferencia clave es el proceso de validación de transacciones. Mientras Bitcoin usa el mecanismo de consenso Proof-of-Work (PoW), intensivo en energía, y Ethereum usa Proof-of-Stake (PoS), <strong>XRP funciona con un proceso de consenso de gobernanza social que exige a los nodos mantener una lista de confianza de validadores</strong> que alcanzan consenso sobre el estado correcto del ledger/blockchain.",,Pendiente,
componentes/topic-page,topic-page,topics.cryptocurrencies.ripple.seoText.left[1].paragraphs[4],"Unlike Bitcoin and Ethereum, validators don't receive rewards in newly minted coins as all XRP tokens were pre-mined during the creation of the cryptocurrency.","A diferencia de Bitcoin y Ethereum, los validadores no reciben recompensas en monedas recién acuñadas, porque todos los tokens XRP se preminaron al crear la criptomoneda.",,Pendiente,
componentes/topic-page,topic-page,topics.cryptocurrencies.ripple.seoText.left[1].paragraphs[5],"<strong>XRP's consensus process made it more scalable and cheaper in processing transactions</strong> than Bitcoin and Ethereum. XRP can theoretically process 1,000 transactions per second (TPS), with each transaction costing only 0.00001 XRP. Bitcoin and Ethereum can only process roughly 7 and 20-30 TPS, respectively, with transaction fees occasionally crossing $100 during heightened network activity.","El <strong>proceso de consenso de XRP lo hizo más escalable y barato al procesar transacciones</strong> que Bitcoin y Ethereum. XRP puede procesar teóricamente 1.000 transacciones por segundo (TPS), con un coste de solo 0,00001 XRP por transacción. Bitcoin y Ethereum procesan aproximadamente 7 y 20-30 TPS, respectivamente, y las fees pueden superar los 100 $ en periodos de alta actividad de red.",,Pendiente,
componentes/topic-page,topic-page,topics.cryptocurrencies.ripple.seoText.left[1].paragraphs[6],Other areas of difference include:,Otras áreas de diferencia incluyen:,,Pendiente,
componentes/topic-page,topic-page,topics.cryptocurrencies.ripple.seoText.left[1].title,"Differences between Ripple, Bitcoin and Ethereum","Diferencias entre Ripple, Bitcoin y Ethereum",,Pendiente,
componentes/topic-page,topic-page,topics.cryptocurrencies.solana.seo.description,"Follow Solana (SOL/USD) news, analysis, charts and forecasts from FXStreet experts.","Sigue las noticias, el análisis, los gráficos y las previsiones de Solana (SOL/USD) con los expertos de FXStreet.",,Pendiente,
componentes/topic-page,topic-page,topics.cryptocurrencies.solana.seo.keywords,"solana, sol, cryptocurrency, crypto, analysis, news","solana, sol, criptomoneda, crypto, análisis, noticias",,Pendiente,
componentes/topic-page,topic-page,topics.cryptocurrencies.solana.seo.pageTitle,Solana Forecast and News,Previsión y noticias de Solana,,Pendiente,
componentes/topic-page,topic-page,topics.cryptocurrencies.solana.seo.socialImageUrl,https://editorial.fxstreet.com/images/Cryptos/Solana/solana-chart_XtraSmall.jpg,https://editorial.fxstreet.com/images/Cryptos/Solana/solana-chart_XtraSmall.jpg,,Pendiente,
componentes/topic-page,topic-page,topics.cryptocurrencies.solana.seo.title,"Solana Forecast, News and Analysis (SOL/USD)","Pronóstico, noticias y análisis de Solana (SOL/USD)",,Pendiente,
componentes/topic-page,topic-page,topics.cryptocurrencies.solana.seoText.left[0].paragraphs[0],<strong>Solana is a blockchain network</strong> that leverages novel techniques <strong>to host decentralized applications and crypto tokens</strong>.,<strong>Solana es una red blockchain</strong> que emplea técnicas novedosas <strong>para alojar aplicaciones descentralizadas y tokens crypto</strong>.,,Pendiente,
componentes/topic-page,topic-page,topics.cryptocurrencies.solana.seoText.left[0].paragraphs[1],"Proposed in 2017 by Anatoly Yakovenko, Solana is home to hundreds of applications across decentralized finance (DeFi), GameFi, SocialFi and non-fungible tokens (NFTs) protocols.","Propuesta en 2017 por Anatoly Yakovenko, Solana alberga cientos de aplicaciones en finanzas descentralizadas (DeFi), GameFi, SocialFi y protocolos de tokens no fungibles (NFTs).",,Pendiente,
componentes/topic-page,topic-page,topics.cryptocurrencies.solana.seoText.left[0].paragraphs[2],<strong>Solana's uniqueness comes from its ability to process a large number of transactions at low fees</strong> – thanks to its Proof-of-History (PoH) and Proof-of-Stake (PoS) consensus process.,"<strong>Lo que diferencia a Solana es su capacidad para procesar un gran número de transacciones con comisiones bajas</strong>, gracias a su proceso de consenso Proof-of-History (PoH) y Proof-of-Stake (PoS).",,Pendiente,
componentes/topic-page,topic-page,topics.cryptocurrencies.solana.seoText.left[0].paragraphs[3],"PoH works by cryptographically generating publicly verifiable proofs of the passage time between events in a blockchain network, making it difficult for bad actors to tamper with a network's timestamp.","PoH genera de forma criptográfica pruebas verificables públicamente del paso del tiempo entre eventos en una red blockchain, lo que dificulta que actores maliciosos manipulen la marca temporal de la red.",,Pendiente,
componentes/topic-page,topic-page,topics.cryptocurrencies.solana.seoText.left[0].paragraphs[4],"PoS, on the other hand, leverages a system where users put their coins at stake to validate transactions. The system rewards users with cryptocurrency rewards and punishes bad behavior by slashing their staked coins.","PoS, por su parte, se basa en un sistema en el que los usuarios ponen sus monedas en stake para validar transacciones. El sistema recompensa a los usuarios con criptomonedas y castiga el mal comportamiento recortando (slashing) las monedas en stake.",,Pendiente,
componentes/topic-page,topic-page,topics.cryptocurrencies.solana.seoText.left[0].paragraphs[5],"With the combination of both PoS and PoH consensus mechanisms, Solana can theoretically process up to 710,000 transactions per second.","Con la combinación de PoS y PoH, Solana puede procesar teóricamente hasta 710.000 transacciones por segundo.",,Pendiente,
componentes/topic-page,topic-page,topics.cryptocurrencies.solana.seoText.left[0].paragraphs[6],"<strong>Its native cryptocurrency, also named Solana (SOL),</strong> is central to this consensus process. SOL <strong>is used for paying transaction fees on the network and ranks as the sixth-largest crypto asset by market capitalization</strong> as of July 8, 2025.","<strong>Su criptomoneda nativa, también llamada Solana (SOL),</strong> es central en este proceso de consenso. SOL <strong>se usa para pagar las comisiones de la red y figura como el sexto criptoactivo por capitalización de mercado</strong> a 8 de julio de 2025.",,Pendiente,
componentes/topic-page,topic-page,topics.cryptocurrencies.solana.seoText.left[0].paragraphs[7],"Non-fungible tokens and several cryptocurrencies, known as Solana Program Library (SPL) tokens, also run on the Solana blockchain.","Los tokens no fungibles y varias criptomonedas, conocidos como tokens Solana Program Library (SPL), también se ejecutan en la blockchain de Solana.",,Pendiente,
componentes/topic-page,topic-page,topics.cryptocurrencies.solana.seoText.left[0].paragraphs[8],Solana has also become a prominent platform for launching meme coins in recent times due to its high throughput and low fees.,Solana también se ha convertido en una plataforma destacada para el lanzamiento de meme coins en los últimos tiempos gracias a su alto rendimiento y bajas comisiones.,,Pendiente,
componentes/topic-page,topic-page,topics.cryptocurrencies.solana.seoText.left[0].title,What is Solana?,¿Qué es Solana?,,Pendiente,
componentes/topic-page,topic-page,topics.cryptocurrencies.solana.seoText.left[1].bullets[0],"<strong>Web wallets:</strong> This type of wallet allows users to store, send and receive Solana-based assets while enabling access to decentralized applications. Web wallets manage users' private/public keys through browser extensions or mobile applications.","<strong>Web wallets:</strong> Este tipo de wallet permite almacenar, enviar y recibir activos basados en Solana y acceder a aplicaciones descentralizadas. Gestionan las claves privadas/públicas del usuario mediante extensiones de navegador o aplicaciones móviles.",,Pendiente,
componentes/topic-page,topic-page,topics.cryptocurrencies.solana.seoText.left[1].bullets[1],"<strong>Hardware wallets:</strong> These are physical devices that enable users to manage their Solana private keys offline. Unlike web wallets, hardware wallets do not have internet connectivity unless they are connected to a computer.","<strong>Hardware wallets:</strong> Son dispositivos físicos que permiten gestionar las claves privadas de Solana offline. A diferencia de las web wallets, no tienen conectividad a internet a menos que se conecten a un ordenador.",,Pendiente,
componentes/topic-page,topic-page,topics.cryptocurrencies.solana.seoText.left[1].bullets[2],"<strong>Exchange Wallets:</strong> These wallets are automatically created on behalf of users who use cryptocurrency exchanges. The user doesn't have to worry about managing their private keys as the exchange manages the entire process. However, exchange wallets are often criticized due to their centralized nature and risk of susceptibility to hacks.","<strong>Exchange wallets:</strong> Se crean automáticamente para los usuarios de exchanges de criptomonedas. El usuario no tiene que preocuparse de gestionar sus claves privadas, ya que el exchange se encarga de todo el proceso. No obstante, suelen criticarse por su naturaleza centralizada y el riesgo de hacks.",,Pendiente,
componentes/topic-page,topic-page,topics.cryptocurrencies.solana.seoText.left[1].paragraphs[0].linkPath,/cryptocurrencies/resources/how-to-choose-a-cryptocurrency-wallet,/cryptocurrencies/resources/how-to-choose-a-cryptocurrency-wallet,,Pendiente,
componentes/topic-page,topic-page,topics.cryptocurrencies.solana.seoText.left[1].paragraphs[0].text,"<strong><link>Solana</link> wallets allow users to interact with the Solana blockchain network</strong> and the various applications that run on top of it, as well as manage their SOL, SPL tokens and NFTs.","<strong>Las wallets de <link>Solana</link> permiten a los usuarios interactuar con la red blockchain de Solana</strong> y las distintas aplicaciones que se ejecutan sobre ella, así como gestionar su SOL, tokens SPL y NFTs.",,Pendiente,
componentes/topic-page,topic-page,topics.cryptocurrencies.solana.seoText.left[1].paragraphs[1],"Most Solana wallets are specifically designed to process only Solana-based transactions, except when a user decides to use a multi-coin wallet.","La mayoría de las wallets de Solana están diseñadas específicamente para procesar solo transacciones basadas en Solana, salvo cuando el usuario opta por una wallet multicurrency.",,Pendiente,
componentes/topic-page,topic-page,topics.cryptocurrencies.solana.seoText.left[1].title,Solana wallets,Wallets de Solana,,Pendiente,
componentes/topic-page,topic-page,topics.cryptocurrencies.solana.seoText.left[2].paragraphs[0],"There are several factors to consider before choosing an exchange to buy cryptocurrencies. With hundreds of exchanges available, <strong>selecting one that aligns with your trading or investing preferences is important.</strong>","Hay varios factores a tener en cuenta antes de elegir un exchange para comprar criptomonedas. Con cientos de plataformas disponibles, <strong>es importante elegir una que se ajuste a tus preferencias de trading o inversión.</strong>",,Pendiente,
componentes/topic-page,topic-page,topics.cryptocurrencies.solana.seoText.left[2].paragraphs[1],Crypto exchanges are divided into<strong> two major categories – centralized and decentralized exchanges</strong>.,Los exchanges crypto se dividen en <strong>dos grandes categorías: centralizados y descentralizados</strong>.,,Pendiente,
componentes/topic-page,topic-page,topics.cryptocurrencies.solana.seoText.left[2].paragraphs[2],Centralized crypto exchanges are platforms that operate under the supervision of a third party. This means that a central authority oversees the actions of every user on the exchange.,Los exchanges centralizados son plataformas que operan bajo la supervisión de un tercero. Eso significa que una autoridad central supervisa las acciones de cada usuario en el exchange.,,Pendiente,
componentes/topic-page,topic-page,topics.cryptocurrencies.solana.seoText.left[2].paragraphs[3],Decentralized exchanges operate without the involvement of third-party intermediaries. These exchanges use smart contracts known as automated market makers (AMMs) to manage trades between users.,Los exchanges descentralizados operan sin intermediarios. Usan smart contracts conocidos como automated market makers (AMMs) para gestionar las operaciones entre usuarios.,,Pendiente,
componentes/topic-page,topic-page,topics.cryptocurrencies.solana.seoText.left[2].paragraphs[4],"However, before exploring the product suites of a crypto exchange, investors should ensure that it legally operates within their locality. <strong>It's not advisable to trade on unregulated exchanges due to the associated risks.</strong> In certain countries, trading on an unregulated exchange could attract a penalty for the user. In the United States, the body that regulates exchanges is the Securities & Exchange Commission (SEC).","Antes de explorar la oferta de un exchange, los inversores deben asegurarse de que opera legalmente en su jurisdicción. <strong>No es recomendable operar en exchanges no regulados por los riesgos asociados.</strong> En algunos países, operar en un exchange no regulado puede acarrear sanciones. En Estados Unidos, el organismo que regula los exchanges es la Securities & Exchange Commission (SEC).",,Pendiente,
componentes/topic-page,topic-page,topics.cryptocurrencies.solana.seoText.left[2].paragraphs[5],"Another factor to consider when choosing an exchange is its interface. Typically, <strong>newer investors are advised to select exchanges with simple features for easy navigation.</strong> Most popular exchanges often offer simpler services to new users to avoid unnecessary complexities while using the platform.","Otro factor a valorar es la interfaz. En general, <strong>se aconseja a los inversores nuevos elegir exchanges con funciones sencillas y fáciles de navegar.</strong> La mayoría de los exchanges populares ofrecen servicios más simples a los usuarios nuevos para evitar complicaciones innecesarias.",,Pendiente,
componentes/topic-page,topic-page,topics.cryptocurrencies.solana.seoText.left[2].paragraphs[6],"Investors may also consider factors such as an exchange's asset range, deposit/withdrawal options, on/off ramp solutions and security measures.","Los inversores también pueden considerar el abanico de activos, las opciones de depósito/retirada, las soluciones on/off ramp y las medidas de seguridad.",,Pendiente,
componentes/topic-page,topic-page,topics.cryptocurrencies.solana.seoText.left[2].paragraphs[7],"Furthermore, it's advisable to consult prominent review websites before choosing an exchange, as poor reviews are a potential red flag. <strong>FXStreet offers reviews for several exchanges</strong> where you can trade cryptocurrencies, stocks, commodities and fiat currencies.","Además, conviene consultar webs de reseñas reconocidas antes de elegir un exchange, ya que las malas valoraciones son una señal de alerta. <strong>FXStreet ofrece reseñas de varios exchanges</strong> donde puedes operar con criptomonedas, acciones, materias primas y divisas fiat.",,Pendiente,
componentes/topic-page,topic-page,topics.cryptocurrencies.solana.seoText.left[2].title,Best cryptocurrency exchanges to buy Solana,Mejores exchanges de criptomonedas para comprar Solana,,Pendiente,
componentes/topic-page,topic-page,topics.currencies.audusd.seo.description,"Follow AUD/USD news, technical and fundamental analysis, charts and forecasts from FXStreet experts.","Sigue las noticias, el análisis técnico y fundamental, los gráficos y las previsiones de AUD/USD con los expertos de FXStreet.",,Pendiente,
componentes/topic-page,topic-page,topics.currencies.audusd.seo.keywords,"audusd, aussie, forex, analysis, news","audusd, aussie, forex, análisis, noticias",,Pendiente,
componentes/topic-page,topic-page,topics.currencies.audusd.seo.pageTitle,AUD/USD Forecast and News,Previsión y noticias de AUD/USD,,Pendiente,
componentes/topic-page,topic-page,topics.currencies.audusd.seo.socialImageUrl,https://editorial.fxstreet.com/images/Markets/Forex/AUDUSD/audusd-chart_XtraSmall.jpg,https://editorial.fxstreet.com/images/Markets/Forex/AUDUSD/audusd-chart_XtraSmall.jpg,,Pendiente,
componentes/topic-page,topic-page,topics.currencies.audusd.seo.title,"AUD/USD Forecast, News and Analysis","Pronóstico, noticias y análisis de AUD/USD",,Pendiente,
componentes/topic-page,topic-page,topics.currencies.audusd.seoText.left[0].title,About AUD/USD,Sobre el AUD/USD,,Pendiente,
componentes/topic-page,topic-page,topics.currencies.audusd.seoText.left[1].paragraphs[0],"The AUD/USD currency pair, commonly known as the ""Aussie"", represents how many US dollars (the quote currency) are needed to purchase one Australian dollar (the base currency). Alongside the New Zealand Dollar (NZD) and the Canadian Dollar (CAD), the AUD is considered a <strong>commodity currency</strong> due to Australia's significant exports of raw materials such as precious metals, Oil, and agricultural products.","El par AUD/USD, conocido comúnmente como el ""Aussie"", representa cuántos dólares estadounidenses (la divisa de cotización) se necesitan para comprar un dólar australiano (la divisa base). Junto con el Dólar neozelandés (NZD) y el Dólar canadiense (CAD), el AUD se considera una <strong>divisa de materias primas</strong> debido a las importantes exportaciones de Australia de materias primas como metales preciosos, petróleo y productos agrícolas.",,Pendiente,
componentes/topic-page,topic-page,topics.currencies.audusd.seoText.left[1].paragraphs[1],"The Reserve Bank of Australia (RBA) has historically maintained higher interest rates compared to other industrialized nations. Combined with the relatively high liquidity of the AUD, this has made the AUD attractive for <strong>carry traders</strong> looking for higher yields.","El Reserve Bank of Australia (RBA) ha mantenido históricamente tipos de interés más altos que otras naciones industrializadas. Combinado con la liquidez relativamente alta del AUD, esto ha hecho atractivo el AUD para los <strong>carry traders</strong> que buscan mayores rendimientos.",,Pendiente,
componentes/topic-page,topic-page,topics.currencies.audusd.seoText.left[1].paragraphs[2],"Australia's economy and currency are closely tied to China, its largest trading partner. Any changes in the Chinese economy can significantly impact the AUD. Additionally, the Australian Dollar is often seen as a diversification tool due to its exposure to <strong>Asian economies</strong>.","La economía y la divisa de Australia están estrechamente ligadas a China, su mayor socio comercial. Cualquier cambio en la economía china puede impactar de forma significativa en el AUD. Además, el Dólar australiano se ve a menudo como una herramienta de diversificación por su exposición a las <strong>economías asiáticas</strong>.",,Pendiente,
componentes/topic-page,topic-page,topics.currencies.audusd.seoText.left[1].paragraphs[3].linkPath,/commodities/gold,/commodities/gold,,Pendiente,
componentes/topic-page,topic-page,topics.currencies.audusd.seoText.left[1].paragraphs[3].text,The pair AUD/USD also correlates with <strong>Gold</strong> prices. <link>Gold</link> is widely viewed as a safe haven asset against inflation and it is one of the most traded commodities.,El par AUD/USD también se correlaciona con los precios del <strong>Oro</strong>. El <link>Oro</link> se considera ampliamente un activo refugio frente a la inflación y es una de las materias primas más negociadas.,,Pendiente,
componentes/topic-page,topic-page,topics.currencies.audusd.seoText.left[1].title,AUD/USD,AUD/USD,,Pendiente,
componentes/topic-page,topic-page,topics.currencies.audusd.seoText.left[2].title,INFLUENTIAL ORGANIZATIONS AND PEOPLE FOR THE AUD/USD,ORGANIZACIONES Y PERSONAS INFLUYENTES PARA EL AUD/USD,,Pendiente,
componentes/topic-page,topic-page,topics.currencies.audusd.seoText.left[3].paragraphs[0],"The Reserve Bank of Australia (RBA) is Australia's central bank, deriving its functions and powers from the Reserve Bank Act 1959. Its primary duty is to contribute to currency stability, full employment and the economic prosperity and welfare of the Australian people. The RBA achieves this by setting the cash rate to meet a medium-term inflation target of between 2% and 3%, maintaining a strong financial system and efficient payment infrastructure and issuing the nation's banknotes.","El Reserve Bank of Australia (RBA) es el banco central de Australia y deriva sus funciones y poderes de la Reserve Bank Act 1959. Su deber principal es contribuir a la estabilidad de la moneda, el pleno empleo y la prosperidad y el bienestar económico del pueblo australiano. El RBA lo logra fijando el cash rate para cumplir un objetivo de inflación a medio plazo de entre el 2% y el 3%, manteniendo un sistema financiero sólido y una infraestructura de pagos eficiente, y emitiendo los billetes del país.",,Pendiente,
componentes/topic-page,topic-page,topics.currencies.audusd.seoText.left[3].paragraphs[1],Decisions are made by a board of governors at eight meetings a year and ad hoc emergency meetings as required.,Las decisiones las toma un consejo de gobernadores en ocho reuniones al año y en reuniones de emergencia ad hoc cuando es necesario.,,Pendiente,
componentes/topic-page,topic-page,topics.currencies.audusd.seoText.left[3].paragraphs[2],"The RBA provides banking services to the Australian Government, its agencies and several overseas central banks and official institutions. Additionally, it manages Australia's gold and foreign exchange reserves.","El RBA presta servicios bancarios al Gobierno australiano, a sus agencias y a varios bancos centrales e instituciones oficiales extranjeras. Además, gestiona las reservas de oro y de divisas de Australia.",,Pendiente,
componentes/topic-page,topic-page,topics.currencies.audusd.seoText.left[3].paragraphs[3].links.website,https://www.rba.gov.au/,https://www.rba.gov.au/,,Pendiente,
componentes/topic-page,topic-page,topics.currencies.audusd.seoText.left[3].paragraphs[3].links.x,https://x.com/RBAInfo,https://x.com/RBAInfo,,Pendiente,
componentes/topic-page,topic-page,topics.currencies.audusd.seoText.left[3].paragraphs[3].links.youtube,https://www.youtube.com/RBAInfo,https://www.youtube.com/RBAInfo,,Pendiente,
componentes/topic-page,topic-page,topics.currencies.audusd.seoText.left[3].paragraphs[3].text,"The <website>official website</website>, on <x>X</x> and <youtube>Youtube</youtube>","El <website>sitio oficial</website>, en <x>X</x> y <youtube>Youtube</youtube>",,Pendiente,
componentes/topic-page,topic-page,topics.currencies.audusd.seoText.left[3].title,Reserve Bank of Australia (RBA),Reserve Bank of Australia (RBA),,Pendiente,
componentes/topic-page,topic-page,topics.currencies.audusd.seoText.left[4].paragraphs[0],"The Federal Reserve (Fed) is the central bank of the United States (US) and it has two main targets: to maintain the unemployment rate at its lowest possible levels and to keep inflation around 2%. The Federal Reserve System's structure is composed of the presidentially appointed Board of Governors and the partially appointed Federal Open Market Committee (FOMC). The FOMC organizes eight scheduled meetings in a year to review economic and financial conditions. It also determines the appropriate stance of monetary policy and assesses the risks to its long-run goals of price stability and sustainable economic growth. The FOMC Minutes, which are released by the Board of Governors of the Federal Reserve weeks after the latest meeting, are a guide to the future US interest-rate policy.","La Reserva Federal (Fed) es el banco central de Estados Unidos (EE. UU.) y tiene dos objetivos principales: mantener la tasa de desempleo en los niveles más bajos posibles y la inflación en torno al 2%. La estructura del Sistema de la Reserva Federal está compuesta por la Junta de Gobernadores nombrada por el presidente y el Comité Federal de Mercado Abierto (FOMC), parcialmente nombrado. El FOMC organiza ocho reuniones programadas al año para revisar las condiciones económicas y financieras. También determina la postura adecuada de la política monetaria y evalúa los riesgos para sus objetivos a largo plazo de estabilidad de precios y crecimiento económico sostenible. Las actas del FOMC, que publica la Junta de Gobernadores de la Reserva Federal semanas después de la última reunión, son una guía de la futura política de tipos de interés de EE. UU.",,Pendiente,
componentes/topic-page,topic-page,topics.currencies.audusd.seoText.left[4].paragraphs[1].links.facebook,https://www.facebook.com/federalreserve/,https://www.facebook.com/federalreserve/,,Pendiente,
componentes/topic-page,topic-page,topics.currencies.audusd.seoText.left[4].paragraphs[1].links.website,https://www.federalreserve.gov/,https://www.federalreserve.gov/,,Pendiente,
componentes/topic-page,topic-page,topics.currencies.audusd.seoText.left[4].paragraphs[1].links.x,https://twitter.com/federalreserve?ref_src%3Dtwsrc%255Egoogle%257Ctwcamp%255Eserp%257Ctwgr%255Eauthor,https://twitter.com/federalreserve?ref_src%3Dtwsrc%255Egoogle%257Ctwcamp%255Eserp%257Ctwgr%255Eauthor,,Pendiente,
componentes/topic-page,topic-page,topics.currencies.audusd.seoText.left[4].paragraphs[1].text,"<website>Fed official website</website>, on <x>X</x> and <facebook>Facebook</facebook>","<website>Sitio oficial de la Fed</website>, en <x>X</x> y <facebook>Facebook</facebook>",,Pendiente,
componentes/topic-page,topic-page,topics.currencies.audusd.seoText.left[4].title,The Federal Reserve (Fed),La Reserva Federal (Fed),,Pendiente,
componentes/topic-page,topic-page,topics.currencies.audusd.seoText.left[5].paragraphs[0],"Michele Bullock is an Australian economist and the current Governor of the Reserve Bank of Australia. She assumed the role in September 2023 and is the first woman to hold the position. She is the Chair of the Reserve Bank Board, Payments System Board and Council of Financial Regulators. Prior to her current role, Bullock was the Deputy Governor of the RBA.","Michele Bullock es una economista australiana y la actual gobernadora del Reserve Bank of Australia. Asumió el cargo en septiembre de 2023 y es la primera mujer en ocuparlo. Es presidenta del Reserve Bank Board, del Payments System Board y del Council of Financial Regulators. Antes de su cargo actual, Bullock fue subgobernadora del RBA.",,Pendiente,
componentes/topic-page,topic-page,topics.currencies.audusd.seoText.left[5].title,Michele Bullock,Michele Bullock,,Pendiente,
componentes/topic-page,topic-page,topics.currencies.audusd.seoText.left[6].paragraphs[0],"Kevin Warsh took office as chairman of the Board of Governors of the Federal Reserve in May 2026, for a four-year term ending in 2030. His term as a member of the Board of Governors will expire in May 2040. Warsh, born in Albany (New York) on April 13, 1970, is an American financier and attorney who already served as a member of the Fed Board of Governors from 2006 to 2011 and was significantly involved in the central bank's response to the financial crisis. Before that, he served as a special assistant to the president for economic policy and the executive secretary of the National Economic Council under President George W. Bush.","Kevin Warsh asumió el cargo de presidente de la Junta de Gobernadores de la Reserva Federal en mayo de 2026, para un mandato de cuatro años que termina en 2030. Su mandato como miembro de la Junta de Gobernadores expirará en mayo de 2040. Warsh, nacido en Albany (Nueva York) el 13 de abril de 1970, es un financiero y abogado estadounidense que ya sirvió como miembro de la Junta de Gobernadores de la Fed de 2006 a 2011 y estuvo significativamente involucrado en la respuesta del banco central a la crisis financiera. Antes de eso, fue asistente especial del presidente para política económica y secretario ejecutivo del National Economic Council bajo el presidente George W. Bush.",,Pendiente,
componentes/topic-page,topic-page,topics.currencies.audusd.seoText.left[6].title,Kevin Warsh,Kevin Warsh,,Pendiente,
componentes/topic-page,topic-page,topics.currencies.audusd.seoText.left[7].bullets[0].links.eurusd,/currencies/eurusd,/currencies/eurusd,,Pendiente,
componentes/topic-page,topic-page,topics.currencies.audusd.seoText.left[7].bullets[0].links.gbpusd,/currencies/gbpusd,/currencies/gbpusd,,Pendiente,
componentes/topic-page,topic-page,topics.currencies.audusd.seoText.left[7].bullets[0].links.usdcad,/currencies/usdcad,/currencies/usdcad,,Pendiente,
componentes/topic-page,topic-page,topics.currencies.audusd.seoText.left[7].bullets[0].links.usdjpy,/currencies/usdjpy,/currencies/usdjpy,,Pendiente,
componentes/topic-page,topic-page,topics.currencies.audusd.seoText.left[7].bullets[0].text,"<strong>Currencies</strong>: The Japanese Yen (JPY) and the Chinese Yuan (CNY), as Japan and China are the most significant trading partners of Australia. Other relevant currency pairs include <eurusd>EUR/USD</eurusd>, <gbpusd>GBP/USD</gbpusd>, <usdjpy>USD/JPY</usdjpy>, USD/CHF, NZD/USD and <usdcad>USD/CAD</usdcad>.","<strong>Divisas</strong>: el Yen japonés (JPY) y el Yuan chino (CNY), ya que Japón y China son los socios comerciales más importantes de Australia. Otros pares relevantes incluyen <eurusd>EUR/USD</eurusd>, <gbpusd>GBP/USD</gbpusd>, <usdjpy>USD/JPY</usdjpy>, USD/CHF, NZD/USD y <usdcad>USD/CAD</usdcad>.",,Pendiente,
componentes/topic-page,topic-page,topics.currencies.audusd.seoText.left[7].bullets[1].links.commodities,/markets/commodities,/markets/commodities,,Pendiente,
componentes/topic-page,topic-page,topics.currencies.audusd.seoText.left[7].bullets[1].text,"<commodities>Commodities</commodities>: The most important is Gold, alongside Iron Ore and Natural Gas.","<commodities>Materias primas</commodities>: la más importante es el Oro, junto con el mineral de hierro y el gas natural.",,Pendiente,
componentes/topic-page,topic-page,topics.currencies.audusd.seoText.left[7].bullets[2].links.bonds,/bonds,/bonds,,Pendiente,
componentes/topic-page,topic-page,topics.currencies.audusd.seoText.left[7].bullets[2].text,"<bonds>Bonds</bonds>: GACGB10 (Australia 10-year Government Bond Yield), and T-Note 10Y ( 10-year US Treasury note).",<bonds>Bonos</bonds>: GACGB10 (rendimiento del bono del gobierno australiano a 10 años) y T-Note 10Y (bono del Tesoro de EE. UU. a 10 años).,,Pendiente,
componentes/topic-page,topic-page,topics.currencies.audusd.seoText.left[7].title,ASSETS THAT INFLUENCE AUD/USD THE MOST,ACTIVOS QUE MÁS INFLUYEN EN EL AUD/USD,,Pendiente,
componentes/topic-page,topic-page,topics.currencies.eurgbp.seo.description,"Follow EUR/GBP news, technical and fundamental analysis, charts and forecasts from FXStreet experts.","Sigue las noticias, el análisis técnico y fundamental, los gráficos y las previsiones de EUR/GBP con los expertos de FXStreet.",,Pendiente,
componentes/topic-page,topic-page,topics.currencies.eurgbp.seo.keywords,"eurgbp, euro, pound, forex, analysis, news","eurgbp, euro, libra, forex, análisis, noticias",,Pendiente,
componentes/topic-page,topic-page,topics.currencies.eurgbp.seo.pageTitle,EUR/GBP Forecast and News,Previsión y noticias de EUR/GBP,,Pendiente,
componentes/topic-page,topic-page,topics.currencies.eurgbp.seo.socialImageUrl,https://editorial.fxstreet.com/images/Markets/Forex/EURGBP/eurgbp-chart_XtraSmall.jpg,https://editorial.fxstreet.com/images/Markets/Forex/EURGBP/eurgbp-chart_XtraSmall.jpg,,Pendiente,
componentes/topic-page,topic-page,topics.currencies.eurgbp.seo.title,"EUR/GBP Forecast, News and Analysis","Pronóstico, noticias y análisis de EUR/GBP",,Pendiente,
componentes/topic-page,topic-page,topics.currencies.eurgbp.seoText.left[0].paragraphs[0],"The EUR/GBP pair reflects how many British Pounds (GBP) are needed to purchase one Euro (EUR). As both currencies are considered high-yielding assets, the pair usually has limited daily volatility. Significant movements are usually triggered by major events such as central bank monetary policy announcements or political disruption.","El par EUR/GBP refleja la cantidad de Libras esterlinas (GBP) necesarias para comprar un Euro (EUR). Dado que ambas divisas se consideran activos de alto rendimiento, el par suele presentar una volatilidad diaria limitada. Las fluctuaciones significativas suelen estar provocadas por eventos importantes, como anuncios de política monetaria de bancos centrales o perturbaciones políticas.",,Pendiente,
componentes/topic-page,topic-page,topics.currencies.eurgbp.seoText.left[0].title,About EUR/GBP,Sobre el EUR/GBP,,Pendiente,
componentes/topic-page,topic-page,topics.currencies.eurgbp.seoText.left[1].title,Related pairs,Pares relacionados,,Pendiente,
componentes/topic-page,topic-page,topics.currencies.eurgbp.seoText.left[2].paragraphs[0].links.audusd,/currencies/audusd,/currencies/audusd,,Pendiente,
componentes/topic-page,topic-page,topics.currencies.eurgbp.seoText.left[2].paragraphs[0].links.eurusd,/currencies/eurusd,/currencies/eurusd,,Pendiente,
componentes/topic-page,topic-page,topics.currencies.eurgbp.seoText.left[2].paragraphs[0].links.usdcad,/currencies/usdcad,/currencies/usdcad,,Pendiente,
componentes/topic-page,topic-page,topics.currencies.eurgbp.seoText.left[2].paragraphs[0].text,"The <eurusd>EUR/USD</eurusd> (or Euro Dollar) currency pair belongs to the group of 'Majors', a term used to describe the most important currency pairs in the world. This group also includes GBP/USD, USD/JPY, <audusd>AUD/USD</audusd>, USD/CHF, NZD/USD and <usdcad>USD/CAD</usdcad>. The popularity of the Euro Dollar pair stems from its representation of two of the world's largest economies: the Eurozone and the United States.","El par <eurusd>EUR/USD</eurusd> (o Euro Dólar) pertenece al grupo de los 'Majors', término usado para describir los pares de divisas más importantes del mundo. Este grupo también incluye GBP/USD, USD/JPY, <audusd>AUD/USD</audusd>, USD/CHF, NZD/USD y <usdcad>USD/CAD</usdcad>. La popularidad del Euro Dólar se debe a que representa dos de las mayores economías del mundo: la Eurozona y Estados Unidos.",,Pendiente,
componentes/topic-page,topic-page,topics.currencies.eurgbp.seoText.left[2].paragraphs[1],"The EUR/USD is one of the most widely traded currency pairs in the Forex market, where the Euro serves as the base currency and the US Dollar as the counter currency. It accounts for more than half of the total trading volume in the Forex market, making gaps almost inexistent, let alone sudden reversals caused by breakaway gaps .","El EUR/USD es uno de los pares más negociados del mercado Forex, donde el Euro actúa como divisa base y el Dólar estadounidense como divisa de cotización. Representa más de la mitad del volumen total de negociación en el mercado Forex, por lo que los gaps son casi inexistentes, y más aún las reversiones repentinas causadas por breakaway gaps.",,Pendiente,
componentes/topic-page,topic-page,topics.currencies.eurgbp.seoText.left[2].paragraphs[2],"The EUR/USD is usually quiet during the Asian session, as economic data influencing the pair is usually released during the European or US sessions. Activity increases as European traders begin their day, leading to heightened trading volume . This activity slows around midday during the European lunch break but picks up again when US markets come online.","El EUR/USD suele estar tranquilo durante la sesión asiática, ya que los datos económicos que influyen en el par se publican normalmente en las sesiones europea o estadounidense. La actividad aumenta cuando los traders europeos empiezan el día, lo que eleva el volumen. Esa actividad se ralentiza hacia el mediodía durante la pausa del almuerzo europeo, pero se retoma cuando abren los mercados de EE. UU.",,Pendiente,
componentes/topic-page,topic-page,topics.currencies.eurgbp.seoText.left[2].title,EUR/USD,EUR/USD,,Pendiente,
componentes/topic-page,topic-page,topics.currencies.eurgbp.seoText.left[3].paragraphs[0],"The GBP/USD (or Pound Dollar) currency pair belongs to the group of 'Majors', referring to the most important and widely traded pairs in the world. The pair is also known as 'the Cable', a term originating in the mid-19th century that refers to the first transatlantic telegraph connecting Great Britain and the United States. As a closely watched and widely traded currency pair, it features the British Pound as the base currency and the US Dollar as the counter currency. For that reason, macroeconomic data from both the United States and the United Kingdom significantly impacts its price. One notable event that affected the volatility of the pair was Brexit.","El par GBP/USD (o Pound Dollar) pertenece al grupo de los 'Majors', es decir, a los pares más importantes y negociados del mundo. El par también se conoce como 'the Cable', un término del siglo XIX que alude al primer telégrafo transatlántico que conectó Gran Bretaña y Estados Unidos. Como par muy seguido y ampliamente negociado, tiene la Libra esterlina como divisa base y el Dólar estadounidense como divisa de cotización. Por ello, los datos macroeconómicos de Estados Unidos y del Reino Unido impactan de forma significativa en su precio. Un evento notable que afectó a la volatilidad del par fue el Brexit.",,Pendiente,
componentes/topic-page,topic-page,topics.currencies.eurgbp.seoText.left[3].title,GBP/USD,GBP/USD,,Pendiente,
componentes/topic-page,topic-page,topics.currencies.eurgbp.seoText.left[4].title,INFLUENTIAL INSTITUTIONS AND PEOPLE FOR THE EUR/GBP,INSTITUCIONES Y PERSONAS INFLUYENTES PARA EL EUR/GBP,,Pendiente,
componentes/topic-page,topic-page,topics.currencies.eurgbp.seoText.left[5].paragraphs[0],"<strong>The European Central Bank (ECB)</strong> is the central bank empowered to manage monetary policy for the Eurozone. With its beginnings in Germany in 1998, the ECB's mandate is to maintain price stability in the Eurozone, so that the Euro's (EUR) purchasing power is not eroded by inflation. As an entity independent of individual European Union countries and institutions, the ECB targets a year-on-year increase in consumer prices of 2% over the medium term. Another of its tasks is controlling the money supply. This involves, for instance, setting interest rates throughout the Eurozone. The European Central Bank's work is organized via the following decision-making bodies: the Executive Board, the Governing Council and the General Council. <strong>Christine Lagarde</strong> has been the President of the ECB since November 1, 2019. Her speeches, statements and comments are an important source of volatility, especially for the Euro and the currencies traded against the European currency.","El <strong>Banco Central Europeo (BCE)</strong> es el banco central encargado de gestionar la política monetaria de la Eurozona. Con orígenes en Alemania en 1998, el mandato del BCE es mantener la estabilidad de precios en la Eurozona, de modo que el poder adquisitivo del Euro (EUR) no se erosione por la inflación. Como entidad independiente de los países e instituciones individuales de la Unión Europea, el BCE tiene como objetivo un aumento interanual de los precios al consumo del 2% a medio plazo. Otra de sus tareas es controlar la oferta monetaria. Esto implica, por ejemplo, fijar los tipos de interés en toda la Eurozona. El trabajo del Banco Central Europeo se organiza a través de los siguientes órganos de decisión: el Comité Ejecutivo, el Consejo de Gobierno y el Consejo General. <strong>Christine Lagarde</strong> es presidenta del BCE desde el 1 de noviembre de 2019. Sus discursos, declaraciones y comentarios son una fuente importante de volatilidad, especialmente para el Euro y las divisas que se negocian frente a la moneda europea.",,Pendiente,
componentes/topic-page,topic-page,topics.currencies.eurgbp.seoText.left[5].paragraphs[1].links.website,http://www.ecb.europa.eu/home/html/index.en.html,http://www.ecb.europa.eu/home/html/index.en.html,,Pendiente,
componentes/topic-page,topic-page,topics.currencies.eurgbp.seoText.left[5].paragraphs[1].links.x,https://twitter.com/ecb,https://twitter.com/ecb,,Pendiente,
componentes/topic-page,topic-page,topics.currencies.eurgbp.seoText.left[5].paragraphs[1].links.youtube,https://www.youtube.com/user/ecbeuro,https://www.youtube.com/user/ecbeuro,,Pendiente,
componentes/topic-page,topic-page,topics.currencies.eurgbp.seoText.left[5].paragraphs[1].text,"<website>ECB official website</website>, on <x>X</x> and <youtube>YouTube</youtube>","<website>Sitio oficial del BCE</website>, en <x>X</x> y <youtube>YouTube</youtube>",,Pendiente,
componentes/topic-page,topic-page,topics.currencies.eurgbp.seoText.left[5].title,The European Central Bank (ECB),El Banco Central Europeo (BCE),,Pendiente,
componentes/topic-page,topic-page,topics.currencies.eurgbp.seoText.left[6].paragraphs[0],"<strong>The Bank of England (BoE)</strong> is the central bank of the United Kingdom (UK). Known as 'The old lady of Threadneedle Street', is responsible for maintaining the UK's economic stability. It operates monetary policy by adjusting the Bank Rate and, in certain circumstances, supplements this with measures such as quantitative easing. <strong>Andrew Bailey</strong> has been the Governor of the BoE since March 2020 and his appointment ends on March 2028.","El <strong>Banco de Inglaterra (BoE)</strong> es el banco central del Reino Unido (UK). Conocido como 'The old lady of Threadneedle Street', es responsable de mantener la estabilidad económica del Reino Unido. Opera la política monetaria ajustando el Bank Rate y, en determinadas circunstancias, la complementa con medidas como la expansión cuantitativa. <strong>Andrew Bailey</strong> es gobernador del BoE desde marzo de 2020 y su mandato termina en marzo de 2028.",,Pendiente,
componentes/topic-page,topic-page,topics.currencies.eurgbp.seoText.left[6].paragraphs[1].links.facebook,https://www.facebook.com/bankofengland.co.uk/,https://www.facebook.com/bankofengland.co.uk/,,Pendiente,
componentes/topic-page,topic-page,topics.currencies.eurgbp.seoText.left[6].paragraphs[1].links.website,http://www.bankofengland.co.uk/Pages/home.aspx,http://www.bankofengland.co.uk/Pages/home.aspx,,Pendiente,
componentes/topic-page,topic-page,topics.currencies.eurgbp.seoText.left[6].paragraphs[1].links.x,https://twitter.com/bankofengland,https://twitter.com/bankofengland,,Pendiente,
componentes/topic-page,topic-page,topics.currencies.eurgbp.seoText.left[6].paragraphs[1].text,"<website>BoE official website</website>, on <x>X</x> and <facebook>Facebook</facebook>","<website>Sitio oficial del BoE</website>, en <x>X</x> y <facebook>Facebook</facebook>",,Pendiente,
componentes/topic-page,topic-page,topics.currencies.eurgbp.seoText.left[6].title,The Bank of England (BoE),El Banco de Inglaterra (BoE),,Pendiente,
componentes/topic-page,topic-page,topics.currencies.eurgbp.seoText.left[7].paragraphs[0],"Christine Lagarde became President of the European Central Bank (ECB) on November 1, 2019. Prior to that, she served as Chairman and Managing Director of the International Monetary Fund (IMF) between 2011 and 2019. Lagarde previously held various senior ministerial posts in the Government of France: she was Minister of the Economy, Finance and Industry (2007-2011), Minister of Agriculture and Fishing (2007) and Minister of Commerce (2005-2007).","Christine Lagarde se convirtió en presidenta del Banco Central Europeo (BCE) el 1 de noviembre de 2019. Antes de eso, fue presidenta y directora gerente del Fondo Monetario Internacional (FMI) entre 2011 y 2019. Lagarde ocupó previamente varios cargos ministeriales de alto nivel en el Gobierno de Francia: fue ministra de Economía, Finanzas e Industria (2007-2011), ministra de Agricultura y Pesca (2007) y ministra de Comercio (2005-2007).",,Pendiente,
componentes/topic-page,topic-page,topics.currencies.eurgbp.seoText.left[7].paragraphs[1].links.ecb,https://www.ecb.europa.eu/ecb/decisions/html/cvlagarde.en.html#other,https://www.ecb.europa.eu/ecb/decisions/html/cvlagarde.en.html#other,,Pendiente,
componentes/topic-page,topic-page,topics.currencies.eurgbp.seoText.left[7].paragraphs[1].links.wikipedia,https://en.wikipedia.org/wiki/Christine_Lagarde,https://en.wikipedia.org/wiki/Christine_Lagarde,,Pendiente,
componentes/topic-page,topic-page,topics.currencies.eurgbp.seoText.left[7].paragraphs[1].text,Lagarde on <ecb>ECB's profile</ecb> and <wikipedia>Wikipedia</wikipedia>,Lagarde en el <ecb>perfil del BCE</ecb> y en <wikipedia>Wikipedia</wikipedia>,,Pendiente,
componentes/topic-page,topic-page,topics.currencies.eurgbp.seoText.left[7].title,Christine Lagarde,Christine Lagarde,,Pendiente,
componentes/topic-page,topic-page,topics.currencies.eurgbp.seoText.left[8].paragraphs[0],"Andrew Bailey has been the Governor of the BoE since March 2020 and his appointment ends on March 2028. Previously, he served in the BoJ as its Chief Cashier, Deputy Governor for Prudential Regulation and Chief Executive of the Financial Conduct Authority.","Andrew Bailey es gobernador del BoE desde marzo de 2020 y su mandato termina en marzo de 2028. Anteriormente, sirvió en el BoJ como Chief Cashier, Deputy Governor for Prudential Regulation y Chief Executive de la Financial Conduct Authority.",,Pendiente,
componentes/topic-page,topic-page,topics.currencies.eurgbp.seoText.left[8].paragraphs[1].links.boe,https://www.bankofengland.co.uk/about/people/andrew-bailey/biography,https://www.bankofengland.co.uk/about/people/andrew-bailey/biography,,Pendiente,
componentes/topic-page,topic-page,topics.currencies.eurgbp.seoText.left[8].paragraphs[1].links.wikipedia,https://en.wikipedia.org/wiki/Andrew_Bailey_(banker),https://en.wikipedia.org/wiki/Andrew_Bailey_(banker),,Pendiente,
componentes/topic-page,topic-page,topics.currencies.eurgbp.seoText.left[8].paragraphs[1].text,Bailey on <boe>BoE's profile</boe> and <wikipedia>Wikipedia</wikipedia>,Bailey en el <boe>perfil del BoE</boe> y en <wikipedia>Wikipedia</wikipedia>,,Pendiente,
componentes/topic-page,topic-page,topics.currencies.eurgbp.seoText.left[8].title,Andrew Bailey,Andrew Bailey,,Pendiente,
componentes/topic-page,topic-page,topics.currencies.eurusd.seo.description,"Follow EUR/USD news, technical and fundamental analysis, charts and forecasts from FXStreet experts.","Sigue las noticias, el análisis técnico y fundamental, los gráficos y las previsiones de EUR/USD con los expertos de FXStreet.",,Pendiente,
componentes/topic-page,topic-page,topics.currencies.eurusd.seo.keywords,"eurusd, euro, dollar, forex, analysis, news","eurusd, euro, dólar, forex, análisis, noticias",,Pendiente,
componentes/topic-page,topic-page,topics.currencies.eurusd.seo.pageTitle,EUR/USD Forecast and News,Previsión y noticias de EUR/USD,,Pendiente,
componentes/topic-page,topic-page,topics.currencies.eurusd.seo.socialImageUrl,https://editorial.fxstreet.com/images/Markets/Forex/EURUSD/eurusd-chart_XtraSmall.jpg,https://editorial.fxstreet.com/images/Markets/Forex/EURUSD/eurusd-chart_XtraSmall.jpg,,Pendiente,
componentes/topic-page,topic-page,topics.currencies.eurusd.seo.title,"EUR/USD Forecast, News and Analysis","Pronóstico, noticias y análisis de EUR/USD",,Pendiente,
componentes/topic-page,topic-page,topics.currencies.eurusd.seoText.left[0].paragraphs[0].links.audusd,/currencies/audusd,/currencies/audusd,,Pendiente,
componentes/topic-page,topic-page,topics.currencies.eurusd.seoText.left[0].paragraphs[0].links.eurusd,/currencies/eurusd,/currencies/eurusd,,Pendiente,
componentes/topic-page,topic-page,topics.currencies.eurusd.seoText.left[0].paragraphs[0].links.usdcad,/currencies/usdcad,/currencies/usdcad,,Pendiente,
componentes/topic-page,topic-page,topics.currencies.eurusd.seoText.left[0].paragraphs[0].text,"The <eurusd>EUR/USD</eurusd> (or Euro Dollar) currency pair belongs to the group of 'Majors', a term used t o describe the most important currency pairs in the world. This group also includes GBP/USD, USD/JPY, <audusd>AUD/USD</audusd>, USD/CHF, NZD/USD and <usdcad>USD/CAD</usdcad>. The popularity of the Euro Dollar pair stems from its representation of two of the world's largest economies: the Eurozone and the United States.","El <eurusd>EUR/USD</eurusd> (o Euro Dólar) pertenece al grupo de los 'Majors', un término usado para describir los pares de divisas más importantes del mundo. Este grupo también incluye GBP/USD, USD/JPY, <audusd>AUD/USD</audusd>, USD/CHF, NZD/USD y <usdcad>USD/CAD</usdcad>. La popularidad del Euro Dólar se debe a que representa dos de las mayores economías del mundo: la Eurozona y Estados Unidos.",,Pendiente,
componentes/topic-page,topic-page,topics.currencies.eurusd.seoText.left[0].paragraphs[1],"The EUR/USD is one of the most widely traded currency pairs in the Forex market, where the Euro serves as the base currency and the US Dollar as the counter currency. It accounts for more than half of the total trading volume in the Forex market, making gaps almost inexistent, let alone sudden reversals caused by breakaway gaps.","El EUR/USD es uno de los pares más negociados del mercado Forex, donde el Euro actúa como divisa base y el Dólar estadounidense como divisa de cotización. Representa más de la mitad del volumen total de negociación en el mercado Forex, por lo que los gaps son casi inexistentes, y más aún las reversiones repentinas causadas por breakaway gaps.",,Pendiente,
componentes/topic-page,topic-page,topics.currencies.eurusd.seoText.left[0].paragraphs[2],"The EUR/USD is usually quiet during the Asian session, as economic data influencing the pair is usually released during the European or US sessions. Activity increases as European traders begin their day, leading to heightened trading volume. This activity slows around midday during the European lunch break but picks up again when US markets come online.","El EUR/USD suele estar tranquilo durante la sesión asiática, ya que los datos económicos que influyen en el par se publican normalmente en las sesiones europea o estadounidense. La actividad aumenta cuando los traders europeos empiezan el día, lo que eleva el volumen. Esa actividad se ralentiza hacia el mediodía durante la pausa del almuerzo europeo, pero se retoma cuando abren los mercados de EE. UU.",,Pendiente,
componentes/topic-page,topic-page,topics.currencies.eurusd.seoText.left[0].title,About EUR/USD,Sobre el EUR/USD,,Pendiente,
componentes/topic-page,topic-page,topics.currencies.eurusd.seoText.left[1].title,Related pairs,Pares relacionados,,Pendiente,
componentes/topic-page,topic-page,topics.currencies.eurusd.seoText.left[2].paragraphs[0],"The GBP/USD (or Pound Dollar) currency pair belongs to the group of 'Majors', referring to the most important and widely traded pairs in the world. The pair is also known as ""the Cable"", a term originating in the mid-19th century that refers to the first transatlantic telegraph connecting Great Britain and the United States. As a closely watched and widely traded currency pair, it features the British Pound as the base currency and the US Dollar as the counter currency. For that reason, macroeconomic data from both the United States and the United Kingdom significantly impacts its price. One notable event that affected the volatility of the pair was Brexit.","El par GBP/USD (o Pound Dollar) pertenece al grupo de los 'Majors', es decir, a los pares más importantes y negociados del mundo. El par también se conoce como ""the Cable"", un término del siglo XIX que alude al primer telégrafo transatlántico que conectó Gran Bretaña y Estados Unidos. Como par muy seguido y ampliamente negociado, tiene la Libra esterlina como divisa base y el Dólar estadounidense como divisa de cotización. Por ello, los datos macroeconómicos de Estados Unidos y del Reino Unido impactan de forma significativa en su precio. Un evento notable que afectó a la volatilidad del par fue el Brexit.",,Pendiente,
componentes/topic-page,topic-page,topics.currencies.eurusd.seoText.left[2].title,GBP/USD,GBP/USD,,Pendiente,
componentes/topic-page,topic-page,topics.currencies.eurusd.seoText.left[3].paragraphs[0],"The USD/JPY (US Dollar Japanese Yen) currency pair is one of the 'Majors', a group of the most important currency pairs in the world. The Japanese Yen, known for its low interest rate, is frequently used in carry trades, making it one of the most traded currencies worldwide. In the USD/JPY pair, the US Dollar is the base currency and the Japanese Yen serves as the counter currency.","El par USD/JPY (Dólar estadounidense Yen japonés) es uno de los 'Majors', el grupo de los pares de divisas más importantes del mundo. El Yen japonés, conocido por su bajo tipo de interés, se usa con frecuencia en carry trades, lo que lo convierte en una de las divisas más negociadas del mundo. En el par USD/JPY, el Dólar estadounidense es la divisa base y el Yen japonés la divisa de cotización.",,Pendiente,
componentes/topic-page,topic-page,topics.currencies.eurusd.seoText.left[3].paragraphs[1],"Trading USD/JPY is also known as trading the ""ninja"" or the ""gopher"", although the latter nickname is more frequently associated with the GBP/JPY pair. USD/JPY usually has a positive correlation with other pairs like USD/CHF and USD/CAD, as all three use the US Dollar as the base currency. The value of the pair is often influenced by interest-rate differentials between the two central banks: the Federal Reserve (Fed) and the Bank of Japan (BoJ).","Operar USD/JPY también se conoce como operar el ""ninja"" o el ""gopher"", aunque este último apodo se asocia con más frecuencia al par GBP/JPY. El USD/JPY suele tener una correlación positiva con otros pares como USD/CHF y USD/CAD, ya que los tres usan el Dólar estadounidense como divisa base. El valor del par suele verse influido por los diferenciales de tipos de interés entre los dos bancos centrales: la Reserva Federal (Fed) y el Banco de Japón (BoJ).",,Pendiente,
componentes/topic-page,topic-page,topics.currencies.eurusd.seoText.left[3].title,USD/JPY,USD/JPY,,Pendiente,
componentes/topic-page,topic-page,topics.currencies.eurusd.seoText.left[4].title,Influential Institutions & People for the EUR/USD,Instituciones y personas influyentes para el EUR/USD,,Pendiente,
componentes/topic-page,topic-page,topics.currencies.eurusd.seoText.left[5].paragraphs[0],"The European Central Bank (ECB) is the central bank empowered to manage monetary policy for the Eurozone. With its beginnings in Germany in 1998, the ECB's mandate is to maintain price stability in the Eurozone, so that the Euro's (EUR) purchasing power is not eroded by inflation. As an entity independent of individual European Union countries and institutions, the ECB targets a year-on-year increase in consumer prices of 2% over the medium term. Another of its tasks is controlling the money supply. This involves, for instance, setting interest rates throughout the Eurozone. The European Central Bank's work is organized via the following decision-making bodies: the Executive Board, the Governing Council and the General Council. Christine Lagarde has been the President of the ECB since November 1, 2019. Her speeches, statements and comments are an important source of volatility, especially for the Euro and the currencies traded against the European currency.","El Banco Central Europeo (BCE) es el banco central encargado de gestionar la política monetaria de la Eurozona. Con orígenes en Alemania en 1998, el mandato del BCE es mantener la estabilidad de precios en la Eurozona, de modo que el poder adquisitivo del Euro (EUR) no se erosione por la inflación. Como entidad independiente de los países e instituciones individuales de la Unión Europea, el BCE tiene como objetivo un aumento interanual de los precios al consumo del 2% a medio plazo. Otra de sus tareas es controlar la oferta monetaria. Esto implica, por ejemplo, fijar los tipos de interés en toda la Eurozona. El trabajo del Banco Central Europeo se organiza a través de los siguientes órganos de decisión: el Comité Ejecutivo, el Consejo de Gobierno y el Consejo General. Christine Lagarde es presidenta del BCE desde el 1 de noviembre de 2019. Sus discursos, declaraciones y comentarios son una fuente importante de volatilidad, especialmente para el Euro y las divisas que se negocian frente a la moneda europea.",,Pendiente,
componentes/topic-page,topic-page,topics.currencies.eurusd.seoText.left[5].paragraphs[1].links.website,http://www.ecb.europa.eu/home/html/index.en.html,http://www.ecb.europa.eu/home/html/index.en.html,,Pendiente,
componentes/topic-page,topic-page,topics.currencies.eurusd.seoText.left[5].paragraphs[1].links.x,https://twitter.com/ecb,https://twitter.com/ecb,,Pendiente,
componentes/topic-page,topic-page,topics.currencies.eurusd.seoText.left[5].paragraphs[1].links.youtube,https://www.youtube.com/user/ecbeuro,https://www.youtube.com/user/ecbeuro,,Pendiente,
componentes/topic-page,topic-page,topics.currencies.eurusd.seoText.left[5].paragraphs[1].text,"<website>ECB official website</website>, on <x>X</x> and <youtube>YouTube</youtube>","<website>Sitio oficial del BCE</website>, en <x>X</x> y <youtube>YouTube</youtube>",,Pendiente,
componentes/topic-page,topic-page,topics.currencies.eurusd.seoText.left[5].title,The European Central Bank (ECB),El Banco Central Europeo (BCE),,Pendiente,
componentes/topic-page,topic-page,topics.currencies.eurusd.seoText.left[6].paragraphs[0],"The Federal Reserve (Fed) is the central bank of the United States (US) and it has two main targets: to maintain the unemployment rate at its lowest possible levels and to keep inflation around 2%. The Federal Reserve System's structure is composed of the presidentially appointed Board of Governors and the partially appointed Federal Open Market Committee (FOMC). The FOMC organizes eight scheduled meetings in a year to review economic and financial conditions. It also determines the appropriate stance of monetary policy and assesses the risks to its long-run goals of price stability and sustainable economic growth. The FOMC Minutes, which are released by the Board of Governors of the Federal Reserve weeks after the latest meeting, are a guide to the future US interest-rate policy.","La Reserva Federal (Fed) es el banco central de Estados Unidos (EE. UU.) y tiene dos objetivos principales: mantener la tasa de desempleo en los niveles más bajos posibles y la inflación en torno al 2%. La estructura del Sistema de la Reserva Federal está compuesta por la Junta de Gobernadores nombrada por el presidente y el Comité Federal de Mercado Abierto (FOMC), parcialmente nombrado. El FOMC organiza ocho reuniones programadas al año para revisar las condiciones económicas y financieras. También determina la postura adecuada de la política monetaria y evalúa los riesgos para sus objetivos a largo plazo de estabilidad de precios y crecimiento económico sostenible. Las actas del FOMC, que publica la Junta de Gobernadores de la Reserva Federal semanas después de la última reunión, son una guía de la futura política de tipos de interés de EE. UU.",,Pendiente,
componentes/topic-page,topic-page,topics.currencies.eurusd.seoText.left[6].paragraphs[1].links.facebook,https://www.facebook.com/federalreserve/,https://www.facebook.com/federalreserve/,,Pendiente,
componentes/topic-page,topic-page,topics.currencies.eurusd.seoText.left[6].paragraphs[1].links.website,https://www.federalreserve.gov/,https://www.federalreserve.gov/,,Pendiente,
componentes/topic-page,topic-page,topics.currencies.eurusd.seoText.left[6].paragraphs[1].links.x,https://twitter.com/federalreserve?ref_src%3Dtwsrc%255Egoogle%257Ctwcamp%255Eserp%257Ctwgr%255Eauthor,https://twitter.com/federalreserve?ref_src%3Dtwsrc%255Egoogle%257Ctwcamp%255Eserp%257Ctwgr%255Eauthor,,Pendiente,
componentes/topic-page,topic-page,topics.currencies.eurusd.seoText.left[6].paragraphs[1].text,"<website>Fed official website</website>, on <x>X</x> and <facebook>Facebook</facebook>","<website>Sitio oficial de la Fed</website>, en <x>X</x> y <facebook>Facebook</facebook>",,Pendiente,
componentes/topic-page,topic-page,topics.currencies.eurusd.seoText.left[6].title,The Federal Reserve (Fed),La Reserva Federal (Fed),,Pendiente,
componentes/topic-page,topic-page,topics.currencies.eurusd.seoText.left[7].paragraphs[0],"Christine Lagarde was born in 1956 in Paris, France. Lagarde, who graduated from Paris West University Nanterre La Défense, became President of the European Central Bank (ECB) on November 1, 2019. Prior to that, she served as Chairman and Managing Director of the International Monetary Fund (IMF) between 2011 and 2019. Lagarde previously held various senior ministerial posts in the Government of France: she was Minister of the Economy, Finance and Industry (2007-2011), Minister of Agriculture and Fishing (2007) and Minister of Commerce (2005-2007).","Christine Lagarde nació en 1956 en París, Francia. Lagarde, egresada de la Paris West University Nanterre La Défense, se convirtió en presidenta del Banco Central Europeo (BCE) el 1 de noviembre de 2019. Antes de eso, fue presidenta y directora gerente del Fondo Monetario Internacional (FMI) entre 2011 y 2019. Lagarde ocupó previamente varios cargos ministeriales de alto nivel en el Gobierno de Francia: fue ministra de Economía, Finanzas e Industria (2007-2011), ministra de Agricultura y Pesca (2007) y ministra de Comercio (2005-2007).",,Pendiente,
componentes/topic-page,topic-page,topics.currencies.eurusd.seoText.left[7].title,Christine Lagarde,Christine Lagarde,,Pendiente,
componentes/topic-page,topic-page,topics.currencies.eurusd.seoText.left[8].paragraphs[0],"Kevin Warsh took office as chairman of the Board of Governors of the Federal Reserve in May 2026, for a four-year term ending in 2030. His term as a member of the Board of Governors will expire in May 2040. Warsh, born in Albany (New York) on April 13, 1970, is an American financier and attorney who already served as a member of the Fed Board of Governors from 2006 to 2011 and was significantly involved in the central bank's response to the financial crisis. Before that, he served as a special assistant to the president for economic policy and the executive secretary of the National Economic Council under President George W. Bush.","Kevin Warsh asumió el cargo de presidente de la Junta de Gobernadores de la Reserva Federal en mayo de 2026, para un mandato de cuatro años que termina en 2030. Su mandato como miembro de la Junta de Gobernadores expirará en mayo de 2040. Warsh, nacido en Albany (Nueva York) el 13 de abril de 1970, es un financiero y abogado estadounidense que ya sirvió como miembro de la Junta de Gobernadores de la Fed de 2006 a 2011 y estuvo significativamente involucrado en la respuesta del banco central a la crisis financiera. Antes de eso, fue asistente especial del presidente para política económica y secretario ejecutivo del National Economic Council bajo el presidente George W. Bush.",,Pendiente,
componentes/topic-page,topic-page,topics.currencies.eurusd.seoText.left[8].title,Kevin Warsh,Kevin Warsh,,Pendiente,
componentes/topic-page,topic-page,topics.currencies.gbpusd.seo.description,"Follow GBP/USD news, technical and fundamental analysis, charts and forecasts from FXStreet experts.","Sigue las noticias, el análisis técnico y fundamental, los gráficos y las previsiones de GBP/USD con los expertos de FXStreet.",,Pendiente,
componentes/topic-page,topic-page,topics.currencies.gbpusd.seo.keywords,"gbpusd, pound, cable, forex, analysis, news","gbpusd, libra, cable, forex, análisis, noticias",,Pendiente,
componentes/topic-page,topic-page,topics.currencies.gbpusd.seo.pageTitle,GBP/USD Forecast and News,Previsión y noticias de GBP/USD,,Pendiente,
componentes/topic-page,topic-page,topics.currencies.gbpusd.seo.socialImageUrl,https://editorial.fxstreet.com/images/Markets/Forex/GBPUSD/gbpusd-chart_XtraSmall.jpg,https://editorial.fxstreet.com/images/Markets/Forex/GBPUSD/gbpusd-chart_XtraSmall.jpg,,Pendiente,
componentes/topic-page,topic-page,topics.currencies.gbpusd.seo.title,"GBP/USD Forecast, News and Analysis","Pronóstico, noticias y análisis de GBP/USD",,Pendiente,
componentes/topic-page,topic-page,topics.currencies.gbpusd.seoText.left[0].paragraphs[0],"The GBP/USD (or Pound Dollar) currency pair belongs to the group of 'Majors', referring to the most important and widely traded pairs in the world. The pair is also known as ""the Cable"", a term originating in the mid-19th century that refers to the first transatlantic telegraph connecting Great Britain and the United States.","El par GBP/USD (o Pound Dollar) pertenece al grupo de los 'Majors', es decir, a los pares más importantes y negociados del mundo. El par también se conoce como ""the Cable"", un término del siglo XIX que alude al primer telégrafo transatlántico que conectó Gran Bretaña y Estados Unidos.",,Pendiente,
componentes/topic-page,topic-page,topics.currencies.gbpusd.seoText.left[0].paragraphs[1],"As a closely watched and widely traded currency pair, it features the British Pound as the base currency and the US Dollar as the counter currency. For that reason, macroeconomic data from both the United States and the United Kingdom significantly impacts its price. One notable event that affected the volatility of the pair was Brexit.","Como par muy seguido y ampliamente negociado, tiene la Libra esterlina como divisa base y el Dólar estadounidense como divisa de cotización. Por ello, los datos macroeconómicos de Estados Unidos y del Reino Unido impactan de forma significativa en su precio. Un evento notable que afectó a la volatilidad del par fue el Brexit.",,Pendiente,
componentes/topic-page,topic-page,topics.currencies.gbpusd.seoText.left[0].title,About GBP/USD,Sobre el GBP/USD,,Pendiente,
componentes/topic-page,topic-page,topics.currencies.gbpusd.seoText.left[1].title,Related pairs,Pares relacionados,,Pendiente,
componentes/topic-page,topic-page,topics.currencies.gbpusd.seoText.left[2].paragraphs[0].linkPath,/currencies/eurusd,/currencies/eurusd,,Pendiente,
componentes/topic-page,topic-page,topics.currencies.gbpusd.seoText.left[2].paragraphs[0].text,"The <link>EUR/USD</link> is one of the most widely traded currency pairs in the Forex market, where the Euro serves as the base currency and the US Dollar as the counter currency. It accounts for more than half of the total trading volume in the Forex market, making gaps almost inexistent, let alone sudden reversals caused by breakaway gaps.","El <link>EUR/USD</link> es uno de los pares más negociados del mercado Forex, donde el Euro actúa como divisa base y el Dólar estadounidense como divisa de cotización. Representa más de la mitad del volumen total de negociación en el mercado Forex, por lo que los gaps son casi inexistentes, y más aún las reversiones repentinas causadas por breakaway gaps.",,Pendiente,
componentes/topic-page,topic-page,topics.currencies.gbpusd.seoText.left[2].paragraphs[1],"The EUR/USD is usually quiet during the Asian session, as economic data influencing the pair is usually released during the European or US sessions. Activity increases as European traders begin their day, leading to heightened trading volume. This activity slows around midday during the European lunch break but picks up again when US markets come online.","El EUR/USD suele estar tranquilo durante la sesión asiática, ya que los datos económicos que influyen en el par se publican normalmente en las sesiones europea o estadounidense. La actividad aumenta cuando los traders europeos empiezan el día, lo que eleva el volumen. Esa actividad se ralentiza hacia el mediodía durante la pausa del almuerzo europeo, pero se retoma cuando abren los mercados de EE. UU.",,Pendiente,
componentes/topic-page,topic-page,topics.currencies.gbpusd.seoText.left[2].title,EUR/USD,EUR/USD,,Pendiente,
componentes/topic-page,topic-page,topics.currencies.gbpusd.seoText.left[3].paragraphs[0].linkPath,/currencies/usdjpy,/currencies/usdjpy,,Pendiente,
componentes/topic-page,topic-page,topics.currencies.gbpusd.seoText.left[3].paragraphs[0].text,"The <link>USD/JPY</link> (US Dollar Japanese Yen) currency pair is one of the 'Majors', a group of the most important currency pairs in the world. The Japanese Yen, known for its low interest rate, is frequently used in carry trades, making it one of the most traded currencies worldwide. In the USD/JPY pair, the US Dollar is the base currency and the Japanese Yen serves as the counter currency.","El <link>USD/JPY</link> (Dólar estadounidense Yen japonés) es uno de los 'Majors', el grupo de los pares de divisas más importantes del mundo. El Yen japonés, conocido por su bajo tipo de interés, se usa con frecuencia en carry trades, lo que lo convierte en una de las divisas más negociadas del mundo. En el par USD/JPY, el Dólar estadounidense es la divisa base y el Yen japonés la divisa de cotización.",,Pendiente,
componentes/topic-page,topic-page,topics.currencies.gbpusd.seoText.left[3].paragraphs[1],"Trading USD/JPY is also known as trading the ""ninja"" or the ""gopher"", although the latter nickname is more frequently associated with the GBP/JPY pair. USD/JPY usually has a positive correlation with other pairs like USD/CHF and USD/CAD, as all three use the US Dollar as the base currency. The value of the pair is often influenced by interest-rate differentials between the two central banks: the Federal Reserve (Fed) and the Bank of Japan (BoJ).","Operar USD/JPY también se conoce como operar el ""ninja"" o el ""gopher"", aunque este último apodo se asocia con más frecuencia al par GBP/JPY. El USD/JPY suele tener una correlación positiva con otros pares como USD/CHF y USD/CAD, ya que los tres usan el Dólar estadounidense como divisa base. El valor del par suele verse influido por los diferenciales de tipos de interés entre los dos bancos centrales: la Reserva Federal (Fed) y el Banco de Japón (BoJ).",,Pendiente,
componentes/topic-page,topic-page,topics.currencies.gbpusd.seoText.left[3].title,USD/JPY,USD/JPY,,Pendiente,
componentes/topic-page,topic-page,topics.currencies.gbpusd.seoText.left[4].paragraphs[0],The Pound VS Dollar can be seriously affected by news or the decisions taken by two main central banks:,La Libra frente al Dólar puede verse seriamente afectada por las noticias o las decisiones de dos bancos centrales principales:,,Pendiente,
componentes/topic-page,topic-page,topics.currencies.gbpusd.seoText.left[4].title,Influential Institutions & People for the GBP/USD,Instituciones y personas influyentes para el GBP/USD,,Pendiente,
componentes/topic-page,topic-page,topics.currencies.gbpusd.seoText.left[5].paragraphs[0],"Founded in 1694, the Bank of England (BoE) is the central bank of the United Kingdom (UK). Known as 'The old lady of Threadneedle Street', the bank's mission is ""to promote the good of the people of the United Kingdom by maintaining monetary and financial stability"".","Fundado en 1694, el Banco de Inglaterra (BoE) es el banco central del Reino Unido (UK). Conocido como 'The old lady of Threadneedle Street', la misión del banco es ""promover el bien del pueblo del Reino Unido manteniendo la estabilidad monetaria y financiera"".",,Pendiente,
componentes/topic-page,topic-page,topics.currencies.gbpusd.seoText.left[5].paragraphs[1],"The Bank of England is responsible for maintaining the UK's economic stability. It operates monetary policy by adjusting the Bank Rate and, in certain circumstances, supplements this with measures such as quantitative easing.","El Banco de Inglaterra es responsable de mantener la estabilidad económica del Reino Unido. Opera la política monetaria ajustando el Bank Rate y, en determinadas circunstancias, la complementa con medidas como la expansión cuantitativa.",,Pendiente,
componentes/topic-page,topic-page,topics.currencies.gbpusd.seoText.left[5].paragraphs[2],"The Bank of England decides monetary policy for the United Kingdom. Its primary goal is to achieve a steady inflation rate of 2%. Its tool for achieving this is via the adjustment of base lending rates. The BoE sets the rate at which it lends to commercial banks and banks lend to each other, determining the level of interest rates in the economy overall. This also impacts the value of the Pound Sterling (GBP).","El Banco de Inglaterra decide la política monetaria del Reino Unido. Su objetivo principal es lograr una tasa de inflación estable del 2%. Su herramienta para conseguirlo es el ajuste de los tipos de interés base. El BoE fija el tipo al que presta a los bancos comerciales y al que los bancos se prestan entre sí, determinando el nivel de tipos de interés de la economía en conjunto. Esto también impacta en el valor de la Libra esterlina (GBP).",,Pendiente,
componentes/topic-page,topic-page,topics.currencies.gbpusd.seoText.left[5].paragraphs[3].links.website,http://www.bankofengland.co.uk/Pages/home.aspx,http://www.bankofengland.co.uk/Pages/home.aspx,,Pendiente,
componentes/topic-page,topic-page,topics.currencies.gbpusd.seoText.left[5].paragraphs[3].links.x,https://twitter.com/bankofengland,https://twitter.com/bankofengland,,Pendiente,
componentes/topic-page,topic-page,topics.currencies.gbpusd.seoText.left[5].paragraphs[3].links.youtube,https://www.youtube.com/user/bankofenglanduk,https://www.youtube.com/user/bankofenglanduk,,Pendiente,
componentes/topic-page,topic-page,topics.currencies.gbpusd.seoText.left[5].paragraphs[3].text,"The <website>official website</website>, on <x>X</x> and <youtube>YouTube</youtube>","El <website>sitio oficial</website>, en <x>X</x> y <youtube>YouTube</youtube>",,Pendiente,
componentes/topic-page,topic-page,topics.currencies.gbpusd.seoText.left[5].title,The Bank of England (BoE),El Banco de Inglaterra (BoE),,Pendiente,
componentes/topic-page,topic-page,topics.currencies.gbpusd.seoText.left[6].paragraphs[0],"The Federal Reserve (Fed) is the central bank of the United States (US) and it has two main targets: to maintain the unemployment rate at its lowest possible levels and to keep inflation around 2%. The Federal Reserve System's structure is composed of the presidentially appointed Board of Governors and the partially appointed Federal Open Market Committee (FOMC). The FOMC organizes eight scheduled meetings in a year to review economic and financial conditions. It also determines the appropriate stance of monetary policy and assesses the risks to its long-run goals of price stability and sustainable economic growth. The FOMC Minutes, which are released by the Board of Governors of the Federal Reserve weeks after the latest meeting, are a guide to the future US interest-rate policy.","La Reserva Federal (Fed) es el banco central de Estados Unidos (EE. UU.) y tiene dos objetivos principales: mantener la tasa de desempleo en los niveles más bajos posibles y la inflación en torno al 2%. La estructura del Sistema de la Reserva Federal está compuesta por la Junta de Gobernadores nombrada por el presidente y el Comité Federal de Mercado Abierto (FOMC), parcialmente nombrado. El FOMC organiza ocho reuniones programadas al año para revisar las condiciones económicas y financieras. También determina la postura adecuada de la política monetaria y evalúa los riesgos para sus objetivos a largo plazo de estabilidad de precios y crecimiento económico sostenible. Las actas del FOMC, que publica la Junta de Gobernadores de la Reserva Federal semanas después de la última reunión, son una guía de la futura política de tipos de interés de EE. UU.",,Pendiente,
componentes/topic-page,topic-page,topics.currencies.gbpusd.seoText.left[6].paragraphs[1].links.facebook,https://www.facebook.com/federalreserve/,https://www.facebook.com/federalreserve/,,Pendiente,
componentes/topic-page,topic-page,topics.currencies.gbpusd.seoText.left[6].paragraphs[1].links.website,https://www.federalreserve.gov/,https://www.federalreserve.gov/,,Pendiente,
componentes/topic-page,topic-page,topics.currencies.gbpusd.seoText.left[6].paragraphs[1].links.x,https://twitter.com/federalreserve,https://twitter.com/federalreserve,,Pendiente,
componentes/topic-page,topic-page,topics.currencies.gbpusd.seoText.left[6].paragraphs[1].text,"<website>Fed official website</website>, on <x>X</x> and <facebook>Facebook</facebook>","<website>Sitio oficial de la Fed</website>, en <x>X</x> y <facebook>Facebook</facebook>",,Pendiente,
componentes/topic-page,topic-page,topics.currencies.gbpusd.seoText.left[6].title,The Federal Reserve (Fed),La Reserva Federal (Fed),,Pendiente,
componentes/topic-page,topic-page,topics.currencies.gbpusd.seoText.left[7].paragraphs[0],"Andrew Bailey has been the Governor of the BoE since March 2020 and his appointment ends on March 2028. Previously, he served in the BoJ as its Chief Cashier, Deputy Governor for Prudential Regulation and Chief Executive of the Financial Conduct Authority.","Andrew Bailey es gobernador del BoE desde marzo de 2020 y su mandato termina en marzo de 2028. Anteriormente, sirvió en el BoJ como Chief Cashier, Deputy Governor for Prudential Regulation y Chief Executive de la Financial Conduct Authority.",,Pendiente,
componentes/topic-page,topic-page,topics.currencies.gbpusd.seoText.left[7].title,Andrew Bailey,Andrew Bailey,,Pendiente,
componentes/topic-page,topic-page,topics.currencies.gbpusd.seoText.left[8].paragraphs[0],"Kevin Warsh took office as chairman of the Board of Governors of the Federal Reserve in May 2026, for a four-year term ending in 2030. His term as a member of the Board of Governors will expire in May 2040. Warsh, born in Albany (New York) on April 13, 1970, is an American financier and attorney who already served as a member of the Fed Board of Governors from 2006 to 2011 and was significantly involved in the central bank's response to the financial crisis. Before that, he served as a special assistant to the president for economic policy and the executive secretary of the National Economic Council under President George W. Bush.","Kevin Warsh asumió el cargo de presidente de la Junta de Gobernadores de la Reserva Federal en mayo de 2026, para un mandato de cuatro años que termina en 2030. Su mandato como miembro de la Junta de Gobernadores expirará en mayo de 2040. Warsh, nacido en Albany (Nueva York) el 13 de abril de 1970, es un financiero y abogado estadounidense que ya sirvió como miembro de la Junta de Gobernadores de la Fed de 2006 a 2011 y estuvo significativamente involucrado en la respuesta del banco central a la crisis financiera. Antes de eso, fue asistente especial del presidente para política económica y secretario ejecutivo del National Economic Council bajo el presidente George W. Bush.",,Pendiente,
componentes/topic-page,topic-page,topics.currencies.gbpusd.seoText.left[8].title,Kevin Warsh,Kevin Warsh,,Pendiente,
componentes/topic-page,topic-page,topics.currencies.nzdusd.seo.description,"Follow NZD/USD news, technical and fundamental analysis, charts and forecasts from FXStreet experts.","Sigue las noticias, el análisis técnico y fundamental, los gráficos y las previsiones de NZD/USD con los expertos de FXStreet.",,Pendiente,
componentes/topic-page,topic-page,topics.currencies.nzdusd.seo.keywords,"nzdusd, kiwi, forex, analysis, news","nzdusd, kiwi, forex, análisis, noticias",,Pendiente,
componentes/topic-page,topic-page,topics.currencies.nzdusd.seo.pageTitle,NZD/USD Forecast and News,Previsión y noticias de NZD/USD,,Pendiente,
componentes/topic-page,topic-page,topics.currencies.nzdusd.seo.socialImageUrl,https://editorial.fxstreet.com/images/Markets/Forex/NZDUSD/nzdusd-chart_XtraSmall.jpg,https://editorial.fxstreet.com/images/Markets/Forex/NZDUSD/nzdusd-chart_XtraSmall.jpg,,Pendiente,
componentes/topic-page,topic-page,topics.currencies.nzdusd.seo.title,"NZD/USD Forecast, News and Analysis","Pronóstico, noticias y análisis de NZD/USD",,Pendiente,
componentes/topic-page,topic-page,topics.currencies.nzdusd.seoText.left[0].paragraphs[0],"The pair indicates how many US Dollars (USD) are required to purchase one New Zealand Dollar (NZD). Often seen as a minor currency, its relevance stems from New Zealand's strong commercial ties with its neighbor, Australia, and China. The New Zealand Dollar is commonly referred to as 'the Kiwi', named after the bird that symbolizes New Zealand.","El par indica cuántos Dólares estadounidenses (USD) se necesitan para comprar un Dólar neozelandés (NZD). A menudo considerada una moneda menor, su relevancia se debe a los fuertes lazos comerciales de Nueva Zelanda con su país vecino, Australia, y con China. El Dólar neozelandés se conoce comúnmente como «el kiwi», por el nombre del ave que simboliza Nueva Zelanda.",,Pendiente,
componentes/topic-page,topic-page,topics.currencies.nzdusd.seoText.left[0].title,About NZD/USD,Sobre el NZD/USD,,Pendiente,
componentes/topic-page,topic-page,topics.currencies.nzdusd.seoText.left[1].title,INFLUENTIAL INSTITUTIONS AND PEOPLE FOR THE NZD/USD,INSTITUCIONES Y PERSONAS INFLUYENTES PARA EL NZD/USD,,Pendiente,
componentes/topic-page,topic-page,topics.currencies.nzdusd.seoText.left[2].paragraphs[0],"The Reserve Bank of New Zealand (RBNZ) is New Zealand's central bank. Its primary role is to ""give people, communities and businesses the confidence to spend, borrow and save money"" by maintaining a sound and efficient monetary and financial system. The RBNZ achieves this by managing inflation to keep prices stable, regulating banks and finance companies, producing New Zealand's banknotes and coins and operating effective wholesale payment and settlement systems.","El Reserve Bank of New Zealand (RBNZ) es el banco central de Nueva Zelanda. Su función principal es «dar a las personas, comunidades y empresas la confianza para gastar, pedir prestado y ahorrar dinero» manteniendo un sistema monetario y financiero sólido y eficiente. El RBNZ lo logra gestionando la inflación para mantener los precios estables, regulando bancos y compañías financieras, produciendo los billetes y monedas de Nueva Zelanda y operando sistemas mayoristas de pago y liquidación eficaces.",,Pendiente,
componentes/topic-page,topic-page,topics.currencies.nzdusd.seoText.left[2].paragraphs[1].links.website,https://www.rbnz.govt.nz/,https://www.rbnz.govt.nz/,,Pendiente,
componentes/topic-page,topic-page,topics.currencies.nzdusd.seoText.left[2].paragraphs[1].links.x,https://twitter.com/reservebankofnz,https://twitter.com/reservebankofnz,,Pendiente,
componentes/topic-page,topic-page,topics.currencies.nzdusd.seoText.left[2].paragraphs[1].links.youtube,https://www.youtube.com/user/reservebankofnz,https://www.youtube.com/user/reservebankofnz,,Pendiente,
componentes/topic-page,topic-page,topics.currencies.nzdusd.seoText.left[2].paragraphs[1].text,"The <website>official website</website>, on <x>X</x> and <youtube>YouTube</youtube>","El <website>sitio oficial</website>, en <x>X</x> y <youtube>YouTube</youtube>",,Pendiente,
componentes/topic-page,topic-page,topics.currencies.nzdusd.seoText.left[2].title,The Reserve Bank of New Zealand (RBNZ),El Reserve Bank of New Zealand (RBNZ),,Pendiente,
componentes/topic-page,topic-page,topics.currencies.nzdusd.seoText.left[3].paragraphs[0],The Federal Reserve (Fed) is the central bank of the United States (US) and it has two main targets: to maintain the unemployment rate at its lowest possible levels and to keep inflation around 2%. The Federal Reserve System's structure is composed of the presidentially appointed Board of Governors and the partially appointed Federal Open Market Committee (FOMC). The FOMC organizes eight scheduled meetings in a year to review economic and financial conditions. It also determines the appropriate stance of monetary policy and assesses the risks to its long-run goals of price stability and sustainable economic growth.,"La Reserva Federal (Fed) es el banco central de Estados Unidos (EE. UU.) y tiene dos objetivos principales: mantener la tasa de desempleo en los niveles más bajos posibles y la inflación en torno al 2%. La estructura del Sistema de la Reserva Federal está compuesta por la Junta de Gobernadores nombrada por el presidente y el Comité Federal de Mercado Abierto (FOMC), parcialmente nombrado. El FOMC organiza ocho reuniones programadas al año para revisar las condiciones económicas y financieras. También determina la postura adecuada de la política monetaria y evalúa los riesgos para sus objetivos a largo plazo de estabilidad de precios y crecimiento económico sostenible.",,Pendiente,
componentes/topic-page,topic-page,topics.currencies.nzdusd.seoText.left[3].paragraphs[1].links.facebook,https://www.facebook.com/federalreserve/,https://www.facebook.com/federalreserve/,,Pendiente,
componentes/topic-page,topic-page,topics.currencies.nzdusd.seoText.left[3].paragraphs[1].links.website,https://www.federalreserve.gov/,https://www.federalreserve.gov/,,Pendiente,
componentes/topic-page,topic-page,topics.currencies.nzdusd.seoText.left[3].paragraphs[1].links.x,https://twitter.com/federalreserve?ref_src%3Dtwsrc%255Egoogle%257Ctwcamp%255Eserp%257Ctwgr%255Eauthor,https://twitter.com/federalreserve?ref_src%3Dtwsrc%255Egoogle%257Ctwcamp%255Eserp%257Ctwgr%255Eauthor,,Pendiente,
componentes/topic-page,topic-page,topics.currencies.nzdusd.seoText.left[3].paragraphs[1].text,"<website>Fed official website</website>, on <x>X</x> and <facebook>Facebook</facebook>","<website>Sitio oficial de la Fed</website>, en <x>X</x> y <facebook>Facebook</facebook>",,Pendiente,
componentes/topic-page,topic-page,topics.currencies.nzdusd.seoText.left[3].title,The Federal Reserve (Fed),La Reserva Federal (Fed),,Pendiente,
componentes/topic-page,topic-page,topics.currencies.nzdusd.seoText.left[4].paragraphs[0],Anna Breman was appointed as Reserve Bank of New Zealand's Governor in December 2025 for a five-year term ending in November 2030. Breman had previously served as First Deputy Governor of the central bank of Sweden (Riksbank). She holds a PhD in Economics from the Stockholm School of Economics and has previously served as the group chief economist and global head of macro research at Swedbank. She has also worked at the Swedish Ministry of Finance and at the World Bank.,Anna Breman fue nombrada gobernadora del Reserve Bank of New Zealand en diciembre de 2025 para un mandato de cinco años que termina en noviembre de 2030. Breman había sido previamente primera subgobernadora del banco central de Suecia (Riksbank). Tiene un doctorado en Economía por la Stockholm School of Economics y fue group chief economist y global head of macro research en Swedbank. También ha trabajado en el Ministerio de Finanzas de Suecia y en el Banco Mundial.,,Pendiente,
componentes/topic-page,topic-page,topics.currencies.nzdusd.seoText.left[4].title,RBNZ Governor Anna Breman,Gobernadora del RBNZ Anna Breman,,Pendiente,
componentes/topic-page,topic-page,topics.currencies.nzdusd.seoText.left[5].paragraphs[0].linkPath,https://www.federalreserve.gov/aboutthefed/bios/board/powell.htm,https://www.federalreserve.gov/aboutthefed/bios/board/powell.htm,,Pendiente,
componentes/topic-page,topic-page,topics.currencies.nzdusd.seoText.left[5].paragraphs[0].text,"<link>Jerome Powell</link> took office as chairman of the Board of Governors of the Federal Reserve System in February 2018, for a four-year term ending in February 2022. His term as a member of the Board of Governors will expire on January 31, 2028. Born in Washington D.C., he received a bachelor's degree in politics from Princeton University in 1975 and earned a law degree from Georgetown University in 1979. Powell served as an assistant secretary and as undersecretary of the Treasury under President George H.W. Bush. He also worked as a lawyer and investment banker in New York City. From 1997 through 2005, Powell was a partner at The Carlyle Group.","<link>Jerome Powell</link> asumió el cargo de presidente de la Junta de Gobernadores del Sistema de la Reserva Federal en febrero de 2018, para un mandato de cuatro años que terminó en febrero de 2022. Su mandato como miembro de la Junta de Gobernadores expirará el 31 de enero de 2028. Nacido en Washington D. C., recibió una licenciatura en política por Princeton University en 1975 y un título de derecho por Georgetown University en 1979. Powell fue assistant secretary y undersecretary of the Treasury bajo el presidente George H.W. Bush. También trabajó como abogado y banquero de inversión en Nueva York. De 1997 a 2005, Powell fue socio de The Carlyle Group.",,Pendiente,
componentes/topic-page,topic-page,topics.currencies.nzdusd.seoText.left[5].title,Fed Chairman Jerome Powell,Presidente de la Fed Jerome Powell,,Pendiente,
componentes/topic-page,topic-page,topics.currencies.us-dollar-index.seo.description,"Follow US Dollar Index news, technical and fundamental analysis, charts and forecasts from FXStreet experts.","Sigue las noticias, el análisis técnico y fundamental, los gráficos y las previsiones del índice del dólar con los expertos de FXStreet.",,Pendiente,
componentes/topic-page,topic-page,topics.currencies.us-dollar-index.seo.keywords,"dollar index, dxy, usd, forex, analysis, news","índice dólar, dxy, usd, forex, análisis, noticias",,Pendiente,
componentes/topic-page,topic-page,topics.currencies.us-dollar-index.seo.pageTitle,US Dollar Index Forecast and News,Previsión y noticias del índice del dólar,,Pendiente,
componentes/topic-page,topic-page,topics.currencies.us-dollar-index.seo.socialImageUrl,https://editorial.fxstreet.com/images/Markets/Forex/DXY/dxy-chart_XtraSmall.jpg,https://editorial.fxstreet.com/images/Markets/Forex/DXY/dxy-chart_XtraSmall.jpg,,Pendiente,
componentes/topic-page,topic-page,topics.currencies.us-dollar-index.seo.title,"US Dollar Index Forecast, News and Analysis","Pronóstico, noticias y análisis del índice del dólar",,Pendiente,
componentes/topic-page,topic-page,topics.currencies.us-dollar-index.seoText.left[0].paragraphs[0],"The US Dollar Index (DXY, USDX) measures the value of the United States Dollar relative to a basket of foreign currencies. It is a weighted geometric mean of the dollar's value relative to the following select currencies: Euro (57.6% weight), Japanese Yen (13.6%), British Pound (11.9%), Canadian Dollar (9.1%), Swedish Krona (4.2%) and Swiss Franc (3.6%). The index started in 1973, following the dissolution of the Bretton Woods system, with a base value of 100.00. Values are relative to this base – for instance, a current reading of 99.800 would indicate that the dollar has depreciated by 0.2% since the start of the index.","El índice del Dólar estadounidense (DXY, USDX) mide el valor del Dólar de Estados Unidos frente a una cesta de divisas extranjeras. Es una media geométrica ponderada del valor del dólar respecto a las siguientes divisas: Euro (peso 57,6%), Yen japonés (13,6%), Libra esterlina (11,9%), Dólar canadiense (9,1%), Corona sueca (4,2%) y Franco suizo (3,6%). El índice comenzó en 1973, tras la disolución del sistema de Bretton Woods, con un valor base de 100,00. Los valores son relativos a esa base: por ejemplo, una lectura de 99,800 indicaría que el dólar se ha depreciado un 0,2% desde el inicio del índice.",,Pendiente,
componentes/topic-page,topic-page,topics.currencies.us-dollar-index.seoText.left[0].paragraphs[1],"While the Dollar Index is a geometrically weighted index rather than trade-weighted, it is concentrated in European currencies and excludes two of the US' top trading partners, Mexico and China. As a result, it is primarily used as a speculative tool rather than by corporates or asset managers like mutual funds, insurance companies or endowments. Additionally, the geometric mean methodology artificially undervalues the USD over time.","Aunque el índice del Dólar es un índice geométricamente ponderado y no ponderado por comercio, se concentra en divisas europeas y excluye a dos de los principales socios comerciales de EE. UU., México y China. Por ello se usa sobre todo como herramienta especulativa, más que por empresas o gestores de activos como fondos mutuos, aseguradoras o endowments. Además, la metodología de la media geométrica infravalora artificialmente el USD con el tiempo.",,Pendiente,
componentes/topic-page,topic-page,topics.currencies.us-dollar-index.seoText.left[0].paragraphs[2].linkPath,https://en.wikipedia.org/wiki/U.S._Dollar_Index,https://en.wikipedia.org/wiki/U.S._Dollar_Index,,Pendiente,
componentes/topic-page,topic-page,topics.currencies.us-dollar-index.seoText.left[0].paragraphs[2].text,US Dollar Index on <link>Wikipedia</link>,Índice del Dólar estadounidense en <link>Wikipedia</link>,,Pendiente,
componentes/topic-page,topic-page,topics.currencies.us-dollar-index.seoText.left[0].title,US DOLLAR INDEX,ÍNDICE DEL DÓLAR ESTADOUNIDENSE,,Pendiente,
componentes/topic-page,topic-page,topics.currencies.us-dollar-index.seoText.left[1].title,INFLUENTIAL ORGANIZATIONS AND ECONOMIC DATA FOR THE US DOLLAR INDEX,ORGANIZACIONES E INDICADORES ECONÓMICOS INFLUYENTES DEL ÍNDICE DEL DÓLAR ESTADOUNIDENSE,,Pendiente,
componentes/topic-page,topic-page,topics.currencies.us-dollar-index.seoText.left[2].paragraphs[0],"The Federal Reserve (Fed) is the central bank of the United States (US) and it has two main targets: to maintain the unemployment rate at its lowest possible levels and to keep inflation around 2%. The Federal Reserve System's structure is composed of the presidentially appointed Board of Governors and the partially appointed Federal Open Market Committee (FOMC). The FOMC organizes eight scheduled meetings in a year to review economic and financial conditions. It also determines the appropriate stance of monetary policy and assesses the risks to its long-run goals of price stability and sustainable economic growth. The FOMC Minutes, which are released by the Board of Governors of the Federal Reserve weeks after the latest meeting, are a guide to the future US interest-rate policy.","La Reserva Federal (Fed) es el banco central de Estados Unidos (EE. UU.) y tiene dos objetivos principales: mantener la tasa de desempleo en los niveles más bajos posibles y la inflación en torno al 2%. La estructura del Sistema de la Reserva Federal está compuesta por la Junta de Gobernadores nombrada por el presidente y el Comité Federal de Mercado Abierto (FOMC), parcialmente nombrado. El FOMC organiza ocho reuniones programadas al año para revisar las condiciones económicas y financieras. También determina la postura adecuada de la política monetaria y evalúa los riesgos para sus objetivos a largo plazo de estabilidad de precios y crecimiento económico sostenible. Las actas del FOMC, que publica la Junta de Gobernadores de la Reserva Federal semanas después de la última reunión, son una guía de la futura política de tipos de interés de EE. UU.",,Pendiente,
componentes/topic-page,topic-page,topics.currencies.us-dollar-index.seoText.left[2].paragraphs[1].links.facebook,https://www.facebook.com/federalreserve/,https://www.facebook.com/federalreserve/,,Pendiente,
componentes/topic-page,topic-page,topics.currencies.us-dollar-index.seoText.left[2].paragraphs[1].links.website,https://www.federalreserve.gov/,https://www.federalreserve.gov/,,Pendiente,
componentes/topic-page,topic-page,topics.currencies.us-dollar-index.seoText.left[2].paragraphs[1].links.x,https://x.com/federalreserve,https://x.com/federalreserve,,Pendiente,
componentes/topic-page,topic-page,topics.currencies.us-dollar-index.seoText.left[2].paragraphs[1].text,"<website>Fed official website</website>, on <x>X</x> and <facebook>Facebook</facebook>","<website>Sitio oficial de la Fed</website>, en <x>X</x> y <facebook>Facebook</facebook>",,Pendiente,
componentes/topic-page,topic-page,topics.currencies.us-dollar-index.seoText.left[2].title,The Federal Reserve (Fed),La Reserva Federal (Fed),,Pendiente,
componentes/topic-page,topic-page,topics.currencies.us-dollar-index.seoText.left[3].paragraphs[0],"The US Government and its Treasury Department impact the US Dollar Index. Events such as administration statements, budgets, new laws and regulations or fiscal policy can increase or decrease the value of the DXY.","El Gobierno de EE. UU. y su Departamento del Tesoro influyen en el índice del Dólar estadounidense. Eventos como declaraciones de la administración, presupuestos, nuevas leyes y regulaciones o la política fiscal pueden aumentar o reducir el valor del DXY.",,Pendiente,
componentes/topic-page,topic-page,topics.currencies.us-dollar-index.seoText.left[3].title,The US Government,El Gobierno de EE. UU.,,Pendiente,
componentes/topic-page,topic-page,topics.currencies.us-dollar-index.seoText.left[4].paragraphs[0],"US Gross Domestic Product (GDP) refers to the total market value of all final goods and services produced in the United States. It serves as a gross measure of market activity, indicating the pace at which the nation's economy is growing or contracting. Generally, a high reading or better-than-expected number is considered positive for the Dollar Index, while a low reading is seen as negative.","El Producto Interior Bruto (PIB) de EE. UU. se refiere al valor de mercado total de todos los bienes y servicios finales producidos en Estados Unidos. Sirve como medida bruta de la actividad de mercado e indica el ritmo al que crece o se contrae la economía del país. En general, una lectura alta o mejor de lo esperado se considera positiva para el índice del Dólar, mientras que una lectura baja se ve como negativa.",,Pendiente,
componentes/topic-page,topic-page,topics.currencies.us-dollar-index.seoText.left[4].title,US Gross Domestic Product,Producto Interior Bruto de EE. UU.,,Pendiente,
componentes/topic-page,topic-page,topics.currencies.usdcad.seo.description,"Follow USD/CAD news, technical and fundamental analysis, charts and forecasts from FXStreet experts.","Sigue las noticias, el análisis técnico y fundamental, los gráficos y las previsiones de USD/CAD con los expertos de FXStreet.",,Pendiente,
componentes/topic-page,topic-page,topics.currencies.usdcad.seo.keywords,"usdcad, loonie, forex, analysis, news","usdcad, loonie, forex, análisis, noticias",,Pendiente,
componentes/topic-page,topic-page,topics.currencies.usdcad.seo.pageTitle,USD/CAD Forecast and News,Previsión y noticias de USD/CAD,,Pendiente,
componentes/topic-page,topic-page,topics.currencies.usdcad.seo.socialImageUrl,https://editorial.fxstreet.com/images/Markets/Forex/USDCAD/usdcad-chart_XtraSmall.jpg,https://editorial.fxstreet.com/images/Markets/Forex/USDCAD/usdcad-chart_XtraSmall.jpg,,Pendiente,
componentes/topic-page,topic-page,topics.currencies.usdcad.seo.title,"USD/CAD Forecast, News and Analysis","Pronóstico, noticias y análisis de USD/CAD",,Pendiente,
componentes/topic-page,topic-page,topics.currencies.usdcad.seoText.left[0].paragraphs[0],"The USD/CAD represents how many Canadian Dollars (the quote currency) are needed to purchase one US Dollar (the base currency). The nickname ""Loonie"" originates from the Gold-colored Canadian one-dollar coin introduced in 1987 and produced by the Royal Canadian Mint in Winnipeg.",El USD/CAD representa cuántos Dólares canadienses (la divisa de cotización) se necesitan para comprar un Dólar estadounidense (la divisa base). El apodo «Loonie» proviene de la moneda canadiense de un dólar de color dorado introducida en 1987 y producida por la Royal Canadian Mint en Winnipeg.,,Pendiente,
componentes/topic-page,topic-page,topics.currencies.usdcad.seoText.left[0].paragraphs[1],"The coin reverse features a common loon, a bird found throughout Canada, while the obverse displays the portrait of Queen Elizabeth II, the nation's former head of state.","El reverso de la moneda muestra un somorgujo común, un ave presente en todo Canadá, mientras que el anverso muestra el retrato de la reina Isabel II, antigua jefa de Estado del país.",,Pendiente,
componentes/topic-page,topic-page,topics.currencies.usdcad.seoText.left[0].title,About USD/CAD,Sobre el USD/CAD,,Pendiente,
componentes/topic-page,topic-page,topics.currencies.usdcad.seoText.left[1].paragraphs[0],"The USD/CAD is one of the three <strong>""commodity pairs""</strong>, alongside AUD/USD and NZD/USD. These pairs are closely tied to commodity price fluctuations, particularly Oil.","El USD/CAD es uno de los tres <strong>«commodity pairs»</strong>, junto con AUD/USD y NZD/USD. Estos pares están estrechamente ligados a las fluctuaciones de precios de las materias primas, en particular el petróleo.",,Pendiente,
componentes/topic-page,topic-page,topics.currencies.usdcad.seoText.left[1].paragraphs[1],"Canada, known as a resource-based economy, is a major producer and supplier of Oil. Its leading export market is the United States, making the Canadian dollar (CAD) particularly sensitive to US consumption data and economic health.","Canadá, conocida como una economía basada en recursos, es un gran productor y proveedor de petróleo. Su principal mercado de exportación son Estados Unidos, lo que hace que el dólar canadiense (CAD) sea especialmente sensible a los datos de consumo y a la salud económica de EE. UU.",,Pendiente,
componentes/topic-page,topic-page,topics.currencies.usdcad.seoText.left[1].paragraphs[2],Rising Oil prices typically have a negative effect on the USD and a positive effect on the CAD.,La subida de los precios del petróleo suele tener un efecto negativo sobre el USD y positivo sobre el CAD.,,Pendiente,
componentes/topic-page,topic-page,topics.currencies.usdcad.seoText.left[1].title,THE IMPORTANCE OF OIL FOR THE 'LOONIE',LA IMPORTANCIA DEL PETRÓLEO PARA EL 'LOONIE',,Pendiente,
componentes/topic-page,topic-page,topics.currencies.usdcad.seoText.left[2].bullets[0].links.commodities,/markets/commodities,/markets/commodities,,Pendiente,
componentes/topic-page,topic-page,topics.currencies.usdcad.seoText.left[2].bullets[0].text,"<commodities>Commodities</commodities>: As previously mentioned, Oil is the primary focus, but traders should also consider Gold and Natural Gas.","<commodities>Materias primas</commodities>: como se ha mencionado, el petróleo es el foco principal, pero los traders también deberían considerar el Oro y el gas natural.",,Pendiente,
componentes/topic-page,topic-page,topics.currencies.usdcad.seoText.left[2].bullets[1].links.audusd,/currencies/audusd,/currencies/audusd,,Pendiente,
componentes/topic-page,topic-page,topics.currencies.usdcad.seoText.left[2].bullets[1].links.eurusd,/currencies/eurusd,/currencies/eurusd,,Pendiente,
componentes/topic-page,topic-page,topics.currencies.usdcad.seoText.left[2].bullets[1].links.gbpusd,/currencies/gbpusd,/currencies/gbpusd,,Pendiente,
componentes/topic-page,topic-page,topics.currencies.usdcad.seoText.left[2].bullets[1].links.usdjpy,/currencies/usdjpy,/currencies/usdjpy,,Pendiente,
componentes/topic-page,topic-page,topics.currencies.usdcad.seoText.left[2].bullets[1].text,"<strong>Currencies</strong>: The Japanese Yen (JPY) and the Euro (EUR). Another important group of influent pairs includes: <eurusd>EUR/USD</eurusd>, <gbpusd>GBP/USD</gbpusd>, <usdjpy>USD/JPY</usdjpy>, <audusd>AUD/USD</audusd>, USD/CHF and NZD/USD.","<strong>Divisas</strong>: el Yen japonés (JPY) y el Euro (EUR). Otro grupo importante de pares influyentes incluye: <eurusd>EUR/USD</eurusd>, <gbpusd>GBP/USD</gbpusd>, <usdjpy>USD/JPY</usdjpy>, <audusd>AUD/USD</audusd>, USD/CHF y NZD/USD.",,Pendiente,
componentes/topic-page,topic-page,topics.currencies.usdcad.seoText.left[2].bullets[2].links.bonds,/bonds,/bonds,,Pendiente,
componentes/topic-page,topic-page,topics.currencies.usdcad.seoText.left[2].bullets[2].text,"<bonds>Bonds</bonds>: CSB (Canada Savings Bonds), CPB (Canada Premium Bonds) and T-Note 10Y (10-year US Treasury note).","<bonds>Bonos</bonds>: CSB (Canada Savings Bonds), CPB (Canada Premium Bonds) y T-Note 10Y (bono del Tesoro de EE. UU. a 10 años).",,Pendiente,
componentes/topic-page,topic-page,topics.currencies.usdcad.seoText.left[2].title,ASSETS THAT INFLUENCE USD/CAD THE MOST,ACTIVOS QUE MÁS INFLUYEN EN EL USD/CAD,,Pendiente,
componentes/topic-page,topic-page,topics.currencies.usdcad.seoText.left[3].title,INFLUENTIAL ORGANIZATIONS AND PEOPLE FOR THE USD/CAD,ORGANIZACIONES Y PERSONAS INFLUYENTES PARA EL USD/CAD,,Pendiente,
componentes/topic-page,topic-page,topics.currencies.usdcad.seoText.left[4].bullets[0],"Monetary policy: The bank influences the supply of money in the economy, using its monetary policy framework to keep low and stable inflation.","Política monetaria: el banco influye en la oferta de dinero de la economía, usando su marco de política monetaria para mantener una inflación baja y estable.",,Pendiente,
componentes/topic-page,topic-page,topics.currencies.usdcad.seoText.left[4].bullets[1],"Financial system: The bank promotes safe, sound, and efficient financial systems within Canada and internationally, conducting transactions in financial markets to support these objectives.","Sistema financiero: el banco promueve sistemas financieros seguros, sólidos y eficientes en Canadá e internacionalmente, realizando operaciones en los mercados financieros para apoyar estos objetivos.",,Pendiente,
componentes/topic-page,topic-page,topics.currencies.usdcad.seoText.left[4].bullets[2],"Currency: The bank designs, issues, and distributes Canada's banknotes.","Moneda: el banco diseña, emite y distribuye los billetes de Canadá.",,Pendiente,
componentes/topic-page,topic-page,topics.currencies.usdcad.seoText.left[4].bullets[3],"Funds management: The bank is the fiscal agent for the Government of Canada, managing its public debt programs and foreign exchange reserves.","Gestión de fondos: el banco es el agente fiscal del Gobierno de Canadá, gestionando sus programas de deuda pública y sus reservas de divisas.",,Pendiente,
componentes/topic-page,topic-page,topics.currencies.usdcad.seoText.left[4].paragraphs[0],"The Bank of Canada (BoC) is the nation's central bank. Its principal role, as defined in the Bank of Canada Act, is ""to promote the economic and financial welfare of Canada."" The bank's responsibilities are divided into four main areas:","El Bank of Canada (BoC) es el banco central del país. Su función principal, definida en la Bank of Canada Act, es «promover el bienestar económico y financiero de Canadá». Las responsabilidades del banco se dividen en cuatro áreas principales:",,Pendiente,
componentes/topic-page,topic-page,topics.currencies.usdcad.seoText.left[4].title,Bank of Canada (BoC),Bank of Canada (BoC),,Pendiente,
componentes/topic-page,topic-page,topics.currencies.usdcad.seoText.left[5].paragraphs[0],"The Bank of Canada (BoC) sets interest rates and manages monetary policy at eight scheduled meetings a year and ad hoc emergency meetings that are held as required. The BoC's primary mandate is to maintain price stability, which means keeping inflation at between 1-3%. Its main tool for achieving this is by raising or lowering interest rates. Relatively high interest rates will usually result in a stronger Canadian Dollar (CAD) and vice versa. Other tools used include quantitative easing and tightening.","El Bank of Canada (BoC) fija los tipos de interés y gestiona la política monetaria en ocho reuniones programadas al año y en reuniones de emergencia ad hoc cuando es necesario. El mandato principal del BoC es mantener la estabilidad de precios, lo que significa mantener la inflación entre el 1% y el 3%. Su principal herramienta para lograrlo es subir o bajar los tipos de interés. Unos tipos relativamente altos suelen traducirse en un Dólar canadiense (CAD) más fuerte, y viceversa. Otras herramientas incluyen la quantitative easing y el tightening.",,Pendiente,
componentes/topic-page,topic-page,topics.currencies.usdcad.seoText.left[5].paragraphs[1].links.website,http://www.bankofcanada.ca/,http://www.bankofcanada.ca/,,Pendiente,
componentes/topic-page,topic-page,topics.currencies.usdcad.seoText.left[5].paragraphs[1].links.x,https://twitter.com/bankofcanada,https://twitter.com/bankofcanada,,Pendiente,
componentes/topic-page,topic-page,topics.currencies.usdcad.seoText.left[5].paragraphs[1].links.youtube,https://www.youtube.com/bankofcanadaofficial,https://www.youtube.com/bankofcanadaofficial,,Pendiente,
componentes/topic-page,topic-page,topics.currencies.usdcad.seoText.left[5].paragraphs[1].text,"The <website>official website</website>, on <x>X</x> and <youtube>YouTube</youtube>","El <website>sitio oficial</website>, en <x>X</x> y <youtube>YouTube</youtube>",,Pendiente,
componentes/topic-page,topic-page,topics.currencies.usdcad.seoText.left[6].paragraphs[0],"The Federal Reserve (Fed) is the central bank of the United States (US) and it has two main targets: to maintain the unemployment rate at its lowest possible levels and to keep inflation around 2%. The Federal Reserve System's structure is composed of the presidentially appointed Board of Governors and the partially appointed Federal Open Market Committee (FOMC). The FOMC organizes eight scheduled meetings in a year to review economic and financial conditions. It also determines the appropriate stance of monetary policy and assesses the risks to its long-run goals of price stability and sustainable economic growth. The FOMC Minutes, which are released by the Board of Governors of the Federal Reserve weeks after the latest meeting, are a guide to the future US interest-rate policy.","La Reserva Federal (Fed) es el banco central de Estados Unidos (EE. UU.) y tiene dos objetivos principales: mantener la tasa de desempleo en los niveles más bajos posibles y la inflación en torno al 2%. La estructura del Sistema de la Reserva Federal está compuesta por la Junta de Gobernadores nombrada por el presidente y el Comité Federal de Mercado Abierto (FOMC), parcialmente nombrado. El FOMC organiza ocho reuniones programadas al año para revisar las condiciones económicas y financieras. También determina la postura adecuada de la política monetaria y evalúa los riesgos para sus objetivos a largo plazo de estabilidad de precios y crecimiento económico sostenible. Las actas del FOMC, que publica la Junta de Gobernadores de la Reserva Federal semanas después de la última reunión, son una guía de la futura política de tipos de interés de EE. UU.",,Pendiente,
componentes/topic-page,topic-page,topics.currencies.usdcad.seoText.left[6].paragraphs[1].links.facebook,https://www.facebook.com/federalreserve/,https://www.facebook.com/federalreserve/,,Pendiente,
componentes/topic-page,topic-page,topics.currencies.usdcad.seoText.left[6].paragraphs[1].links.website,https://www.federalreserve.gov/,https://www.federalreserve.gov/,,Pendiente,
componentes/topic-page,topic-page,topics.currencies.usdcad.seoText.left[6].paragraphs[1].links.x,https://twitter.com/federalreserve?ref_src%3Dtwsrc%255Egoogle%257Ctwcamp%255Eserp%257Ctwgr%255Eauthor,https://twitter.com/federalreserve?ref_src%3Dtwsrc%255Egoogle%257Ctwcamp%255Eserp%257Ctwgr%255Eauthor,,Pendiente,
componentes/topic-page,topic-page,topics.currencies.usdcad.seoText.left[6].paragraphs[1].text,"<website>Fed official website</website>, on <x>X</x> and <facebook>Facebook</facebook>","<website>Sitio oficial de la Fed</website>, en <x>X</x> y <facebook>Facebook</facebook>",,Pendiente,
componentes/topic-page,topic-page,topics.currencies.usdcad.seoText.left[6].title,The Federal Reserve (Fed),La Reserva Federal (Fed),,Pendiente,
componentes/topic-page,topic-page,topics.currencies.usdcad.seoText.left[7].paragraphs[0],"Kevin Warsh took office as chairman of the Board of Governors of the Federal Reserve in May 2026, for a four-year term ending in 2030. His term as a member of the Board of Governors will expire in May 2040. Warsh, born in Albany (New York) on April 13, 1970, is an American financier and attorney who already served as a member of the Fed Board of Governors from 2006 to 2011 and was significantly involved in the central bank's response to the financial crisis. Before that, he served as a special assistant to the president for economic policy and the executive secretary of the National Economic Council under President George W. Bush.","Kevin Warsh asumió el cargo de presidente de la Junta de Gobernadores de la Reserva Federal en mayo de 2026, para un mandato de cuatro años que termina en 2030. Su mandato como miembro de la Junta de Gobernadores expirará en mayo de 2040. Warsh, nacido en Albany (Nueva York) el 13 de abril de 1970, es un financiero y abogado estadounidense que ya sirvió como miembro de la Junta de Gobernadores de la Fed de 2006 a 2011 y estuvo significativamente involucrado en la respuesta del banco central a la crisis financiera. Antes de eso, fue asistente especial del presidente para política económica y secretario ejecutivo del National Economic Council bajo el presidente George W. Bush.",,Pendiente,
componentes/topic-page,topic-page,topics.currencies.usdcad.seoText.left[7].title,Kevin Warsh,Kevin Warsh,,Pendiente,
componentes/topic-page,topic-page,topics.currencies.usdcad.seoText.left[8].paragraphs[0],"Tiff Macklem was born in Montreal, Quebec, in 1961. He was appointed Governor of the Bank of Canada effective June 3, 2020, for a seven-year term. He graduated from Queen's University with a bachelor's degree in economics and completed a master's degree and a PhD in economics, both from the University of Western Ontario.","Tiff Macklem nació en Montreal, Quebec, en 1961. Fue nombrado gobernador del Bank of Canada con efecto desde el 3 de junio de 2020, para un mandato de siete años. Se graduó en Queen's University con una licenciatura en economía y completó un máster y un doctorado en economía, ambos en la University of Western Ontario.",,Pendiente,
componentes/topic-page,topic-page,topics.currencies.usdcad.seoText.left[8].paragraphs[1],"Before becoming Governor, Macklem served as a director of the Bank of Nova Scotia and chair of its risk committee. He is chair of the Group of Governors and Heads of Supervision, the oversight body of the Basel Committee on Banking Supervision, and co-chair of the Financial Stability Board's Regional Consultative Group for the Americas.","Antes de ser gobernador, Macklem fue director del Bank of Nova Scotia y presidente de su comité de riesgos. Es presidente del Group of Governors and Heads of Supervision, el órgano de supervisión del Basel Committee on Banking Supervision, y copresidente del Regional Consultative Group for the Americas del Financial Stability Board.",,Pendiente,
componentes/topic-page,topic-page,topics.currencies.usdcad.seoText.left[8].title,Tiff Macklem,Tiff Macklem,,Pendiente,
componentes/topic-page,topic-page,topics.currencies.usdchf.seo.description,"Follow USD/CHF news, technical and fundamental analysis, charts and forecasts from FXStreet experts.","Sigue las noticias, el análisis técnico y fundamental, los gráficos y las previsiones de USD/CHF con los expertos de FXStreet.",,Pendiente,
componentes/topic-page,topic-page,topics.currencies.usdchf.seo.keywords,"usdchf, swiss franc, forex, analysis, news","usdchf, franco suizo, forex, análisis, noticias",,Pendiente,
componentes/topic-page,topic-page,topics.currencies.usdchf.seo.pageTitle,USD/CHF Forecast and News,Previsión y noticias de USD/CHF,,Pendiente,
componentes/topic-page,topic-page,topics.currencies.usdchf.seo.socialImageUrl,https://editorial.fxstreet.com/images/Markets/Forex/USDCHF/usdchf-chart_XtraSmall.jpg,https://editorial.fxstreet.com/images/Markets/Forex/USDCHF/usdchf-chart_XtraSmall.jpg,,Pendiente,
componentes/topic-page,topic-page,topics.currencies.usdchf.seo.title,"USD/CHF Forecast, News and Analysis","Pronóstico, noticias y análisis de USD/CHF",,Pendiente,
componentes/topic-page,topic-page,topics.currencies.usdchf.seoText.left[0].paragraphs[0],"The pair reflects how many Swiss Francs (CHF) are needed to purchase one US Dollar (USD). Both currencies are traditionally considered safe-haven assets. However, since the SNB removed the currency peg with the Euro (EUR) in January 2015, the Swiss Franc has partially lost attractiveness in turmoil times, with speculative interest more inclined toward the Japanese Yen (JPY) or Gold.","El par refleja cuántos Francos suizos (CHF) se necesitan para comprar un Dólar estadounidense (USD). Ambas divisas se consideran tradicionalmente activos refugio. Sin embargo, desde que el SNB eliminó el peg con el Euro (EUR) en enero de 2015, el Franco suizo ha perdido parcialmente atractivo en periodos de turbulencias, con el interés especulativo más inclinado hacia el Yen japonés (JPY) o el Oro.",,Pendiente,
componentes/topic-page,topic-page,topics.currencies.usdchf.seoText.left[0].title,About USD/CHF,Sobre el USD/CHF,,Pendiente,
componentes/topic-page,topic-page,topics.currencies.usdchf.seoText.left[1].title,INFLUENTIAL INSTITUTIONS AND PEOPLE FOR THE USD/CHF,INSTITUCIONES Y PERSONAS INFLUYENTES PARA EL USD/CHF,,Pendiente,
componentes/topic-page,topic-page,topics.currencies.usdchf.seoText.left[2].paragraphs[0],The Federal Reserve (Fed) is the central bank of the United States (US) and it has two main targets: to maintain the unemployment rate at its lowest possible levels and to keep inflation around 2%. The Federal Reserve System's structure is composed of the presidentially appointed Board of Governors and the partially appointed Federal Open Market Committee (FOMC). The FOMC organizes eight scheduled meetings in a year to review economic and financial conditions. It also determines the appropriate stance of monetary policy and assesses the risks to its long-run goals of price stability and sustainable economic growth.,"La Reserva Federal (Fed) es el banco central de Estados Unidos (EE. UU.) y tiene dos objetivos principales: mantener la tasa de desempleo en los niveles más bajos posibles y la inflación en torno al 2%. La estructura del Sistema de la Reserva Federal está compuesta por la Junta de Gobernadores nombrada por el presidente y el Comité Federal de Mercado Abierto (FOMC), parcialmente nombrado. El FOMC organiza ocho reuniones programadas al año para revisar las condiciones económicas y financieras. También determina la postura adecuada de la política monetaria y evalúa los riesgos para sus objetivos a largo plazo de estabilidad de precios y crecimiento económico sostenible.",,Pendiente,
componentes/topic-page,topic-page,topics.currencies.usdchf.seoText.left[2].paragraphs[1].links.facebook,https://www.facebook.com/federalreserve/,https://www.facebook.com/federalreserve/,,Pendiente,
componentes/topic-page,topic-page,topics.currencies.usdchf.seoText.left[2].paragraphs[1].links.website,https://www.federalreserve.gov/,https://www.federalreserve.gov/,,Pendiente,
componentes/topic-page,topic-page,topics.currencies.usdchf.seoText.left[2].paragraphs[1].links.x,https://twitter.com/federalreserve?ref_src%3Dtwsrc%255Egoogle%257Ctwcamp%255Eserp%257Ctwgr%255Eauthor,https://twitter.com/federalreserve?ref_src%3Dtwsrc%255Egoogle%257Ctwcamp%255Eserp%257Ctwgr%255Eauthor,,Pendiente,
componentes/topic-page,topic-page,topics.currencies.usdchf.seoText.left[2].paragraphs[1].text,"<website>Fed official website</website>, on <x>X</x> and <facebook>Facebook</facebook>","<website>Sitio oficial de la Fed</website>, en <x>X</x> y <facebook>Facebook</facebook>",,Pendiente,
componentes/topic-page,topic-page,topics.currencies.usdchf.seoText.left[2].title,The Federal Reserve (Fed),La Reserva Federal (Fed),,Pendiente,
componentes/topic-page,topic-page,topics.currencies.usdchf.seoText.left[3].paragraphs[0],"The Swiss National Bank (SNB) is Switzerland's central bank, responsible for the country's monetary policy and the sole issuer of Swiss Franc (CHF) banknotes. Its primary objective is to ensure price stability while considering economic developments, thereby fostering an environment conducive to economic growth.","El Banco Nacional Suizo (SNB) es el banco central de Suiza, responsable de la política monetaria del país y el único emisor de billetes de Franco suizo (CHF). Su objetivo principal es garantizar la estabilidad de precios teniendo en cuenta la evolución económica, fomentando así un entorno propicio para el crecimiento.",,Pendiente,
componentes/topic-page,topic-page,topics.currencies.usdchf.seoText.left[3].paragraphs[1],"To ensure price stability, the SNB aims to maintain appropriate monetary conditions, which are determined by the interest rate level and exchange rates. For the SNB, price stability means a rise in the Swiss Consumer Price Index (CPI) of less than 2% per year.","Para garantizar la estabilidad de precios, el SNB busca mantener condiciones monetarias adecuadas, determinadas por el nivel de tipos de interés y los tipos de cambio. Para el SNB, la estabilidad de precios significa un aumento del índice de precios al consumo suizo (CPI) de menos del 2% anual.",,Pendiente,
componentes/topic-page,topic-page,topics.currencies.usdchf.seoText.left[3].paragraphs[2].links.website,https://www.snb.ch/en,https://www.snb.ch/en,,Pendiente,
componentes/topic-page,topic-page,topics.currencies.usdchf.seoText.left[3].paragraphs[2].links.x,https://twitter.com/SNB_BNS_en,https://twitter.com/SNB_BNS_en,,Pendiente,
componentes/topic-page,topic-page,topics.currencies.usdchf.seoText.left[3].paragraphs[2].links.youtube,https://www.youtube.com/channel/UC4vQTVEqtj2orppzBkdGmyg,https://www.youtube.com/channel/UC4vQTVEqtj2orppzBkdGmyg,,Pendiente,
componentes/topic-page,topic-page,topics.currencies.usdchf.seoText.left[3].paragraphs[2].text,"The <website>official website</website>, on <x>X</x> and <youtube>YouTube</youtube>","El <website>sitio oficial</website>, en <x>X</x> y <youtube>YouTube</youtube>",,Pendiente,
componentes/topic-page,topic-page,topics.currencies.usdchf.seoText.left[3].title,The Swiss National Bank (SNB),El Banco Nacional Suizo (SNB),,Pendiente,
componentes/topic-page,topic-page,topics.currencies.usdchf.seoText.left[4].paragraphs[0],"Jerome Powell took office as chairman of the Board of Governors of the Federal Reserve System in February 2018, for a four-year term ending in February 2022. His term as a member of the Board of Governors will expire January 31, 2028. Born in Washington D.C., he received a bachelor's degree in politics from Princeton University in 1975 and earned a law degree from Georgetown University in 1979. Powell served as an assistant secretary and as undersecretary of the Treasury under President George H.W. Bush. He also worked as a lawyer and investment banker in New York City. From 1997 through 2005, Powell was a partner at The Carlyle Group.","Jerome Powell asumió el cargo de presidente de la Junta de Gobernadores del Sistema de la Reserva Federal en febrero de 2018, para un mandato de cuatro años que terminó en febrero de 2022. Su mandato como miembro de la Junta de Gobernadores expirará el 31 de enero de 2028. Nacido en Washington D. C., recibió una licenciatura en política por Princeton University en 1975 y un título de derecho por Georgetown University en 1979. Powell fue assistant secretary y undersecretary of the Treasury bajo el presidente George H.W. Bush. También trabajó como abogado y banquero de inversión en Nueva York. De 1997 a 2005, Powell fue socio de The Carlyle Group.",,Pendiente,
componentes/topic-page,topic-page,topics.currencies.usdchf.seoText.left[4].paragraphs[1].links.fed,https://www.federalreserve.gov/aboutthefed/bios/board/powell.htm,https://www.federalreserve.gov/aboutthefed/bios/board/powell.htm,,Pendiente,
componentes/topic-page,topic-page,topics.currencies.usdchf.seoText.left[4].paragraphs[1].links.wikipedia,https://en.wikipedia.org/wiki/Jerome_Powell,https://en.wikipedia.org/wiki/Jerome_Powell,,Pendiente,
componentes/topic-page,topic-page,topics.currencies.usdchf.seoText.left[4].paragraphs[1].text,Jerome Powell <fed>Fed's Profile</fed> and <wikipedia>Wikipedia</wikipedia>,Jerome Powell <fed>perfil de la Fed</fed> y <wikipedia>Wikipedia</wikipedia>,,Pendiente,
componentes/topic-page,topic-page,topics.currencies.usdchf.seoText.left[4].title,Jerome Powell,Jerome Powell,,Pendiente,
componentes/topic-page,topic-page,topics.currencies.usdchf.seoText.left[5].paragraphs[0],"Martin Schlegel is a Swiss economist and Chairman of the Governing Board of the Swiss National Bank (SNB). He graduated in economics from the University of Zurich in 2003 and thereafter joined the Research unit at the SNB. Over the years, he has held various roles at the central bank, including leading the SNB's Foreign Exchange and Gold Unit and heading the bank's branch office in Singapore. The Federal Council appointed Schlegel as Chairman of the Governing Board with effect from October 1, 2024.","Martin Schlegel es un economista suizo y presidente del Governing Board del Banco Nacional Suizo (SNB). Se graduó en economía por la University of Zurich en 2003 y después se incorporó a la unidad de Research del SNB. A lo largo de los años ha desempeñado varios cargos en el banco central, entre ellos dirigir la Foreign Exchange and Gold Unit del SNB y encabezar la oficina de la entidad en Singapur. El Consejo Federal nombró a Schlegel presidente del Governing Board con efecto desde el 1 de octubre de 2024.",,Pendiente,
componentes/topic-page,topic-page,topics.currencies.usdchf.seoText.left[5].paragraphs[1].links.snb,https://www.snb.ch/en/the-snb/organisation/supervisory-management-boards#t3,https://www.snb.ch/en/the-snb/organisation/supervisory-management-boards#t3,,Pendiente,
componentes/topic-page,topic-page,topics.currencies.usdchf.seoText.left[5].paragraphs[1].text,Schlegel on <snb>SNB's profile</snb>,Schlegel en el <snb>perfil del SNB</snb>,,Pendiente,
componentes/topic-page,topic-page,topics.currencies.usdchf.seoText.left[5].title,Martin Schlegel,Martin Schlegel,,Pendiente,
componentes/topic-page,topic-page,topics.currencies.usdjpy.seo.description,"Follow USD/JPY news, technical and fundamental analysis, charts and forecasts from FXStreet experts.","Sigue las noticias, el análisis técnico y fundamental, los gráficos y las previsiones de USD/JPY con los expertos de FXStreet.",,Pendiente,
componentes/topic-page,topic-page,topics.currencies.usdjpy.seo.keywords,"usdjpy, yen, dollar, forex, analysis, news","usdjpy, yen, dólar, forex, análisis, noticias",,Pendiente,
componentes/topic-page,topic-page,topics.currencies.usdjpy.seo.pageTitle,USD/JPY Forecast and News,Previsión y noticias de USD/JPY,,Pendiente,
componentes/topic-page,topic-page,topics.currencies.usdjpy.seo.socialImageUrl,https://editorial.fxstreet.com/images/Markets/Forex/USDJPY/usdjpy-chart_XtraSmall.jpg,https://editorial.fxstreet.com/images/Markets/Forex/USDJPY/usdjpy-chart_XtraSmall.jpg,,Pendiente,
componentes/topic-page,topic-page,topics.currencies.usdjpy.seo.title,"USD/JPY Forecast, News and Analysis","Pronóstico, noticias y análisis de USD/JPY",,Pendiente,
componentes/topic-page,topic-page,topics.currencies.usdjpy.seoText.left[0].paragraphs[0],"The USD/JPY (US Dollar Japanese Yen) currency pair is one of the 'Majors', a group of the most important currency pairs in the world. The Japanese Yen, known for its low interest rate, is frequently used in carry trades, making it one of the most traded currencies worldwide. In the USD/JPY pair, the US Dollar is the base currency and the Japanese Yen serves as the counter currency.","El par USD/JPY (Dólar estadounidense Yen japonés) es uno de los 'Majors', el grupo de los pares de divisas más importantes del mundo. El Yen japonés, conocido por su bajo tipo de interés, se usa con frecuencia en carry trades, lo que lo convierte en una de las divisas más negociadas del mundo. En el par USD/JPY, el Dólar estadounidense es la divisa base y el Yen japonés la divisa de cotización.",,Pendiente,
componentes/topic-page,topic-page,topics.currencies.usdjpy.seoText.left[0].paragraphs[1],"Trading USD/JPY is also known as trading the ""ninja"" or the ""gopher"", although the latter nickname is more frequently associated with the GBP/JPY pair. USD/JPY usually has a positive correlation with other pairs like USD/CHF and USD/CAD, as all three use the US Dollar as the base currency. The value of the pair is often influenced by interest-rate differentials between the two central banks: the Federal Reserve (Fed) and the Bank of Japan (BoJ).","Operar USD/JPY también se conoce como operar el ""ninja"" o el ""gopher"", aunque este último apodo se asocia con más frecuencia al par GBP/JPY. El USD/JPY suele tener una correlación positiva con otros pares como USD/CHF y USD/CAD, ya que los tres usan el Dólar estadounidense como divisa base. El valor del par suele verse influido por los diferenciales de tipos de interés entre los dos bancos centrales: la Reserva Federal (Fed) y el Banco de Japón (BoJ).",,Pendiente,
componentes/topic-page,topic-page,topics.currencies.usdjpy.seoText.left[0].title,About USD/JPY,Sobre el USD/JPY,,Pendiente,
componentes/topic-page,topic-page,topics.currencies.usdjpy.seoText.left[1].title,Related pairs,Pares relacionados,,Pendiente,
componentes/topic-page,topic-page,topics.currencies.usdjpy.seoText.left[2].paragraphs[0],"The GBP/USD (or Pound Dollar) currency pair belongs to the group of 'Majors', referring to the most important and widely traded pairs in the world. The pair is also known as ""the Cable"", a term originating in the mid-19th century that refers to the first transatlantic telegraph connecting Great Britain and the United States. As a closely watched and widely traded currency pair, it features the British Pound as the base currency and the US Dollar as the counter currency. For that reason, macroeconomic data from both the United States and the United Kingdom significantly impacts its price. One notable event that affected the volatility of the pair was Brexit.","El par GBP/USD (o Pound Dollar) pertenece al grupo de los 'Majors', es decir, a los pares más importantes y negociados del mundo. El par también se conoce como ""the Cable"", un término del siglo XIX que alude al primer telégrafo transatlántico que conectó Gran Bretaña y Estados Unidos. Como par muy seguido y ampliamente negociado, tiene la Libra esterlina como divisa base y el Dólar estadounidense como divisa de cotización. Por ello, los datos macroeconómicos de Estados Unidos y del Reino Unido impactan de forma significativa en su precio. Un evento notable que afectó a la volatilidad del par fue el Brexit.",,Pendiente,
componentes/topic-page,topic-page,topics.currencies.usdjpy.seoText.left[2].title,GBP/USD,GBP/USD,,Pendiente,
componentes/topic-page,topic-page,topics.currencies.usdjpy.seoText.left[3].paragraphs[0].links.audusd,/currencies/audusd,/currencies/audusd,,Pendiente,
componentes/topic-page,topic-page,topics.currencies.usdjpy.seoText.left[3].paragraphs[0].links.eurusd,/currencies/eurusd,/currencies/eurusd,,Pendiente,
componentes/topic-page,topic-page,topics.currencies.usdjpy.seoText.left[3].paragraphs[0].links.usdcad,/currencies/usdcad,/currencies/usdcad,,Pendiente,
componentes/topic-page,topic-page,topics.currencies.usdjpy.seoText.left[3].paragraphs[0].text,"The <eurusd>EUR/USD</eurusd> (or Euro Dollar) currency pair belongs to the group of 'Majors', a term used t o describe the most important currency pairs in the world. This group also includes GBP/USD, USD/JPY, <audusd>AUD/USD</audusd>, USD/CHF, NZD/USD and <usdcad>USD/CAD</usdcad>. The popularity of the Euro Dollar pair stems from its representation of two of the world's largest economies: the Eurozone and the United States.","El <eurusd>EUR/USD</eurusd> (o Euro Dólar) pertenece al grupo de los 'Majors', un término usado para describir los pares de divisas más importantes del mundo. Este grupo también incluye GBP/USD, USD/JPY, <audusd>AUD/USD</audusd>, USD/CHF, NZD/USD y <usdcad>USD/CAD</usdcad>. La popularidad del Euro Dólar se debe a que representa dos de las mayores economías del mundo: la Eurozona y Estados Unidos.",,Pendiente,
componentes/topic-page,topic-page,topics.currencies.usdjpy.seoText.left[3].paragraphs[1],"The EUR/USD is one of the most widely traded currency pairs in the Forex market, where the Euro serves as the base currency and the US Dollar as the counter currency. It accounts for more than half of the total trading volume in the Forex market, making gaps almost inexistent, let alone sudden reversals caused by breakaway gaps.","El EUR/USD es uno de los pares más negociados del mercado Forex, donde el Euro actúa como divisa base y el Dólar estadounidense como divisa de cotización. Representa más de la mitad del volumen total de negociación en el mercado Forex, por lo que los gaps son casi inexistentes, y más aún las reversiones repentinas causadas por breakaway gaps.",,Pendiente,
componentes/topic-page,topic-page,topics.currencies.usdjpy.seoText.left[3].paragraphs[2],"The EUR/USD is usually quiet during the Asian session, as economic data influencing the pair is usually released during the European or US sessions. Activity increases as European traders begin their day, leading to heightened trading volume. This activity slows around midday during the European lunch break but picks up again when US markets come online.","El EUR/USD suele estar tranquilo durante la sesión asiática, ya que los datos económicos que influyen en el par se publican normalmente en las sesiones europea o estadounidense. La actividad aumenta cuando los traders europeos empiezan el día, lo que eleva el volumen. Esa actividad se ralentiza hacia el mediodía durante la pausa del almuerzo europeo, pero se retoma cuando abren los mercados de EE. UU.",,Pendiente,
componentes/topic-page,topic-page,topics.currencies.usdjpy.seoText.left[3].title,EUR/USD,EUR/USD,,Pendiente,
componentes/topic-page,topic-page,topics.currencies.usdjpy.seoText.left[4].paragraphs[0],The US Dollar Japanese Yen can be seriously affected by news or the decisions taken by two main central banks:,El Dólar estadounidense Yen japonés puede verse seriamente afectado por las noticias o las decisiones de dos bancos centrales principales:,,Pendiente,
componentes/topic-page,topic-page,topics.currencies.usdjpy.seoText.left[4].title,Influential Institutions & People for the USD/JPY,Instituciones y personas influyentes para el USD/JPY,,Pendiente,
componentes/topic-page,topic-page,topics.currencies.usdjpy.seoText.left[5].paragraphs[0],"The Federal Reserve (Fed) is the central bank of the United States (US) and it has two main targets: to maintain the unemployment rate at its lowest possible levels and to keep inflation around 2%. The Federal Reserve System's structure is composed of the presidentially appointed Board of Governors and the partially appointed Federal Open Market Committee (FOMC). The FOMC organizes eight scheduled meetings in a year to review economic and financial conditions. It also determines the appropriate stance of monetary policy and assesses the risks to its long-run goals of price stability and sustainable economic growth. The FOMC Minutes, which are released by the Board of Governors of the Federal Reserve weeks after the latest meeting, are a guide to the future US interest-rate policy.","La Reserva Federal (Fed) es el banco central de Estados Unidos (EE. UU.) y tiene dos objetivos principales: mantener la tasa de desempleo en los niveles más bajos posibles y la inflación en torno al 2%. La estructura del Sistema de la Reserva Federal está compuesta por la Junta de Gobernadores nombrada por el presidente y el Comité Federal de Mercado Abierto (FOMC), parcialmente nombrado. El FOMC organiza ocho reuniones programadas al año para revisar las condiciones económicas y financieras. También determina la postura adecuada de la política monetaria y evalúa los riesgos para sus objetivos a largo plazo de estabilidad de precios y crecimiento económico sostenible. Las actas del FOMC, que publica la Junta de Gobernadores de la Reserva Federal semanas después de la última reunión, son una guía de la futura política de tipos de interés de EE. UU.",,Pendiente,
componentes/topic-page,topic-page,topics.currencies.usdjpy.seoText.left[5].paragraphs[1].links.facebook,https://www.facebook.com/federalreserve/,https://www.facebook.com/federalreserve/,,Pendiente,
componentes/topic-page,topic-page,topics.currencies.usdjpy.seoText.left[5].paragraphs[1].links.website,https://www.federalreserve.gov/,https://www.federalreserve.gov/,,Pendiente,
componentes/topic-page,topic-page,topics.currencies.usdjpy.seoText.left[5].paragraphs[1].links.x,https://twitter.com/federalreserve?ref_src%3Dtwsrc%255Egoogle%257Ctwcamp%255Eserp%257Ctwgr%255Eauthor,https://twitter.com/federalreserve?ref_src%3Dtwsrc%255Egoogle%257Ctwcamp%255Eserp%257Ctwgr%255Eauthor,,Pendiente,
componentes/topic-page,topic-page,topics.currencies.usdjpy.seoText.left[5].paragraphs[1].text,"<website>Fed official website</website>, on <x>X</x> and <facebook>Facebook</facebook>","<website>Sitio oficial de la Fed</website>, en <x>X</x> y <facebook>Facebook</facebook>",,Pendiente,
componentes/topic-page,topic-page,topics.currencies.usdjpy.seoText.left[5].title,The Federal Reserve (Fed),La Reserva Federal (Fed),,Pendiente,
componentes/topic-page,topic-page,topics.currencies.usdjpy.seoText.left[6].paragraphs[0],"The Bank of Japan (BoJ) is the central bank of Japan. Established under the Bank of Japan Act in 1882, it is a juridical entity and neither a government agency nor a private corporation. The BoJ sets monetary policy in the country. Its mandate is to issue banknotes and carry out currency and monetary control to ensure price stability, which means an inflation target of around 2%.","El Banco de Japón (BoJ) es el banco central de Japón. Establecido bajo la Bank of Japan Act en 1882, es una entidad jurídica y no es ni una agencia gubernamental ni una corporación privada. El BoJ fija la política monetaria del país. Su mandato es emitir billetes y ejercer el control monetario y de la moneda para garantizar la estabilidad de precios, lo que implica un objetivo de inflación en torno al 2%.",,Pendiente,
componentes/topic-page,topic-page,topics.currencies.usdjpy.seoText.left[6].paragraphs[1],"<strong>Policy Board:</strong> The Policy Board is the bank's highest decision-making body. It determines the guidelines for currency and monetary control, sets the basic principles for carrying out the bank's operations and oversees the performance of the bank's officers, excluding auditors and counselors.","<strong>Policy Board:</strong> el Policy Board es el máximo órgano de decisión del banco. Determina las directrices para el control de la moneda y la política monetaria, fija los principios básicos para llevar a cabo las operaciones del banco y supervisa el desempeño de sus directivos, excluyendo auditores y consejeros.",,Pendiente,
componentes/topic-page,topic-page,topics.currencies.usdjpy.seoText.left[6].paragraphs[2],"<strong>History</strong>: The Bank of Japan was established under the Bank of Japan Act, promulgated in June 1882, and began operating as the nation's central bank on October 10, 1882. It was reorganized in 1942 under the Bank of Japan Act of 1942, which reflected the wartime context. The Act of 1942 was amended several times after World War II, and the establishment of the Policy Board as the bank's highest decision-making body occurred in June 1949. In June 1997, the Act of 1942 was revised completely under the principles of independence and transparency. The revised Act came into effect on April 1, 1998.","<strong>History</strong>: el Banco de Japón se estableció bajo la Bank of Japan Act, promulgada en junio de 1882, y comenzó a operar como banco central de la nación el 10 de octubre de 1882. Se reorganizó en 1942 bajo la Bank of Japan Act de 1942, que reflejaba el contexto de guerra. La Act de 1942 se enmendó varias veces tras la Segunda Guerra Mundial, y el establecimiento del Policy Board como máximo órgano de decisión tuvo lugar en junio de 1949. En junio de 1997, la Act de 1942 se revisó por completo bajo los principios de independencia y transparencia. La Act revisada entró en vigor el 1 de abril de 1998.",,Pendiente,
componentes/topic-page,topic-page,topics.currencies.usdjpy.seoText.left[6].paragraphs[3].links.website,https://www.boj.or.jp/en/,https://www.boj.or.jp/en/,,Pendiente,
componentes/topic-page,topic-page,topics.currencies.usdjpy.seoText.left[6].paragraphs[3].links.x,https://x.com/Bank_of_Japan_e,https://x.com/Bank_of_Japan_e,,Pendiente,
componentes/topic-page,topic-page,topics.currencies.usdjpy.seoText.left[6].paragraphs[3].links.youtube,https://www.youtube.com/user/bojchannel,https://www.youtube.com/user/bojchannel,,Pendiente,
componentes/topic-page,topic-page,topics.currencies.usdjpy.seoText.left[6].paragraphs[3].text,"The <website>official website</website>, on <x>X</x> and <youtube>YouTube</youtube>","El <website>sitio oficial</website>, en <x>X</x> y <youtube>YouTube</youtube>",,Pendiente,
componentes/topic-page,topic-page,topics.currencies.usdjpy.seoText.left[6].title,The Bank of Japan (BOJ),El Banco de Japón (BOJ),,Pendiente,
componentes/topic-page,topic-page,topics.currencies.usdjpy.seoText.left[7].paragraphs[0],"Kevin Warsh took office as chairman of the Board of Governors of the Federal Reserve in May 2026, for a four-year term ending in 2030. His term as a member of the Board of Governors will expire in May 2040. Warsh, born in Albany (New York) on April 13, 1970, is an American financier and attorney who already served as a member of the Fed Board of Governors from 2006 to 2011 and was significantly involved in the central bank's response to the financial crisis. Before that, he served as a special assistant to the president for economic policy and the executive secretary of the National Economic Council under President George W. Bush.","Kevin Warsh asumió el cargo de presidente de la Junta de Gobernadores de la Reserva Federal en mayo de 2026, para un mandato de cuatro años que termina en 2030. Su mandato como miembro de la Junta de Gobernadores expirará en mayo de 2040. Warsh, nacido en Albany (Nueva York) el 13 de abril de 1970, es un financiero y abogado estadounidense que ya sirvió como miembro de la Junta de Gobernadores de la Fed de 2006 a 2011 y estuvo significativamente involucrado en la respuesta del banco central a la crisis financiera. Antes de eso, fue asistente especial del presidente para política económica y secretario ejecutivo del National Economic Council bajo el presidente George W. Bush.",,Pendiente,
componentes/topic-page,topic-page,topics.currencies.usdjpy.seoText.left[7].title,Kevin Warsh,Kevin Warsh,,Pendiente,
componentes/topic-page,topic-page,topics.currencies.usdjpy.seoText.left[8].paragraphs[0],"Kazuo Ueda was born in Makinohara, Japan, on September 20, 1951. He is the 32nd and current Governor of the BoJ. He graduated from the University of Tokyo with a Bachelor of Science and Mathematics and received a PhD in economics from the Massachusetts Institute of Technology (MIT).","Kazuo Ueda nació en Makinohara, Japón, el 20 de septiembre de 1951. Es el 32.º y actual gobernador del BoJ. Se graduó en la Universidad de Tokio con un Bachelor of Science and Mathematics y recibió un doctorado en economía del Massachusetts Institute of Technology (MIT).",,Pendiente,
componentes/topic-page,topic-page,topics.currencies.usdjpy.seoText.left[8].paragraphs[1],"He is a professor emeritus at the University of Tokyo and also worked as a professor at Kyoritsu Women's University. In February 2023, former Prime Minister Fumio Kishida nominated Ueda as the governor of the BoJ. He is widely regarded as an expert on monetary policy but was considered a surprise appointment by analysts. He wasn't even considered a dark-horse candidate, as the BoJ governor role has traditionally gone to long-serving Finance Ministry bureaucrats or central bank officials. Ueda is the first academic economist to lead the BoJ in the post-World War II era.","Es profesor emérito de la Universidad de Tokio y también trabajó como profesor en la Kyoritsu Women's University. En febrero de 2023, el ex primer ministro Fumio Kishida nominó a Ueda como gobernador del BoJ. Está ampliamente considerado un experto en política monetaria, pero los analistas lo vieron como un nombramiento sorpresa. Ni siquiera se le consideraba un candidato oscuro, ya que el cargo de gobernador del BoJ ha ido tradicionalmente a burócratas de larga trayectoria del Ministerio de Finanzas o a funcionarios del banco central. Ueda es el primer economista académico en dirigir el BoJ en la era de posguerra.",,Pendiente,
componentes/topic-page,topic-page,topics.currencies.usdjpy.seoText.left[8].title,Kazuo Ueda,Kazuo Ueda,,Pendiente,
