Carpeta,Bloque,Clave,Inglés (original),Español (borrador IA),Español (revisado),Estado,Comentarios
componentes/rates-charts,rates-charts,ChartInteractive.loginCTA,Log in,Iniciar sesión,,Pendiente,
componentes/rates-charts,rates-charts,ChartInteractive.saveChartDescription,Log in to save your chart layouts and access them from any device.,Inicia sesión para guardar tus diseños de gráficos y acceder a ellos desde cualquier dispositivo.,,Pendiente,
componentes/rates-charts,rates-charts,ChartInteractive.saveChartTitle,Save Chart Layout,Guardar diseño del gráfico,,Pendiente,
componentes/rates-charts,rates-charts,ChartPage.FeaturesSection[0].Features[0].SubFeatures[0].content,"You can choose between 6,000 different assets: all Forex crosses (and their reverse too - see below), but also cryptocurrencies, main commodities, indices and US stocks. You can also directly type the asset in the search asset field. Note that you must put a slash between the two currencies of the pair. For example: USD/JPY and not USDJPY.","Puedes elegir entre 6.000 activos diferentes: todos los cruces de Forex (y también sus inversos, ver más abajo), pero también criptomonedas, las principales materias primas, índices y acciones de EE. UU. También puedes escribir directamente el activo en el campo de búsqueda. Ten en cuenta que debes poner una barra entre las dos divisas del par. Por ejemplo: USD/JPY y no USDJPY.",,Pendiente,
componentes/rates-charts,rates-charts,ChartPage.FeaturesSection[0].Features[0].SubFeatures[1].content,"We all know EUR/USD... But do you know USD/EUR? ""It does not exist"" would be the first answer. Wrong! All currency crosses exist in both directions... And they are available on our interactive graph!",Todos conocemos EUR/USD... ¿pero conoces USD/EUR? «No existe» sería la primera respuesta. ¡Error! Todos los cruces de divisas existen en ambas direcciones... ¡y están disponibles en nuestro gráfico interactivo!,,Pendiente,
componentes/rates-charts,rates-charts,ChartPage.FeaturesSection[0].Features[0].SubFeatures[1].title,Reverse crosses,Cruces inversos,,Pendiente,
componentes/rates-charts,rates-charts,ChartPage.FeaturesSection[0].Features[0].title,"Over 6,000 assets",Más de 6.000 activos,,Pendiente,
componentes/rates-charts,rates-charts,ChartPage.FeaturesSection[0].Features[1].SubFeatures[0].content,"You can display the asset rates in 19 different time frames: Intraday (16 time frames available, from 1 to 720 minutes - that is 12 hours), Daily, Weekly, and Monthly.","Puedes mostrar los precios del activo en 19 marcos temporales diferentes: intradía (16 marcos disponibles, de 1 a 720 minutos, es decir, 12 horas), diario, semanal y mensual.",,Pendiente,
componentes/rates-charts,rates-charts,ChartPage.FeaturesSection[0].Features[1].title,Time frames: 19 predefined options,Marcos temporales: 19 opciones predefinidas,,Pendiente,
componentes/rates-charts,rates-charts,ChartPage.FeaturesSection[0].Features[2].SubFeatures[0].content,"On our forex charts, you can display historical data of 250 periods (250 minutes, hours or days), a valuable data you get for free here! You can use this history to make price behavior studies. How to show more historical data? Use the zoom-out option.","En nuestros gráficos de Forex puedes mostrar datos históricos de 250 periodos (250 minutos, horas o días), ¡un dato valioso que obtienes gratis aquí! Puedes usar este historial para realizar estudios del comportamiento del precio. ¿Cómo mostrar más datos históricos? Usa la opción de alejar el zoom.",,Pendiente,
componentes/rates-charts,rates-charts,ChartPage.FeaturesSection[0].Features[2].title,Extensive historical data,Amplios datos históricos,,Pendiente,
componentes/rates-charts,rates-charts,ChartPage.FeaturesSection[0].Features[3].SubFeatures[0].content,"You can add up to 100 technical indicators to your graph, such as Linear Regression, CCI, ADX, and many more.","Puedes añadir hasta 100 indicadores técnicos a tu gráfico, como Regresión Lineal, CCI, ADX y muchos más.",,Pendiente,
componentes/rates-charts,rates-charts,ChartPage.FeaturesSection[0].Features[3].SubFeatures[1].content,"In our commitment to helping traders in their journey, FXStreet is introducing a new tool for this challenging exercise: the FXStreet Fed Sentiment Index indicator.","En nuestro compromiso por ayudar a los traders en su camino, FXStreet presenta una nueva herramienta para este difícil ejercicio: el indicador Índice de Sentimiento de la Fed de FXStreet.",,Pendiente,
componentes/rates-charts,rates-charts,ChartPage.FeaturesSection[0].Features[3].title,Over 100 technical indicators,Más de 100 indicadores técnicos,,Pendiente,
componentes/rates-charts,rates-charts,ChartPage.FeaturesSection[0].title,Chart Features,Características del gráfico,,Pendiente,
componentes/rates-charts,rates-charts,ChartPage.FeaturesSection[1].Features[0].SubFeatures[0].content,You can choose among 12 graph types:,Puedes elegir entre 12 tipos de gráfico:,,Pendiente,
componentes/rates-charts,rates-charts,ChartPage.FeaturesSection[1].Features[0].SubFeatures[1].content,"Line, Candlestick, Bar (OHLC), Bar (HLC), Mountain, Histogram, Heikin Ashi, Points and Stair Steps.","Línea, Velas, Barras (OHLC), Barras (HLC), Montaña, Histograma, Heikin Ashi, Puntos y Escalones.",,Pendiente,
componentes/rates-charts,rates-charts,ChartPage.FeaturesSection[1].Features[0].SubFeatures[1].title,Time-related construction charts,Gráficos de construcción temporal,,Pendiente,
componentes/rates-charts,rates-charts,ChartPage.FeaturesSection[1].Features[1].SubFeatures[0].content,Heikin Ashi graph helps you detect trends - a feature you will only find on professional platforms. The Heikin-Ashi technique helps you identify a trend more easily and detect trading opportunities. Also you can use our Forecast Poll. It’s a tool you can use to improve the isolation of trends (cancelling noise on the graph) and predict future prices. This forex plot type is not considered to be valid to take positions but rather to perform a follow-up of your trading positions.,"El gráfico Heikin Ashi te ayuda a detectar tendencias, una función que solo encontrarás en plataformas profesionales. La técnica Heikin-Ashi te ayuda a identificar una tendencia más fácilmente y a detectar oportunidades de trading. También puedes usar nuestra Encuesta de Pronóstico. Es una herramienta que puedes utilizar para mejorar el aislamiento de las tendencias (cancelando el ruido del gráfico) y predecir precios futuros. Este tipo de gráfico de Forex no se considera válido para tomar posiciones, sino más bien para hacer un seguimiento de tus posiciones de trading.",,Pendiente,
componentes/rates-charts,rates-charts,ChartPage.FeaturesSection[1].Features[1].SubFeatures[0].title,Heikin Ashi,Heikin Ashi,,Pendiente,
componentes/rates-charts,rates-charts,ChartPage.FeaturesSection[1].Features[1].title,Unique Types,Tipos únicos,,Pendiente,
componentes/rates-charts,rates-charts,ChartPage.FeaturesSection[1].title,Forex Chart Types,Tipos de gráficos de Forex,,Pendiente,
componentes/rates-charts,rates-charts,ChartPage.FeaturesSection[2].Features[0].SubFeatures[0].content,"You have plenty of options to draw on your graph, from lines (including trend channels) to arrows, going through rectangles, circles and much more.  Quick option to select where you want your lines to be placed (High, Low, Open or Close). You can also write any text you want to add your particular notes and comments. Another available option to benefit from is the one that allows to configure the color of each of the drawings you put on the board, as well as the line weight (thin, regular or bold).","Tienes muchas opciones para dibujar en tu gráfico, desde líneas (incluidos canales de tendencia) hasta flechas, pasando por rectángulos, círculos y mucho más. Opción rápida para seleccionar dónde quieres colocar tus líneas (Máximo, Mínimo, Apertura o Cierre). También puedes escribir cualquier texto para añadir tus notas y comentarios. Otra opción disponible es la que permite configurar el color de cada uno de los dibujos que pones en el tablero, así como el grosor de la línea (fina, normal o gruesa).",,Pendiente,
componentes/rates-charts,rates-charts,ChartPage.FeaturesSection[2].Features[1].SubFeatures[0].content,Establish profitable opportunities and swing possibilities with it. It’s a technical drawing tool that uses three parallel trendlines to identify of support and resistance levels. It can help you define the price’s future movement range and its medium point.,Identifica oportunidades rentables y posibilidades de oscilación con ella. Es una herramienta de dibujo técnico que utiliza tres líneas de tendencia paralelas para identificar niveles de soporte y resistencia. Puede ayudarte a definir el rango de movimiento futuro del precio y su punto medio.,,Pendiente,
componentes/rates-charts,rates-charts,ChartPage.FeaturesSection[2].Features[1].SubFeatures[0].title,Andrew Pitchfork,Horquilla de Andrews,,Pendiente,
componentes/rates-charts,rates-charts,ChartPage.FeaturesSection[2].Features[1].SubFeatures[1].content,"Map out the magnitude of price moves with Retracements and Arcs. These tools let you draw studies about the possible developments of a price based on its previous move. It can be calculated following different mathematical concepts (Fibonacci, Gann…). While retracements are concerned with just the magnitude of moves, Arcs factor both magnitude and time, offering areas of future support or resistance that will move as time progresses.","Traza la magnitud de los movimientos de precio con los Retrocesos y Arcos. Estas herramientas te permiten dibujar estudios sobre los posibles desarrollos de un precio en función de su movimiento previo. Puede calcularse siguiendo distintos conceptos matemáticos (Fibonacci, Gann…). Mientras que los retrocesos se centran únicamente en la magnitud de los movimientos, los arcos tienen en cuenta tanto la magnitud como el tiempo, ofreciendo zonas de soporte o resistencia futuras que se desplazan a medida que avanza el tiempo.",,Pendiente,
componentes/rates-charts,rates-charts,ChartPage.FeaturesSection[2].Features[1].SubFeatures[1].title,Fibonacci Retracements and Arcs,Retrocesos y arcos de Fibonacci,,Pendiente,
componentes/rates-charts,rates-charts,ChartPage.FeaturesSection[2].Features[1].SubFeatures[2].content,"Determine trend direction with Linear Regression lines, wich analyze two separate variables, price and time, to define a single relationship and predict price trends.","Determina la dirección de la tendencia con las líneas de Regresión Lineal, que analizan dos variables separadas, precio y tiempo, para definir una única relación y predecir las tendencias del precio.",,Pendiente,
componentes/rates-charts,rates-charts,ChartPage.FeaturesSection[2].Features[1].SubFeatures[2].title,Linear Regression lines,Líneas de Regresión Lineal,,Pendiente,
componentes/rates-charts,rates-charts,ChartPage.FeaturesSection[2].Features[1].title,Exclusive drawing tools,Herramientas de dibujo exclusivas,,Pendiente,
componentes/rates-charts,rates-charts,ChartPage.FeaturesSection[2].title,Drawing Tools,Herramientas de dibujo,,Pendiente,
componentes/rates-charts,rates-charts,ChartPage.FeaturesSection[3].Features[0].SubFeatures[0].content,"We offer a tool to compare graphs so you can analyze the price history of two assets and analyze relative performance over a period of time. When you click on “Compare”, you can choose the second asset (currency, equity or index). The graph of both assets will be displayed in the same table, with the percentage of deviation in the right vertical axis. The starting point of both lines is zero. For a clearer view, it’s recommended to choose the “line” type. You can edit the color and weight of each currency.","Ofrecemos una herramienta para comparar gráficos y poder analizar el histórico de precios de dos activos y su rendimiento relativo a lo largo de un periodo de tiempo. Al hacer clic en «Comparar», puedes elegir el segundo activo (divisa, acción o índice). El gráfico de ambos activos se mostrará en la misma tabla, con el porcentaje de desviación en el eje vertical derecho. El punto de partida de ambas líneas es cero. Para una vista más clara, se recomienda elegir el tipo «línea». Puedes editar el color y el grosor de cada divisa.",,Pendiente,
componentes/rates-charts,rates-charts,ChartPage.FeaturesSection[3].Features[0].title,Compare assets,Comparar activos,,Pendiente,
componentes/rates-charts,rates-charts,ChartPage.FeaturesSection[3].title,Advanced Use,Uso avanzado,,Pendiente,
componentes/rates-charts,rates-charts,ChartPage.FeaturesSection[4].Features[0].SubFeatures[0].content,"Once you have customized all the options you need to analyze and trade the asset, you can save it. So when you come back to the board, it’s ready for you to work on!","Una vez que hayas personalizado todas las opciones que necesitas para analizar y operar el activo, puedes guardarlo. Así, cuando vuelvas al tablero, ¡estará listo para que trabajes!",,Pendiente,
componentes/rates-charts,rates-charts,ChartPage.FeaturesSection[4].Features[0].title,Save your configuration,Guarda tu configuración,,Pendiente,
componentes/rates-charts,rates-charts,ChartPage.FeaturesSection[4].Features[1].SubFeatures[0].content,"By clicking on the “Full chart” button, you will detach it from the FXStreet page so you only see and can focus fully on the diagram (no lateral bars, no navigation menu at the top).","Al hacer clic en el botón «Gráfico completo», lo separarás de la página de FXStreet para que solo veas el diagrama y puedas centrarte plenamente en él (sin barras laterales ni menú de navegación en la parte superior).",,Pendiente,
componentes/rates-charts,rates-charts,ChartPage.FeaturesSection[4].Features[1].title,Detach and see it full-screen,Separa y míralo a pantalla completa,,Pendiente,
componentes/rates-charts,rates-charts,ChartPage.FeaturesSection[4].Features[2].SubFeatures[0].content,"In just one click, you can export and save images (.png) of your graphs (with all your indicators, lines, drawings,...) for later analysis and review. Search for the “PNG” icon.","Con un solo clic, puedes exportar y guardar imágenes (.png) de tus gráficos (con todos tus indicadores, líneas, dibujos…) para analizarlas y revisarlas más tarde. Busca el icono «PNG».",,Pendiente,
componentes/rates-charts,rates-charts,ChartPage.FeaturesSection[4].Features[2].title,Export images,Exporta imágenes,,Pendiente,
componentes/rates-charts,rates-charts,ChartPage.FeaturesSection[4].title,"Save, Detach and Export","Guardar, separar y exportar",,Pendiente,
componentes/rates-charts,rates-charts,ChartPage.InformationalSection.FeaturesAndBenefits.fedSentimentIndexLink,/economic-calendar/fed-sentiment-index,/economic-calendar/fed-sentiment-index,,Pendiente,
componentes/rates-charts,rates-charts,ChartPage.InformationalSection.FeaturesAndBenefits.firstBulletpoints[0],"Fully customizable,  updated in real time (tick-by-tick), and completely free of charge — and it will remain so","Totalmente personalizable, actualizado en tiempo real (tick a tick) y completamente gratuito, y así seguirá siendo",,Pendiente,
componentes/rates-charts,rates-charts,ChartPage.InformationalSection.FeaturesAndBenefits.firstBulletpoints[1],"Access to over 6,000 assets, including all Forex pairs, cryptocurrencies, commodities, indices, and US stocks, with unique interbank rates","Acceso a más de 6.000 activos, incluyendo todos los pares de Forex, criptomonedas, materias primas, índices y acciones de EE. UU., con tipos interbancarios únicos",,Pendiente,
componentes/rates-charts,rates-charts,ChartPage.InformationalSection.FeaturesAndBenefits.firstBulletpoints[2],"Extensive historical data and more than 100 technical indicators, including the FXStreet Fed Sentiment Index","Amplios datos históricos y más de 100 indicadores técnicos, incluido el Índice de Sentimiento de la Fed de FXStreet",,Pendiente,
componentes/rates-charts,rates-charts,ChartPage.InformationalSection.FeaturesAndBenefits.firstBulletpoints[3],Ability to save your personalized configurations for a more efficient workflow,Posibilidad de guardar tus configuraciones personalizadas para un flujo de trabajo más eficiente,,Pendiente,
componentes/rates-charts,rates-charts,ChartPage.InformationalSection.FeaturesAndBenefits.intro,"An absolutely must-use tool for the trader, <link>FXStreet’s Interactive Chart</link> offers a very professional platform","Una herramienta absolutamente imprescindible para el trader, <link>el gráfico interactivo de FXStreet</link> ofrece una plataforma muy profesional",,Pendiente,
componentes/rates-charts,rates-charts,ChartPage.InformationalSection.FeaturesAndBenefits.linkIntro,/rates-charts/chart-interactive,/rates-charts/chart-interactive,,Pendiente,
componentes/rates-charts,rates-charts,ChartPage.InformationalSection.FeaturesAndBenefits.outro,Here below you have a complete description of its most interesting features and benefits so you can make the most of it.,A continuación encontrarás una descripción completa de sus características y ventajas más interesantes para que puedas aprovecharlo al máximo.,,Pendiente,
componentes/rates-charts,rates-charts,ChartPage.InformationalSection.FeaturesAndBenefits.title,Features and benefits,Características y ventajas,,Pendiente,
componentes/rates-charts,rates-charts,ChartPage.InformationalSection.FxstreetFedSentimentIndex.content[0],"There are many factors that impact asset valuations, such as macroeconomic data releases, geopolitical developments, and political headlines. Nevertheless, one of the arguably most closely watched market drivers is Fedspeak – a form of forward guidance that contains official and alternative communications by the Federal Reserve (Fed) officials.","Hay muchos factores que influyen en la valoración de los activos, como la publicación de datos macroeconómicos, los acontecimientos geopolíticos y los titulares políticos. No obstante, uno de los motores de mercado más observados es el discurso de la Fed (Fedspeak), una forma de orientación a futuro que recoge las comunicaciones oficiales y alternativas de los funcionarios de la Reserva Federal (Fed).",,Pendiente,
componentes/rates-charts,rates-charts,ChartPage.InformationalSection.FxstreetFedSentimentIndex.content[1],"In our commitment to finding actionable insights to help retail traders in their journey, FXStreet is introducing a new tool to help solve this difficult exercise: the <link>FXStreet Fed Sentiment Index</link> indicator.","En nuestro compromiso por encontrar ideas accionables que ayuden a los traders minoristas en su camino, FXStreet presenta una nueva herramienta para ayudar a resolver este difícil ejercicio: el indicador <link>Índice de Sentimiento de la Fed de FXStreet</link>.",,Pendiente,
componentes/rates-charts,rates-charts,ChartPage.InformationalSection.FxstreetFedSentimentIndex.content[2],"FXStreet Fed Sentiment Index indicator presents the Fed’s tone as a single value, considering comments from all voting and non-voting members of the FOMC in TV appearances, conferences, interviews, as well as the Fed’s official written communications and more.","El indicador Índice de Sentimiento de la Fed de FXStreet presenta el tono de la Fed como un único valor, teniendo en cuenta los comentarios de todos los miembros del FOMC, con y sin derecho a voto, en apariciones televisivas, conferencias, entrevistas, así como las comunicaciones escritas oficiales de la Fed y más.",,Pendiente,
componentes/rates-charts,rates-charts,ChartPage.InformationalSection.FxstreetFedSentimentIndex.content[3],The FXStreet Fed Sentiment Index indicator is adjusted every time a Fed policymaker comments on the policy outlook. It aims to explain how markets perceive the Fed language in its totality over a longer period of time.,El indicador Índice de Sentimiento de la Fed de FXStreet se ajusta cada vez que un responsable de la Fed comenta sobre las perspectivas de política monetaria. Su objetivo es explicar cómo perciben los mercados el lenguaje de la Fed en su totalidad a lo largo de un periodo de tiempo más amplio.,,Pendiente,
componentes/rates-charts,rates-charts,ChartPage.InformationalSection.FxstreetFedSentimentIndex.content[4],You will be surprised by all it has to offer.,Te sorprenderá todo lo que ofrece.,,Pendiente,
componentes/rates-charts,rates-charts,ChartPage.InformationalSection.FxstreetFedSentimentIndex.link,/economic-calendar/fed-sentiment-index,/economic-calendar/fed-sentiment-index,,Pendiente,
componentes/rates-charts,rates-charts,ChartPage.InformationalSection.FxstreetFedSentimentIndex.title,FXStreet Fed sentiment index,Índice de Sentimiento de la Fed de FXStreet,,Pendiente,
componentes/rates-charts,rates-charts,ChartPage.InformationalSection.UniqueInterbankRates.content[0],"The majority of other information websites display prices from a single source, most of the time from one retail broker-dealer.","La mayoría de los demás sitios de información muestran precios de una única fuente, la mayoría de las veces de un solo bróker-dealer minorista.",,Pendiente,
componentes/rates-charts,rates-charts,ChartPage.InformationalSection.UniqueInterbankRates.content[1],"At FXStreet, traders get interbank rates coming from a systematic selection of data providers that deliver millions of updates per day.","En FXStreet, los traders obtienen tipos interbancarios procedentes de una selección sistemática de proveedores de datos que ofrecen millones de actualizaciones al día.",,Pendiente,
componentes/rates-charts,rates-charts,ChartPage.InformationalSection.UniqueInterbankRates.content[2],"Interbank quotes are essential for realistic valuations, such as comparison between interbank and a particular broker-dealer's rates; calculating risk exposure; analyzing performance; and justifying trades since price-driven indicators are much more reliable when using interbank rates.","Las cotizaciones interbancarias son esenciales para valoraciones realistas, como la comparación entre los tipos interbancarios y los de un bróker-dealer concreto; el cálculo de la exposición al riesgo; el análisis del rendimiento; y la justificación de operaciones, ya que los indicadores basados en el precio son mucho más fiables cuando se utilizan tipos interbancarios.",,Pendiente,
componentes/rates-charts,rates-charts,ChartPage.InformationalSection.UniqueInterbankRates.content[3],"<link>Our rates</link> are provided by Teletrader, a worldwide financial information provider to institutions like banks, brokers and stock exchanges.","<link>Nuestros tipos</link> los proporciona Teletrader, un proveedor mundial de información financiera para instituciones como bancos, brókeres y bolsas de valores.",,Pendiente,
componentes/rates-charts,rates-charts,ChartPage.InformationalSection.UniqueInterbankRates.link,/rates-charts/rates,/rates-charts/rates,,Pendiente,
componentes/rates-charts,rates-charts,ChartPage.InformationalSection.UniqueInterbankRates.title,Unique interbank rates,Tipos interbancarios únicos,,Pendiente,
componentes/rates-charts,rates-charts,ChartPage.InformationalSection.title,Make the most of FXStreet Forex Interactive Chart,Saca el máximo partido al gráfico interactivo de Forex de FXStreet,,Pendiente,
componentes/rates-charts,rates-charts,ChartPage.InteractiveTradingSection.content,"Real-time interbank forex rates for more than 1,600 assets acrThe Forex Charts offer over 6,000 graphs in real-time with Forex Interbank rates, Cryptocurrencies, Commodities, Equity Indices and US stocks. It includes 19 time frames and flexible line tools. It also presents a vast range of technical indicators (over 100) such as Linear Regression, CCI, ADX, <link>the FXStreet Fed Sentiment Index</link>, and many more. You can detach the graph and see it full-screen. ","Tipos de cambio de Forex interbancarios en tiempo real para más de 1.600 activos. Los gráficos de Forex ofrecen más de 6.000 gráficos en tiempo real con tipos interbancarios de Forex, criptomonedas, materias primas, índices bursátiles y acciones de EE. UU. Incluye 19 marcos temporales y herramientas de líneas flexibles. También presenta una amplia gama de indicadores técnicos (más de 100) como Regresión Lineal, CCI, ADX, <link>el Índice de Sentimiento de la Fed de FXStreet</link> y muchos más. Puedes separar el gráfico y verlo a pantalla completa. ",,Pendiente,
componentes/rates-charts,rates-charts,ChartPage.InteractiveTradingSection.link,/economic-calendar/fed-sentiment-index,/economic-calendar/fed-sentiment-index,,Pendiente,
componentes/rates-charts,rates-charts,ChartPage.InteractiveTradingSection.title,Interactive Trading Chart,Gráfico de trading interactivo,,Pendiente,
componentes/rates-charts,rates-charts,ChartPage.title,Live Forex Charts,Gráficos de Forex en vivo,,Pendiente,
componentes/rates-charts,rates-charts,FaqsSection.faqs.audusd[0].answer,"AUD/USD is the currency pair that gauges the Australian Dollar’s (AUD) value against the US Dollar (USD), showing how many USD are needed to buy one AUD. AUD/USD is presented as an exchange rate that fluctuates based on supply and demand dynamics in the foreign exchange market. The relative strength of the United States (US) and the Australian economies, central bank policies, trade relations and political developments are among the factors that impact the exchange rate. AUD/USD is one of the most popular currency pairs among investors due to its high trading volumes and relatively low spreads.","El AUD/USD es el par de divisas que mide el valor del Dólar australiano (AUD) frente al Dólar estadounidense (USD), mostrando cuántos USD se necesitan para comprar un AUD. El AUD/USD se presenta como un tipo de cambio que fluctúa en función de la dinámica de oferta y demanda en el mercado de divisas. La fortaleza relativa de las economías de Estados Unidos (EE. UU.) y de Australia, las políticas de los bancos centrales, las relaciones comerciales y los acontecimientos políticos están entre los factores que influyen en el tipo de cambio. El AUD/USD es uno de los pares de divisas más populares entre los inversores debido a su elevado volumen de negociación y a sus diferenciales relativamente bajos.",,Pendiente,
componentes/rates-charts,rates-charts,FaqsSection.faqs.audusd[0].question,What is AUD/USD?,¿Qué es el AUD/USD?,,Pendiente,
componentes/rates-charts,rates-charts,FaqsSection.faqs.audusd[1].answer,"Market forecasting is very hard and models tend to fail to account for rapid changes and unexpected events, which can easily occur. Still, traders use multiple methods to analyze where the AUD/USD exchange rate could be in the short, medium, and long term. On the one hand, traders use technical analysis, which involves drawing price patterns on a chart and using mathematical indicators, to try to anticipate future price action. On the other hand, traders use macroeconomic or fundamental analysis, which focuses on economic developments such as central bank policies, employment, inflation, and growth data, to assess economic health. Finally, the sentiment analysis gauges the overall risk perception of markets to determine whether a currency is more likely to benefit from safe-haven flows or heightened risk appetite. Investors tend to make their trading decisions based on a combination of all these methods.","Pronosticar el mercado es muy difícil y los modelos tienden a no tener en cuenta los cambios rápidos y los eventos inesperados, que pueden ocurrir con facilidad. Aun así, los traders utilizan múltiples métodos para analizar dónde podría estar el tipo de cambio del AUD/USD a corto, medio y largo plazo. Por un lado, los traders usan el análisis técnico, que consiste en dibujar patrones de precio en un gráfico y utilizar indicadores matemáticos, para tratar de anticipar la acción futura del precio. Por otro lado, los traders usan el análisis macroeconómico o fundamental, que se centra en acontecimientos económicos como las políticas de los bancos centrales, el empleo, la inflación y los datos de crecimiento, para evaluar la salud económica. Por último, el análisis del sentimiento mide la percepción general de riesgo de los mercados para determinar si es más probable que una divisa se beneficie de los flujos hacia activos refugio o de un mayor apetito por el riesgo. Los inversores tienden a tomar sus decisiones de trading basándose en una combinación de todos estos métodos.",,Pendiente,
componentes/rates-charts,rates-charts,FaqsSection.faqs.audusd[1].question,How can I forecast the AUD/USD exchange rate?,¿Cómo puedo pronosticar el tipo de cambio del AUD/USD?,,Pendiente,
componentes/rates-charts,rates-charts,FaqsSection.faqs.audusd[2].answer,"The AUD/USD exchange rate is influenced by a wide range of economic and financial factors. The Reserve Bank of Australia (RBA) and the Federal Reserve’s (Fed) monetary policy strategy, based on inflation trends, the state of the economy and the labor market conditions, arguably play the most important role in determining the exchange rate. Additionally, fiscal policies, trade relations and political developments could drive the demand and/or supply for currencies, impacting the exchange rate.","El tipo de cambio del AUD/USD está influido por una amplia gama de factores económicos y financieros. La estrategia de política monetaria del Banco de la Reserva de Australia (RBA) y de la Reserva Federal (Fed), basada en las tendencias de la inflación, el estado de la economía y las condiciones del mercado laboral, probablemente desempeña el papel más importante a la hora de determinar el tipo de cambio. Además, las políticas fiscales, las relaciones comerciales y los acontecimientos políticos podrían impulsar la demanda y/o la oferta de divisas, afectando al tipo de cambio.",,Pendiente,
componentes/rates-charts,rates-charts,FaqsSection.faqs.audusd[2].question,Which factors influence the AUD/USD exchange rate?,¿Qué factores influyen en el tipo de cambio del AUD/USD?,,Pendiente,
componentes/rates-charts,rates-charts,FaqsSection.faqs.audusd[3].answer,"Central banks use various tools to fulfill their mandates, typically focused on controlling inflation and supporting the labor market. Interest rates are the main tool, but not the only one. However, it's the one that impacts financial markets the most as it's directly related to borrowing costs, both for people and companies. For example, if the Reserve Bank of Australia decides to raise interest rates to battle rising inflation, higher yields for holding onto the AUD make it more attractive to investors. As a result, the diminishing supply of the AUD in circulation helps it appreciate. Conversely, the US Dollar could depreciate if the Federal Reserve responds to worsening labor market conditions by lowering interest rates, thus making it less costly to borrow. AUD/USD rises if the RBA’s policy decisions are seen as supportive for the Australian Dollar or the Fed’s strategy is negative for the US Dollar, and vice versa.","Los bancos centrales utilizan diversas herramientas para cumplir sus mandatos, normalmente centrados en controlar la inflación y apoyar el mercado laboral. Los tipos de interés son la herramienta principal, pero no la única. Sin embargo, son los que más impactan en los mercados financieros, ya que están directamente relacionados con los costes de financiación, tanto para personas como para empresas. Por ejemplo, si el Banco de la Reserva de Australia decide subir los tipos de interés para combatir el aumento de la inflación, los mayores rendimientos por mantener el AUD lo hacen más atractivo para los inversores. Como resultado, la menor oferta de AUD en circulación ayuda a que se aprecie. Por el contrario, el Dólar estadounidense podría depreciarse si la Reserva Federal responde al empeoramiento de las condiciones del mercado laboral bajando los tipos de interés, abaratando así el coste de los préstamos. El AUD/USD sube si las decisiones de política del RBA se consideran favorables para el Dólar australiano o si la estrategia de la Fed es negativa para el Dólar estadounidense, y viceversa.",,Pendiente,
componentes/rates-charts,rates-charts,FaqsSection.faqs.audusd[3].question,How do central bank policies influence the AUD/USD exchange rate?,¿Cómo influyen las políticas de los bancos centrales en el tipo de cambio del AUD/USD?,,Pendiente,
componentes/rates-charts,rates-charts,FaqsSection.faqs.audusd[4].answer,"Trading AUD/USD involves buying or selling the Australian Dollar against the US Dollar in the foreign exchange market. While it’s possible to exchange physical currencies at banks or exchange offices, this method isn’t optimal due to the high costs involved. Instead, investors typically prefer to trade in the foreign exchange market through brokers’ digital platforms. Trading currency pairs online ensures low costs, fast execution times, and even provides the opportunity to use leverage, depending on how much risk an investor is willing to take.","Operar el AUD/USD implica comprar o vender el Dólar australiano frente al Dólar estadounidense en el mercado de divisas. Aunque es posible cambiar divisas físicas en bancos u oficinas de cambio, este método no es óptimo debido a los elevados costes que conlleva. En su lugar, los inversores suelen preferir operar en el mercado de divisas a través de las plataformas digitales de los brókeres. Operar pares de divisas en línea garantiza costes bajos, tiempos de ejecución rápidos e incluso ofrece la posibilidad de usar apalancamiento en función del riesgo que el inversor esté dispuesto a asumir.",,Pendiente,
componentes/rates-charts,rates-charts,FaqsSection.faqs.audusd[4].question,How can I trade AUD/USD?,¿Cómo puedo operar el AUD/USD?,,Pendiente,
componentes/rates-charts,rates-charts,FaqsSection.faqs.audusd[5].answer,"Most online trading platforms allow trading of currency pairs 24 hours every weekday. However, if a broker uses dynamic spreads, it will be more costly to trade AUD/USD during periods of low market activity, when volatility and liquidity are thin. Hence, most traders might prefer to trade AUD/USD by the end of the American session and when Asian markets open, between 20:00 GMT and 06:00 GMT. In addition to heightened market activity, macroeconomic data releases can also provide trading opportunities.","La mayoría de las plataformas de trading en línea permiten operar pares de divisas las 24 horas de cada día laborable. Sin embargo, si un bróker utiliza diferenciales dinámicos, será más costoso operar el AUD/USD durante los periodos de baja actividad del mercado, cuando la volatilidad y la liquidez son escasas. Por ello, la mayoría de los traders prefieren operar el AUD/USD al final de la sesión americana y cuando abren los mercados asiáticos, entre las 20:00 y las 06:00 GMT. Además de una mayor actividad del mercado, las publicaciones de datos macroeconómicos también pueden ofrecer oportunidades de trading.",,Pendiente,
componentes/rates-charts,rates-charts,FaqsSection.faqs.audusd[5].question,What is the best time to trade AUD/USD?,¿Cuál es el mejor momento para operar el AUD/USD?,,Pendiente,
componentes/rates-charts,rates-charts,FaqsSection.faqs.audusd[6].answer,"Technical analysis is a popular method for forecasting movements in the AUD/USD exchange rate. It involves studying historical price movements to identify trends, patterns and key support and resistance levels, which then can be used to enter or exit positions. There are also a variety of popular mathematical-based indicators, such as the Relative Strength Index (RSI), Momentum, Bollinger Bands, and Moving Averages, that traders use to confirm the continuation of trends or to spot oversold or overbought conditions in markets. Candlestick analysis is another highly used method within technical analysis, as it helps traders assess changes in bullish or bearish momentum by looking at specific candlestick formations, such as doji, engulfing, or hammer patterns.","El análisis técnico es un método popular para pronosticar los movimientos del tipo de cambio del AUD/USD. Consiste en estudiar los movimientos históricos de los precios para identificar tendencias, patrones y niveles clave de soporte y resistencia, que luego pueden utilizarse para abrir o cerrar posiciones. También existe una variedad de indicadores populares de base matemática, como el Índice de Fuerza Relativa (RSI), el Momentum, las Bandas de Bollinger y las Medias Móviles, que los traders utilizan para confirmar la continuación de las tendencias o para detectar condiciones de sobreventa o sobrecompra en los mercados. El análisis de velas es otro método muy utilizado dentro del análisis técnico, ya que ayuda a los traders a evaluar los cambios en el impulso alcista o bajista observando formaciones de velas específicas, como los patrones doji, envolvente o martillo.",,Pendiente,
componentes/rates-charts,rates-charts,FaqsSection.faqs.audusd[6].question,How is technical analysis used in trading AUD/USD?,¿Cómo se utiliza el análisis técnico para operar el AUD/USD?,,Pendiente,
componentes/rates-charts,rates-charts,FaqsSection.faqs.btcusd[0].answer,"Bitcoin is the world’s largest cryptocurrency by market capitalization. BTC/USD is the pair that gauges Bitcoin’s (BTC) value against the US Dollar (USD), showing how many USD are needed to buy one Bitcoin. BTC/USD is presented as an exchange rate that fluctuates based on supply and demand dynamics in the cryptocurrency market. Because cryptocurrencies are not fully regulated, their price movements are largely driven by market sentiment and speculation rather than the economic health of a specific economy. Nevertheless, United States (US) macroeconomic and fundamental developments that affect the USD can also influence the BTC/USD pair.","El Bitcoin es la mayor criptomoneda del mundo por capitalización bursátil. El BTC/USD es el par que mide el valor del Bitcoin (BTC) frente al Dólar estadounidense (USD), mostrando cuántos USD se necesitan para comprar un Bitcoin. El BTC/USD se presenta como un tipo de cambio que fluctúa en función de la dinámica de oferta y demanda en el mercado de criptomonedas. Dado que las criptomonedas no están totalmente reguladas, sus movimientos de precio están impulsados en gran medida por el sentimiento del mercado y la especulación, más que por la salud económica de una economía concreta. No obstante, los acontecimientos macroeconómicos y fundamentales de Estados Unidos (EE. UU.) que afectan al USD también pueden influir en el par BTC/USD.",,Pendiente,
componentes/rates-charts,rates-charts,FaqsSection.faqs.btcusd[0].question,What is Bitcoin?,¿Qué es el Bitcoin?,,Pendiente,
componentes/rates-charts,rates-charts,FaqsSection.faqs.btcusd[1].answer,"Market forecasting is very hard and models tend to fail to account for rapid changes and unexpected events, which can easily occur. Still, traders use multiple methods to analyze where the BTC/USD exchange rate could be in the short, medium, and long term. Technical analysis involves identifying price patterns and using mathematical indicators to anticipate future price action. Fundamental or macroeconomic analysis focuses on broader economic developments such as central bank policies, inflation, employment, and growth data. Sentiment analysis gauges overall market risk appetite. In the case of cryptocurrencies, traders also examine on-chain metrics, such as transaction volumes and the number of active addresses, which can be verified directly on the blockchain. Most investors rely on a combination of these approaches.","Pronosticar el mercado es muy difícil y los modelos tienden a no tener en cuenta los cambios rápidos y los eventos inesperados, que pueden ocurrir con facilidad. Aun así, los traders utilizan múltiples métodos para analizar dónde podría estar el tipo de cambio del BTC/USD a corto, medio y largo plazo. El análisis técnico consiste en identificar patrones de precio y utilizar indicadores matemáticos para anticipar la acción futura del precio. El análisis fundamental o macroeconómico se centra en acontecimientos económicos más amplios, como las políticas de los bancos centrales, la inflación, el empleo y los datos de crecimiento. El análisis del sentimiento mide el apetito general por el riesgo del mercado. En el caso de las criptomonedas, los traders también examinan métricas on-chain, como los volúmenes de transacciones y el número de direcciones activas, que pueden verificarse directamente en la blockchain. La mayoría de los inversores se apoyan en una combinación de estos enfoques.",,Pendiente,
componentes/rates-charts,rates-charts,FaqsSection.faqs.btcusd[1].question,How can I forecast the BTC/USD exchange rate?,¿Cómo puedo pronosticar el tipo de cambio del BTC/USD?,,Pendiente,
componentes/rates-charts,rates-charts,FaqsSection.faqs.btcusd[2].answer,"The BTC/USD exchange rate is influenced by a wide range of economic and financial factors. Supply and demand dynamics in the cryptocurrency market and regulatory developments are among the most important drivers. United States (US) macroeconomic events that affect the US Dollar can also impact the pair. Additionally, the Federal Reserve’s (Fed) monetary policy strategy, fiscal policies, trade relations, and political developments can influence demand and supply for Bitcoin, affecting its price.","El tipo de cambio del BTC/USD está influido por una amplia gama de factores económicos y financieros. La dinámica de oferta y demanda en el mercado de criptomonedas y los acontecimientos regulatorios están entre los motores más importantes. Los eventos macroeconómicos de Estados Unidos (EE. UU.) que afectan al Dólar estadounidense también pueden impactar en el par. Además, la estrategia de política monetaria de la Reserva Federal (Fed), las políticas fiscales, las relaciones comerciales y los acontecimientos políticos pueden influir en la demanda y la oferta de Bitcoin, afectando a su precio.",,Pendiente,
componentes/rates-charts,rates-charts,FaqsSection.faqs.btcusd[2].question,Which factors influence the BTC/USD exchange rate?,¿Qué factores influyen en el tipo de cambio del BTC/USD?,,Pendiente,
componentes/rates-charts,rates-charts,FaqsSection.faqs.btcusd[3].answer,"Trading BTC/USD involves buying or selling Bitcoin against the US Dollar. Since Bitcoin is a digital asset, it cannot be exchanged physically at banks or exchange offices. Instead, investors trade BTC/USD through brokers’ digital platforms or cryptocurrency exchanges. Trading cryptocurrencies online typically offers low costs, fast execution times, and may provide access to leverage, depending on the platform and the investor’s risk tolerance.","Operar el BTC/USD implica comprar o vender Bitcoin frente al Dólar estadounidense. Dado que el Bitcoin es un activo digital, no puede intercambiarse físicamente en bancos u oficinas de cambio. En su lugar, los inversores operan el BTC/USD a través de las plataformas digitales de los brókeres o de los exchanges de criptomonedas. Operar criptomonedas en línea normalmente ofrece costes bajos, tiempos de ejecución rápidos y puede dar acceso a apalancamiento, según la plataforma y la tolerancia al riesgo del inversor.",,Pendiente,
componentes/rates-charts,rates-charts,FaqsSection.faqs.btcusd[3].question,How can I trade BTC/USD?,¿Cómo puedo operar el BTC/USD?,,Pendiente,
componentes/rates-charts,rates-charts,FaqsSection.faqs.btcusd[4].answer,"Bitcoin, like most cryptocurrencies, is considered a high-risk investment due to its extreme volatility and limited regulatory oversight. Unlike traditional assets such as fiat currencies, commodities, or stocks, cryptocurrencies do not have an underlying physical asset, which adds to their risk profile. However, Bitcoin is a legitimate investment and has the potential to generate high returns. As with any financial investment, caution is advised, including using reputable platforms and fully understanding the risk-reward trade-off.","El Bitcoin, como la mayoría de las criptomonedas, se considera una inversión de alto riesgo debido a su extrema volatilidad y a su limitada supervisión regulatoria. A diferencia de activos tradicionales como las divisas fiat, las materias primas o las acciones, las criptomonedas no tienen un activo físico subyacente, lo que aumenta su perfil de riesgo. Sin embargo, el Bitcoin es una inversión legítima y tiene el potencial de generar rentabilidades elevadas. Como con cualquier inversión financiera, se aconseja precaución, incluido el uso de plataformas de confianza y la comprensión plena de la relación riesgo-recompensa.",,Pendiente,
componentes/rates-charts,rates-charts,FaqsSection.faqs.btcusd[4].question,Is it safe to invest in Bitcoin?,¿Es seguro invertir en Bitcoin?,,Pendiente,
componentes/rates-charts,rates-charts,FaqsSection.faqs.btcusd[5].answer,"Bitcoin has a maximum total supply of 21 million coins. One of Bitcoin’s defining characteristics is its limited supply, meaning no new Bitcoins will be created once this limit is reached. The number of new Bitcoins issued per block is reduced by half roughly every four years through a process known as halving. As a result, the final Bitcoin is expected to be mined around the year 2140. Due to rounding in the underlying arithmetic, the total supply is unlikely to ever reach exactly 21 million coins.","El Bitcoin tiene un suministro total máximo de 21 millones de monedas. Una de las características que definen al Bitcoin es su suministro limitado, lo que significa que no se crearán nuevos Bitcoins una vez alcanzado este límite. El número de nuevos Bitcoins emitidos por bloque se reduce a la mitad aproximadamente cada cuatro años mediante un proceso conocido como halving. Como resultado, se espera que el último Bitcoin se mine en torno al año 2140. Debido al redondeo en la aritmética subyacente, es poco probable que el suministro total llegue alguna vez a exactamente 21 millones de monedas.",,Pendiente,
componentes/rates-charts,rates-charts,FaqsSection.faqs.btcusd[5].question,What is Bitcoin’s maximum supply?,¿Cuál es el suministro máximo del Bitcoin?,,Pendiente,
componentes/rates-charts,rates-charts,FaqsSection.faqs.btcusd[6].answer,"Technical analysis is widely used to forecast movements in the BTC/USD exchange rate. It involves analyzing historical price data to identify trends, chart patterns, and key support and resistance levels, which can help traders decide when to enter or exit positions. Traders also use indicators such as the Relative Strength Index (RSI), Momentum, Bollinger Bands, and Moving Averages to confirm trend direction or identify overbought and oversold conditions. Candlestick analysis further helps assess shifts in bullish or bearish momentum through formations such as doji, engulfing, or hammer patterns.","El análisis técnico se utiliza ampliamente para pronosticar los movimientos del tipo de cambio del BTC/USD. Consiste en analizar los datos históricos de precios para identificar tendencias, patrones gráficos y niveles clave de soporte y resistencia, que pueden ayudar a los traders a decidir cuándo abrir o cerrar posiciones. Los traders también utilizan indicadores como el Índice de Fuerza Relativa (RSI), el Momentum, las Bandas de Bollinger y las Medias Móviles para confirmar la dirección de la tendencia o identificar condiciones de sobrecompra y sobreventa. El análisis de velas ayuda además a evaluar los cambios en el impulso alcista o bajista a través de formaciones como los patrones doji, envolvente o martillo.",,Pendiente,
componentes/rates-charts,rates-charts,FaqsSection.faqs.btcusd[6].question,How is technical analysis used in trading BTC/USD?,¿Cómo se utiliza el análisis técnico para operar el BTC/USD?,,Pendiente,
componentes/rates-charts,rates-charts,FaqsSection.faqs.dollarindexspot[0].answer,"The US Dollar Index (DXY) measures the value of the US Dollar (USD) against a basket of six major currencies: the Euro (EUR), the Japanese Yen (JPY), the Pound Sterling (GBP), the Canadian Dollar (CAD), the Swiss Franc (CHF) and the Swedish Krona (SEK). The DXY is presented as an exchange rate that fluctuates based on supply and demand dynamics in the foreign exchange market. The relative strength of the United States (US) economy compared with the other economies in the basket, central bank policies, trade relations and political developments are among the key factors that influence the index. The DXY is one of the most popular assets among investors due to its high trading volumes and relatively low spreads.","El Índice del Dólar estadounidense (DXY) mide el valor del Dólar estadounidense (USD) frente a una cesta de seis divisas principales: el Euro (EUR), el Yen japonés (JPY), la Libra esterlina (GBP), el Dólar canadiense (CAD), el Franco suizo (CHF) y la Corona sueca (SEK). El DXY se presenta como un tipo de cambio que fluctúa en función de la dinámica de oferta y demanda en el mercado de divisas. La fortaleza relativa de la economía de Estados Unidos (EE. UU.) frente a las demás economías de la cesta, las políticas de los bancos centrales, las relaciones comerciales y los acontecimientos políticos están entre los factores clave que influyen en el índice. El DXY es uno de los activos más populares entre los inversores debido a su elevado volumen de negociación y a sus diferenciales relativamente bajos.",,Pendiente,
componentes/rates-charts,rates-charts,FaqsSection.faqs.dollarindexspot[0].question,What is the US Dollar Index (DXY)?,¿Qué es el Índice del Dólar estadounidense (DXY)?,,Pendiente,
componentes/rates-charts,rates-charts,FaqsSection.faqs.dollarindexspot[1].answer,"The US Dollar Index (DXY) is important because it is widely seen as a gauge of US economic strength and overall confidence in the US Dollar. The United States is the world’s largest economy, and the USD is the most widely used global currency. Many countries hold the USD as a reserve asset, and it is extensively used in international trade invoicing. As a result, movements in the DXY can have broad implications for global financial markets.","El Índice del Dólar estadounidense (DXY) es importante porque se considera ampliamente un indicador de la fortaleza económica de EE. UU. y de la confianza general en el Dólar estadounidense. Estados Unidos es la mayor economía del mundo y el USD es la divisa más utilizada a nivel mundial. Muchos países mantienen el USD como activo de reserva y se utiliza de forma generalizada en la facturación del comercio internacional. Como resultado, los movimientos del DXY pueden tener amplias implicaciones para los mercados financieros mundiales.",,Pendiente,
componentes/rates-charts,rates-charts,FaqsSection.faqs.dollarindexspot[1].question,Why is the US Dollar Index important?,¿Por qué es importante el Índice del Dólar estadounidense?,,Pendiente,
componentes/rates-charts,rates-charts,FaqsSection.faqs.dollarindexspot[2].answer,"Market forecasting is very hard and models often fail to account for rapid changes and unexpected events. Still, traders use several methods to analyze where the DXY could move in the short, medium and long term. Technical analysis involves studying price charts and mathematical indicators to anticipate future movements. Fundamental or macroeconomic analysis focuses on economic developments such as central bank policies, inflation, employment and growth data. Sentiment analysis assesses overall market risk perception to determine whether the US Dollar is likely to benefit from safe-haven flows or stronger risk appetite. Traders typically combine these approaches.","Pronosticar el mercado es muy difícil y los modelos a menudo no logran tener en cuenta los cambios rápidos y los eventos inesperados. Aun así, los traders utilizan varios métodos para analizar hacia dónde podría moverse el DXY a corto, medio y largo plazo. El análisis técnico consiste en estudiar los gráficos de precios y los indicadores matemáticos para anticipar los movimientos futuros. El análisis fundamental o macroeconómico se centra en acontecimientos económicos como las políticas de los bancos centrales, la inflación, el empleo y los datos de crecimiento. El análisis del sentimiento evalúa la percepción general de riesgo del mercado para determinar si es probable que el Dólar estadounidense se beneficie de los flujos hacia activos refugio o de un mayor apetito por el riesgo. Los traders suelen combinar estos enfoques.",,Pendiente,
componentes/rates-charts,rates-charts,FaqsSection.faqs.dollarindexspot[2].question,How can I forecast the US Dollar Index?,¿Cómo puedo pronosticar el Índice del Dólar estadounidense?,,Pendiente,
componentes/rates-charts,rates-charts,FaqsSection.faqs.dollarindexspot[3].answer,"The valuation of the DXY is influenced by a wide range of economic and financial factors. The Federal Reserve’s (Fed) monetary policy decisions, driven by inflation trends, economic growth and labor market conditions, play a central role. In addition, fiscal policy, trade relations and political developments in the United States and in the economies of the basket currencies can affect demand and supply dynamics, influencing the index.","La valoración del DXY está influida por una amplia gama de factores económicos y financieros. Las decisiones de política monetaria de la Reserva Federal (Fed), impulsadas por las tendencias de la inflación, el crecimiento económico y las condiciones del mercado laboral, desempeñan un papel central. Además, la política fiscal, las relaciones comerciales y los acontecimientos políticos en Estados Unidos y en las economías de las divisas de la cesta pueden afectar a la dinámica de oferta y demanda, influyendo en el índice.",,Pendiente,
componentes/rates-charts,rates-charts,FaqsSection.faqs.dollarindexspot[3].question,Which factors influence the US Dollar Index’s valuation?,¿Qué factores influyen en la valoración del Índice del Dólar estadounidense?,,Pendiente,
componentes/rates-charts,rates-charts,FaqsSection.faqs.dollarindexspot[4].answer,"The DXY is calculated using a weighted geometric average of the exchange rates between the US Dollar and the six currencies in its basket. The Euro has the largest weight at 57.6%, followed by the Japanese Yen at 13.6%, the Pound Sterling at 11.9%, the Canadian Dollar at 9.1%, the Swedish Krona at 4.2% and the Swiss Franc at 3.6%.","El DXY se calcula utilizando una media geométrica ponderada de los tipos de cambio entre el Dólar estadounidense y las seis divisas de su cesta. El Euro tiene la mayor ponderación, con un 57,6%, seguido del Yen japonés con un 13,6%, la Libra esterlina con un 11,9%, el Dólar canadiense con un 9,1%, la Corona sueca con un 4,2% y el Franco suizo con un 3,6%.",,Pendiente,
componentes/rates-charts,rates-charts,FaqsSection.faqs.dollarindexspot[4].question,How is the DXY calculated?,¿Cómo se calcula el DXY?,,Pendiente,
componentes/rates-charts,rates-charts,FaqsSection.faqs.dollarindexspot[5].answer,"Trading the US Dollar Index involves gaining exposure to the US Dollar against a basket of six major currencies. While it is possible to physically exchange US Dollars for other currencies, the DXY itself cannot be bought or sold physically. Instead, investors trade the index through brokers’ digital platforms, typically using derivatives. Trading the DXY online offers low transaction costs, fast execution times and, depending on the platform, the opportunity to use leverage, based on an investor’s risk tolerance.","Operar el Índice del Dólar estadounidense implica obtener exposición al Dólar estadounidense frente a una cesta de seis divisas principales. Aunque es posible cambiar físicamente Dólares estadounidenses por otras divisas, el propio DXY no puede comprarse ni venderse de forma física. En su lugar, los inversores operan el índice a través de las plataformas digitales de los brókeres, normalmente utilizando derivados. Operar el DXY en línea ofrece costes de transacción bajos, tiempos de ejecución rápidos y, según la plataforma, la posibilidad de usar apalancamiento en función de la tolerancia al riesgo del inversor.",,Pendiente,
componentes/rates-charts,rates-charts,FaqsSection.faqs.dollarindexspot[5].question,How can I trade the US Dollar Index?,¿Cómo puedo operar el Índice del Dólar estadounidense?,,Pendiente,
componentes/rates-charts,rates-charts,FaqsSection.faqs.eurgbp[0].answer,"EUR/GBP is the currency pair that gauges the Euro’s (EUR) value against the Pound Sterling (GBP), showing how many GBP are needed to buy one EUR. EUR/GBP is presented as an exchange rate that fluctuates based on supply and demand dynamics in the foreign exchange market. The relative strength of the Eurozone and the United Kingdom (UK) economies, central bank policies, trade relations and political developments are among the factors that impact the exchange rate. EUR/GBP is considered a cross and tends to have limited volatility, although it can become more volatile when either economy releases first-tier macroeconomic data.","El EUR/GBP es el par de divisas que mide el valor del Euro (EUR) frente a la Libra esterlina (GBP), mostrando cuántas GBP se necesitan para comprar un EUR. El EUR/GBP se presenta como un tipo de cambio que fluctúa en función de la dinámica de oferta y demanda en el mercado de divisas. La fortaleza relativa de las economías de la Eurozona y del Reino Unido (RU), las políticas de los bancos centrales, las relaciones comerciales y los acontecimientos políticos están entre los factores que influyen en el tipo de cambio. El EUR/GBP se considera un cruce y tiende a tener una volatilidad limitada, aunque puede volverse más volátil cuando alguna de las dos economías publica datos macroeconómicos de primer nivel.",,Pendiente,
componentes/rates-charts,rates-charts,FaqsSection.faqs.eurgbp[0].question,What is EUR/GBP?,¿Qué es el EUR/GBP?,,Pendiente,
componentes/rates-charts,rates-charts,FaqsSection.faqs.eurgbp[1].answer,"Market forecasting is very hard and models tend to fail to account for rapid changes and unexpected events, which can easily occur. Still, traders use multiple methods to analyze where the EUR/GBP exchange rate could be in the short, medium, and long term. On the one hand, traders use technical analysis, which involves drawing price patterns on a chart and using mathematical indicators, to try to anticipate future price action. On the other hand, traders use macroeconomic or fundamental analysis, which focuses on economic developments such as central bank policies, employment, inflation, and growth data, to assess economic health. Finally, sentiment analysis gauges the overall risk perception of markets to determine whether a currency is more likely to benefit from safe-haven flows or heightened risk appetite. Investors tend to make their trading decisions based on a combination of all these methods.","Pronosticar el mercado es muy difícil y los modelos tienden a no tener en cuenta los cambios rápidos y los eventos inesperados, que pueden ocurrir con facilidad. Aun así, los traders utilizan múltiples métodos para analizar dónde podría estar el tipo de cambio del EUR/GBP a corto, medio y largo plazo. Por un lado, los traders usan el análisis técnico, que consiste en dibujar patrones de precio en un gráfico y utilizar indicadores matemáticos, para tratar de anticipar la acción futura del precio. Por otro lado, los traders usan el análisis macroeconómico o fundamental, que se centra en acontecimientos económicos como las políticas de los bancos centrales, el empleo, la inflación y los datos de crecimiento, para evaluar la salud económica. Por último, el análisis del sentimiento mide la percepción general de riesgo de los mercados para determinar si es más probable que una divisa se beneficie de los flujos hacia activos refugio o de un mayor apetito por el riesgo. Los inversores tienden a tomar sus decisiones de trading basándose en una combinación de todos estos métodos.",,Pendiente,
componentes/rates-charts,rates-charts,FaqsSection.faqs.eurgbp[1].question,How can I forecast the EUR/GBP exchange rate?,¿Cómo puedo pronosticar el tipo de cambio del EUR/GBP?,,Pendiente,
componentes/rates-charts,rates-charts,FaqsSection.faqs.eurgbp[2].answer,"The EUR/GBP exchange rate is influenced by a wide range of economic and financial factors. The European Central Bank (ECB) and the Bank of England’s (BoE) monetary policy strategies, based on inflation trends, the state of the economy and labor market conditions, arguably play the most important role in determining the exchange rate. Additionally, fiscal policies, trade relations and political developments could drive the demand and/or supply for currencies, impacting the exchange rate.","El tipo de cambio del EUR/GBP está influido por una amplia gama de factores económicos y financieros. Las estrategias de política monetaria del Banco Central Europeo (BCE) y del Banco de Inglaterra (BoE), basadas en las tendencias de la inflación, el estado de la economía y las condiciones del mercado laboral, probablemente desempeñan el papel más importante a la hora de determinar el tipo de cambio. Además, las políticas fiscales, las relaciones comerciales y los acontecimientos políticos podrían impulsar la demanda y/o la oferta de divisas, afectando al tipo de cambio.",,Pendiente,
componentes/rates-charts,rates-charts,FaqsSection.faqs.eurgbp[2].question,Which factors influence the EUR/GBP exchange rate?,¿Qué factores influyen en el tipo de cambio del EUR/GBP?,,Pendiente,
componentes/rates-charts,rates-charts,FaqsSection.faqs.eurgbp[3].answer,"Central banks use various tools to fulfill their mandates, typically focused on controlling inflation and supporting the labor market. Interest rates are the main tool, but not the only one. However, they have the strongest impact on financial markets as they directly influence borrowing costs for individuals and companies. For example, if the European Central Bank raises interest rates to fight rising inflation, higher yields for holding the Euro make it more attractive to investors, supporting its appreciation. Conversely, the Pound Sterling could depreciate if the Bank of England lowers interest rates in response to weakening labor market conditions. EUR/GBP rises if the ECB’s policy decisions are seen as supportive for the Euro or if the BoE’s strategy is negative for the Pound Sterling, and vice versa.","Los bancos centrales utilizan diversas herramientas para cumplir sus mandatos, normalmente centrados en controlar la inflación y apoyar el mercado laboral. Los tipos de interés son la herramienta principal, pero no la única. Sin embargo, son los que tienen mayor impacto en los mercados financieros, ya que influyen directamente en los costes de financiación de particulares y empresas. Por ejemplo, si el Banco Central Europeo sube los tipos de interés para combatir el aumento de la inflación, los mayores rendimientos por mantener el Euro lo hacen más atractivo para los inversores, favoreciendo su apreciación. Por el contrario, la Libra esterlina podría depreciarse si el Banco de Inglaterra baja los tipos de interés en respuesta al debilitamiento de las condiciones del mercado laboral. El EUR/GBP sube si las decisiones de política del BCE se consideran favorables para el Euro o si la estrategia del BoE es negativa para la Libra esterlina, y viceversa.",,Pendiente,
componentes/rates-charts,rates-charts,FaqsSection.faqs.eurgbp[3].question,How do central bank policies influence the EUR/GBP exchange rate?,¿Cómo influyen las políticas de los bancos centrales en el tipo de cambio del EUR/GBP?,,Pendiente,
componentes/rates-charts,rates-charts,FaqsSection.faqs.eurgbp[4].answer,"Trading EUR/GBP involves buying or selling the Euro against the Pound Sterling in the foreign exchange market. While it is possible to exchange physical currencies at banks or exchange offices, this method is generally inefficient due to higher costs. Instead, most investors trade EUR/GBP through brokers’ digital platforms, which typically offer lower costs, fast execution, and the possibility to use leverage, depending on an investor’s risk tolerance.","Operar el EUR/GBP implica comprar o vender el Euro frente a la Libra esterlina en el mercado de divisas. Aunque es posible cambiar divisas físicas en bancos u oficinas de cambio, este método suele ser ineficiente debido a sus mayores costes. En su lugar, la mayoría de los inversores operan el EUR/GBP a través de las plataformas digitales de los brókeres, que normalmente ofrecen costes más bajos, ejecución rápida y la posibilidad de usar apalancamiento, según la tolerancia al riesgo del inversor.",,Pendiente,
componentes/rates-charts,rates-charts,FaqsSection.faqs.eurgbp[4].question,How can I trade EUR/GBP?,¿Cómo puedo operar el EUR/GBP?,,Pendiente,
componentes/rates-charts,rates-charts,FaqsSection.faqs.eurgbp[5].answer,"Most online trading platforms allow trading of currency pairs 24 hours every weekday. However, trading EUR/GBP can be more costly during periods of low market activity if a broker uses dynamic spreads. As a result, many traders prefer to trade EUR/GBP when European markets are active and overlapping with the US session, typically between 10:00 GMT and 17:00 GMT. Important macroeconomic data releases can also create additional trading opportunities.","La mayoría de las plataformas de trading en línea permiten operar pares de divisas las 24 horas de cada día laborable. Sin embargo, operar el EUR/GBP puede ser más costoso durante los periodos de baja actividad del mercado si un bróker utiliza diferenciales dinámicos. Por ello, muchos traders prefieren operar el EUR/GBP cuando los mercados europeos están activos y se solapan con la sesión estadounidense, normalmente entre las 10:00 y las 17:00 GMT. Las publicaciones importantes de datos macroeconómicos también pueden generar oportunidades de trading adicionales.",,Pendiente,
componentes/rates-charts,rates-charts,FaqsSection.faqs.eurgbp[5].question,What is the best time to trade EUR/GBP?,¿Cuál es el mejor momento para operar el EUR/GBP?,,Pendiente,
componentes/rates-charts,rates-charts,FaqsSection.faqs.eurgbp[6].answer,"Technical analysis is a popular method for forecasting movements in the EUR/GBP exchange rate. It involves analyzing historical price data to identify trends, chart patterns, and key support and resistance levels, which can help traders decide when to enter or exit positions. Traders also rely on mathematical indicators such as the Relative Strength Index (RSI), Momentum, Bollinger Bands, and Moving Averages to confirm trend strength or identify overbought and oversold conditions. Candlestick analysis is another widely used approach, helping traders assess shifts in bullish or bearish momentum through formations such as doji, engulfing, or hammer patterns.","El análisis técnico es un método popular para pronosticar los movimientos del tipo de cambio del EUR/GBP. Consiste en analizar los datos históricos de precios para identificar tendencias, patrones gráficos y niveles clave de soporte y resistencia, que pueden ayudar a los traders a decidir cuándo abrir o cerrar posiciones. Los traders también recurren a indicadores matemáticos como el Índice de Fuerza Relativa (RSI), el Momentum, las Bandas de Bollinger y las Medias Móviles para confirmar la fuerza de la tendencia o identificar condiciones de sobrecompra y sobreventa. El análisis de velas es otro enfoque ampliamente utilizado, que ayuda a los traders a evaluar los cambios en el impulso alcista o bajista a través de formaciones como los patrones doji, envolvente o martillo.",,Pendiente,
componentes/rates-charts,rates-charts,FaqsSection.faqs.eurgbp[6].question,How is technical analysis used in trading EUR/GBP?,¿Cómo se utiliza el análisis técnico para operar el EUR/GBP?,,Pendiente,
componentes/rates-charts,rates-charts,FaqsSection.faqs.eurusd[0].answer,"EUR/USD is the currency pair that gauges the Euro’s (EUR) value against the US Dollar (USD), showing how many USD are needed to buy one EUR. EUR/USD is presented as an exchange rate that fluctuates based on supply and demand dynamics in the foreign exchange market. The relative strength of the United States (US) and the Eurozone economies, central bank policies, trade relations and political environments are among the factors that impact the exchange rate. EUR/USD is one of the most popular currency pairs among investors due to its high trading volumes and relatively low spreads.","El EUR/USD es el par de divisas que mide el valor del Euro (EUR) frente al Dólar estadounidense (USD), mostrando cuántos USD se necesitan para comprar un EUR. El EUR/USD se presenta como un tipo de cambio que fluctúa en función de la dinámica de oferta y demanda en el mercado de divisas. La fortaleza relativa de las economías de Estados Unidos (EE. UU.) y de la Eurozona, las políticas de los bancos centrales, las relaciones comerciales y los entornos políticos están entre los factores que influyen en el tipo de cambio. El EUR/USD es uno de los pares de divisas más populares entre los inversores debido a su elevado volumen de negociación y a sus diferenciales relativamente bajos.",,Pendiente,
componentes/rates-charts,rates-charts,FaqsSection.faqs.eurusd[0].question,What is EUR/USD?,¿Qué es el EUR/USD?,,Pendiente,
componentes/rates-charts,rates-charts,FaqsSection.faqs.eurusd[1].answer,"Market forecasting is very hard and models tend to fail to account for rapid changes and unexpected events, which can easily occur. Still, traders use multiple methods to analyze where the EUR/USD exchange rate could be in the short, medium and long term. The technical analysis consists of using mathematical-based indicators, such as moving averages and Fibonacci levels, as well as chart studies, while the fundamental analysis focuses on central bank policies, assessment of macroeconomic data and economic trends. Finally, the sentiment analysis gauges the overall risk perception of markets to determine whether a currency is more likely to benefit from safe-haven flows or heightened risk appetite.","Pronosticar el mercado es muy difícil y los modelos tienden a no tener en cuenta los cambios rápidos y los eventos inesperados, que pueden ocurrir con facilidad. Aun así, los traders utilizan múltiples métodos para analizar dónde podría estar el tipo de cambio del EUR/USD a corto, medio y largo plazo. El análisis técnico consiste en utilizar indicadores de base matemática, como medias móviles y niveles de Fibonacci, así como estudios de gráficos, mientras que el análisis fundamental se centra en las políticas de los bancos centrales, la valoración de los datos macroeconómicos y las tendencias económicas. Por último, el análisis del sentimiento mide la percepción general de riesgo de los mercados para determinar si es más probable que una divisa se beneficie de los flujos hacia activos refugio o de un mayor apetito por el riesgo.",,Pendiente,
componentes/rates-charts,rates-charts,FaqsSection.faqs.eurusd[1].question,How can I forecast the EUR/USD exchange rate?,¿Cómo puedo pronosticar el tipo de cambio del EUR/USD?,,Pendiente,
componentes/rates-charts,rates-charts,FaqsSection.faqs.eurusd[2].answer,"The EUR/USD exchange rate is influenced by a wide range of economic and financial factors. The European Central Bank’s (ECB) and the Federal Reserve’s (Fed) monetary policy strategy, based on inflation trends, the state of the economy and the labor market conditions, arguably play the most important role in determining the exchange rate. Additionally, fiscal policies, trade relations and political developments could drive the demand and/or supply for currencies, impacting the exchange rate.","El tipo de cambio del EUR/USD está influido por una amplia gama de factores económicos y financieros. La estrategia de política monetaria del Banco Central Europeo (BCE) y de la Reserva Federal (Fed), basada en las tendencias de la inflación, el estado de la economía y las condiciones del mercado laboral, probablemente desempeña el papel más importante a la hora de determinar el tipo de cambio. Además, las políticas fiscales, las relaciones comerciales y los acontecimientos políticos podrían impulsar la demanda y/o la oferta de divisas, afectando al tipo de cambio.",,Pendiente,
componentes/rates-charts,rates-charts,FaqsSection.faqs.eurusd[2].question,What factors influence the EUR/USD exchange rate?,¿Qué factores influyen en el tipo de cambio del EUR/USD?,,Pendiente,
componentes/rates-charts,rates-charts,FaqsSection.faqs.eurusd[3].answer,"Central banks use interest rates as the main tool to control inflation, promote economic growth and support the labor market. For example, if the European Central Bank decides to raise interest rates to battle rising inflation, higher yields for holding onto the Euro make it more attractive to investors. As a result, the diminishing supply of the Euro in circulation helps it appreciate. Conversely, the US Dollar could depreciate if the Federal Reserve responds to worsening labor market conditions by lowering interest rates, thus making it less costly to borrow. EUR/USD rises if the ECB’s policy decisions are seen as supportive for the Euro or the Fed’s strategy is negative for the US Dollar and vice versa.","Los bancos centrales utilizan los tipos de interés como principal herramienta para controlar la inflación, promover el crecimiento económico y apoyar el mercado laboral. Por ejemplo, si el Banco Central Europeo decide subir los tipos de interés para combatir el aumento de la inflación, los mayores rendimientos por mantener el Euro lo hacen más atractivo para los inversores. Como resultado, la menor oferta de Euros en circulación ayuda a que se aprecie. Por el contrario, el Dólar estadounidense podría depreciarse si la Reserva Federal responde al empeoramiento de las condiciones del mercado laboral bajando los tipos de interés, abaratando así el coste de los préstamos. El EUR/USD sube si las decisiones de política del BCE se consideran favorables para el Euro o si la estrategia de la Fed es negativa para el Dólar estadounidense, y viceversa.",,Pendiente,
componentes/rates-charts,rates-charts,FaqsSection.faqs.eurusd[3].question,How do central bank policies influence the EUR/USD exchange rate?,¿Cómo influyen las políticas de los bancos centrales en el tipo de cambio del EUR/USD?,,Pendiente,
componentes/rates-charts,rates-charts,FaqsSection.faqs.eurusd[4].answer,"Trading EUR/USD involves buying or selling the Euro against the US Dollar in the foreign exchange market. While it’s possible to exchange physical currencies in banks or exchange offices, this method is less than optimal due to the high costs associated with it. Instead, investors typically prefer to trade in the foreign exchange market through brokers’ digital platforms. Trading currency pairs online ensures low costs, fast execution times and even provides the opportunity to use leverage depending on how much risk an investor is willing to take.","Operar el EUR/USD implica comprar o vender el Euro frente al Dólar estadounidense en el mercado de divisas. Aunque es posible cambiar divisas físicas en bancos u oficinas de cambio, este método es poco óptimo debido a los elevados costes que conlleva. En su lugar, los inversores suelen preferir operar en el mercado de divisas a través de las plataformas digitales de los brókeres. Operar pares de divisas en línea garantiza costes bajos, tiempos de ejecución rápidos e incluso ofrece la posibilidad de usar apalancamiento en función del riesgo que el inversor esté dispuesto a asumir.",,Pendiente,
componentes/rates-charts,rates-charts,FaqsSection.faqs.eurusd[4].question,How can I trade EUR/USD?,¿Cómo puedo operar el EUR/USD?,,Pendiente,
componentes/rates-charts,rates-charts,FaqsSection.faqs.eurusd[5].answer,"Most online trading platforms allow trading of currency pairs 24 hours every weekday. However, if a broker uses dynamic spreads, it will be more costly to trade EUR/USD during periods of low market activity, when volatility and liquidity are thin. Hence, most traders might prefer to trade EUR/USD when both the European and US markets are open, between 13:00 GMT and 17:00 GMT. In addition to heightened market activity, macroeconomic data releases could provide trading opportunities during this period.","La mayoría de las plataformas de trading en línea permiten operar pares de divisas las 24 horas de cada día laborable. Sin embargo, si un bróker utiliza diferenciales dinámicos, será más costoso operar el EUR/USD durante los periodos de baja actividad del mercado, cuando la volatilidad y la liquidez son escasas. Por ello, la mayoría de los traders prefieren operar el EUR/USD cuando los mercados europeo y estadounidense están abiertos a la vez, entre las 13:00 y las 17:00 GMT. Además de una mayor actividad del mercado, las publicaciones de datos macroeconómicos pueden ofrecer oportunidades de trading durante este periodo.",,Pendiente,
componentes/rates-charts,rates-charts,FaqsSection.faqs.eurusd[5].question,What is the best time to trade EUR/USD?,¿Cuál es el mejor momento para operar el EUR/USD?,,Pendiente,
componentes/rates-charts,rates-charts,FaqsSection.faqs.eurusd[6].answer,"Technical analysis is a popular method for forecasting exchange rate movements in EUR/USD. It involves studying historical price movements to identify trends, patterns and key support and resistance levels, which then can be used to enter or exit positions. There are also a variety of popular mathematical-based indicators, such as the Relative Strength Index, Momentum, Bollinger Bands, and Moving Averages, that traders use to confirm the continuation of trends or to spot oversold/overbought conditions in markets. Candlestick analysis is another highly-used method within technical analysis, as it helps traders assess changes in bullish or bearish momentum by looking at specific candlestick formations, such as doji, engulfing, or hammer patterns.","El análisis técnico es un método popular para pronosticar los movimientos del tipo de cambio del EUR/USD. Consiste en estudiar los movimientos históricos de los precios para identificar tendencias, patrones y niveles clave de soporte y resistencia, que luego pueden utilizarse para abrir o cerrar posiciones. También existe una variedad de indicadores populares de base matemática, como el Índice de Fuerza Relativa, el Momentum, las Bandas de Bollinger y las Medias Móviles, que los traders utilizan para confirmar la continuación de las tendencias o para detectar condiciones de sobreventa/sobrecompra en los mercados. El análisis de velas es otro método muy utilizado dentro del análisis técnico, ya que ayuda a los traders a evaluar los cambios en el impulso alcista o bajista observando formaciones de velas específicas, como los patrones doji, envolvente o martillo.",,Pendiente,
componentes/rates-charts,rates-charts,FaqsSection.faqs.eurusd[6].question,How is technical analysis used in trading EUR/USD?,¿Cómo se utiliza el análisis técnico para operar el EUR/USD?,,Pendiente,
componentes/rates-charts,rates-charts,FaqsSection.faqs.gbpjpy[0].answer,"GBP/JPY is the currency pair that gauges the Pound Sterling’s (GBP) value against the Japanese Yen (JPY), showing how many JPY are needed to buy one GBP. GBP/JPY is presented as an exchange rate that fluctuates based on supply and demand dynamics in the foreign exchange market. The relative strength of the Japanese and the United Kingdom (UK) economies, central bank policies, trade relations and political developments are among the factors that impact the exchange rate. GBP/JPY is considered a cross currency pair and tends to be extremely volatile, which often results in wider spreads.","El GBP/JPY es el par de divisas que mide el valor de la Libra esterlina (GBP) frente al Yen japonés (JPY), mostrando cuántos JPY se necesitan para comprar una GBP. El GBP/JPY se presenta como un tipo de cambio que fluctúa en función de la dinámica de oferta y demanda en el mercado de divisas. La fortaleza relativa de las economías de Japón y del Reino Unido (RU), las políticas de los bancos centrales, las relaciones comerciales y los acontecimientos políticos están entre los factores que influyen en el tipo de cambio. El GBP/JPY se considera un cruce de divisas y tiende a ser extremadamente volátil, lo que a menudo se traduce en diferenciales más amplios.",,Pendiente,
componentes/rates-charts,rates-charts,FaqsSection.faqs.gbpjpy[0].question,What is GBP/JPY?,¿Qué es el GBP/JPY?,,Pendiente,
componentes/rates-charts,rates-charts,FaqsSection.faqs.gbpjpy[1].answer,"Market forecasting is very hard and models tend to fail to account for rapid changes and unexpected events, which can easily occur. Still, traders use multiple methods to analyze where the GBP/JPY exchange rate could be in the short, medium, and long term. On the one hand, traders use technical analysis, which involves drawing price patterns on a chart and using mathematical indicators, to try to anticipate future price action. On the other hand, traders use macroeconomic or fundamental analysis, which focuses on economic developments such as central bank policies, employment, inflation, and growth data, to assess economic health. Finally, sentiment analysis gauges the overall risk perception of markets to determine whether a currency is more likely to benefit from safe-haven flows or heightened risk appetite. Investors tend to base their trading decisions on a combination of all these methods.","Pronosticar el mercado es muy difícil y los modelos tienden a no tener en cuenta los cambios rápidos y los eventos inesperados, que pueden ocurrir con facilidad. Aun así, los traders utilizan múltiples métodos para analizar dónde podría estar el tipo de cambio del GBP/JPY a corto, medio y largo plazo. Por un lado, los traders usan el análisis técnico, que consiste en dibujar patrones de precio en un gráfico y utilizar indicadores matemáticos, para tratar de anticipar la acción futura del precio. Por otro lado, los traders usan el análisis macroeconómico o fundamental, que se centra en acontecimientos económicos como las políticas de los bancos centrales, el empleo, la inflación y los datos de crecimiento, para evaluar la salud económica. Por último, el análisis del sentimiento mide la percepción general de riesgo de los mercados para determinar si es más probable que una divisa se beneficie de los flujos hacia activos refugio o de un mayor apetito por el riesgo. Los inversores tienden a tomar sus decisiones de trading basándose en una combinación de todos estos métodos.",,Pendiente,
componentes/rates-charts,rates-charts,FaqsSection.faqs.gbpjpy[1].question,How can I forecast the GBP/JPY exchange rate?,¿Cómo puedo pronosticar el tipo de cambio del GBP/JPY?,,Pendiente,
componentes/rates-charts,rates-charts,FaqsSection.faqs.gbpjpy[2].answer,"The GBP/JPY exchange rate is influenced by a wide range of economic and financial factors. The Bank of England (BoE) and the Bank of Japan (BoJ) monetary policy strategies, based on inflation trends, the state of the economy and labor market conditions, arguably play the most important role in determining the exchange rate. Additionally, fiscal policies, trade relations and political developments can drive demand and supply dynamics for both currencies, impacting the exchange rate.","El tipo de cambio del GBP/JPY está influido por una amplia gama de factores económicos y financieros. Las estrategias de política monetaria del Banco de Inglaterra (BoE) y del Banco de Japón (BoJ), basadas en las tendencias de la inflación, el estado de la economía y las condiciones del mercado laboral, probablemente desempeñan el papel más importante a la hora de determinar el tipo de cambio. Además, las políticas fiscales, las relaciones comerciales y los acontecimientos políticos pueden impulsar la dinámica de oferta y demanda de ambas divisas, afectando al tipo de cambio.",,Pendiente,
componentes/rates-charts,rates-charts,FaqsSection.faqs.gbpjpy[2].question,Which factors influence the GBP/JPY exchange rate?,¿Qué factores influyen en el tipo de cambio del GBP/JPY?,,Pendiente,
componentes/rates-charts,rates-charts,FaqsSection.faqs.gbpjpy[3].answer,"Central banks use various tools to fulfill their mandates, typically focused on controlling inflation and supporting the labor market. Interest rates are the main tool, but not the only one. However, they tend to have the strongest impact on financial markets as they directly affect borrowing costs for consumers and businesses. For example, if the Bank of England raises interest rates to combat rising inflation, higher yields for holding the Pound Sterling make it more attractive to investors, supporting its appreciation. Conversely, the Japanese Yen could depreciate if the Bank of Japan lowers interest rates in response to weakening labor market conditions. GBP/JPY rises if the BoE’s policy stance is supportive for the GBP or if the BoJ’s strategy is negative for the Japanese Yen, and vice versa.","Los bancos centrales utilizan diversas herramientas para cumplir sus mandatos, normalmente centrados en controlar la inflación y apoyar el mercado laboral. Los tipos de interés son la herramienta principal, pero no la única. Sin embargo, suelen tener el mayor impacto en los mercados financieros, ya que afectan directamente a los costes de financiación de consumidores y empresas. Por ejemplo, si el Banco de Inglaterra sube los tipos de interés para combatir el aumento de la inflación, los mayores rendimientos por mantener la Libra esterlina la hacen más atractiva para los inversores, favoreciendo su apreciación. Por el contrario, el Yen japonés podría depreciarse si el Banco de Japón baja los tipos de interés en respuesta al debilitamiento de las condiciones del mercado laboral. El GBP/JPY sube si la postura de política del BoE es favorable para la GBP o si la estrategia del BoJ es negativa para el Yen japonés, y viceversa.",,Pendiente,
componentes/rates-charts,rates-charts,FaqsSection.faqs.gbpjpy[3].question,How do central bank policies influence the GBP/JPY exchange rate?,¿Cómo influyen las políticas de los bancos centrales en el tipo de cambio del GBP/JPY?,,Pendiente,
componentes/rates-charts,rates-charts,FaqsSection.faqs.gbpjpy[4].answer,"Trading GBP/JPY involves buying or selling the Pound Sterling against the Japanese Yen in the foreign exchange market. While it is possible to exchange physical currencies at banks or exchange offices, this approach is generally inefficient due to higher costs. Instead, most investors trade GBP/JPY through brokers’ digital trading platforms, which offer lower costs, fast execution, and the possibility to use leverage, depending on the investor’s risk tolerance.","Operar el GBP/JPY implica comprar o vender la Libra esterlina frente al Yen japonés en el mercado de divisas. Aunque es posible cambiar divisas físicas en bancos u oficinas de cambio, este enfoque suele ser ineficiente debido a sus mayores costes. En su lugar, la mayoría de los inversores operan el GBP/JPY a través de las plataformas digitales de trading de los brókeres, que ofrecen costes más bajos, ejecución rápida y la posibilidad de usar apalancamiento, según la tolerancia al riesgo del inversor.",,Pendiente,
componentes/rates-charts,rates-charts,FaqsSection.faqs.gbpjpy[4].question,How can I trade GBP/JPY?,¿Cómo puedo operar el GBP/JPY?,,Pendiente,
componentes/rates-charts,rates-charts,FaqsSection.faqs.gbpjpy[5].answer,"Most online trading platforms allow trading of currency pairs 24 hours every weekday. However, if a broker uses dynamic spreads, trading GBP/JPY can become more expensive during periods of low liquidity and volatility. As a result, many traders prefer to trade GBP/JPY from the mid-Asian session through the US session, typically between 07:00 GMT and 20:00 GMT. Important macroeconomic data releases can also create additional trading opportunities.","La mayoría de las plataformas de trading en línea permiten operar pares de divisas las 24 horas de cada día laborable. Sin embargo, si un bróker utiliza diferenciales dinámicos, operar el GBP/JPY puede encarecerse durante los periodos de baja liquidez y volatilidad. Por ello, muchos traders prefieren operar el GBP/JPY desde la media sesión asiática hasta la sesión estadounidense, normalmente entre las 07:00 y las 20:00 GMT. Las publicaciones importantes de datos macroeconómicos también pueden generar oportunidades de trading adicionales.",,Pendiente,
componentes/rates-charts,rates-charts,FaqsSection.faqs.gbpjpy[5].question,What is the best time to trade GBP/JPY?,¿Cuál es el mejor momento para operar el GBP/JPY?,,Pendiente,
componentes/rates-charts,rates-charts,FaqsSection.faqs.gbpjpy[6].answer,"Technical analysis is a popular method for forecasting movements in the GBP/JPY exchange rate. It involves studying historical price movements to identify trends, chart patterns, and key support and resistance levels, which can help traders determine entry and exit points. Traders also use mathematical indicators such as the Relative Strength Index (RSI), Momentum, Bollinger Bands, and Moving Averages to confirm trend strength or identify overbought and oversold market conditions. Candlestick analysis is another widely used approach, allowing traders to assess shifts in bullish or bearish momentum through formations such as doji, engulfing, or hammer patterns.","El análisis técnico es un método popular para pronosticar los movimientos del tipo de cambio del GBP/JPY. Consiste en estudiar los movimientos históricos de los precios para identificar tendencias, patrones gráficos y niveles clave de soporte y resistencia, que pueden ayudar a los traders a determinar los puntos de entrada y salida. Los traders también utilizan indicadores matemáticos como el Índice de Fuerza Relativa (RSI), el Momentum, las Bandas de Bollinger y las Medias Móviles para confirmar la fuerza de la tendencia o identificar condiciones de sobrecompra y sobreventa del mercado. El análisis de velas es otro enfoque ampliamente utilizado, que permite a los traders evaluar los cambios en el impulso alcista o bajista a través de formaciones como los patrones doji, envolvente o martillo.",,Pendiente,
componentes/rates-charts,rates-charts,FaqsSection.faqs.gbpjpy[6].question,How is technical analysis used in trading GBP/JPY?,¿Cómo se utiliza el análisis técnico para operar el GBP/JPY?,,Pendiente,
componentes/rates-charts,rates-charts,FaqsSection.faqs.gbpusd[0].answer,"GBP/USD is the currency pair that gauges the Pound Sterling’s (GBP) value against the US Dollar (USD), showing how many USD are needed to buy one GBP. GBP/USD is presented as an exchange rate that fluctuates based on supply and demand dynamics in the foreign exchange market. The relative strength of the United States (US) and the United Kingdom (UK) economies, central bank policies, trade relations and political developments are among the factors that impact the exchange rate. GBP/USD is one of the most popular currency pairs among investors due to its high trading volumes and relatively low spreads.","El GBP/USD es el par de divisas que mide el valor de la Libra esterlina (GBP) frente al Dólar estadounidense (USD), mostrando cuántos USD se necesitan para comprar una GBP. El GBP/USD se presenta como un tipo de cambio que fluctúa en función de la dinámica de oferta y demanda en el mercado de divisas. La fortaleza relativa de las economías de Estados Unidos (EE. UU.) y del Reino Unido (RU), las políticas de los bancos centrales, las relaciones comerciales y los acontecimientos políticos están entre los factores que influyen en el tipo de cambio. El GBP/USD es uno de los pares de divisas más populares entre los inversores debido a su elevado volumen de negociación y a sus diferenciales relativamente bajos.",,Pendiente,
componentes/rates-charts,rates-charts,FaqsSection.faqs.gbpusd[0].question,What is GBP/USD?,¿Qué es el GBP/USD?,,Pendiente,
componentes/rates-charts,rates-charts,FaqsSection.faqs.gbpusd[1].answer,"Market forecasting is very hard and models tend to fail to account for rapid changes and unexpected events, which can easily occur. Still, traders use multiple methods to analyze where the GBP/USD exchange rate could be in the short, medium, and long term. On the one hand, traders use technical analysis, which involves drawing price patterns on a chart and using mathematical indicators, to try to anticipate future price action. On the other hand, traders use macroeconomic or fundamental analysis, which focuses on economic developments such as central bank policies, employment, inflation, and growth data, to assess economic health. Finally, sentiment analysis gauges the overall risk perception of markets to determine whether a currency is more likely to benefit from safe-haven flows or heightened risk appetite. Investors tend to make their trading decisions based on a combination of all these methods.","Pronosticar el mercado es muy difícil y los modelos tienden a no tener en cuenta los cambios rápidos y los eventos inesperados, que pueden ocurrir con facilidad. Aun así, los traders utilizan múltiples métodos para analizar dónde podría estar el tipo de cambio del GBP/USD a corto, medio y largo plazo. Por un lado, los traders usan el análisis técnico, que consiste en dibujar patrones de precio en un gráfico y utilizar indicadores matemáticos, para tratar de anticipar la acción futura del precio. Por otro lado, los traders usan el análisis macroeconómico o fundamental, que se centra en acontecimientos económicos como las políticas de los bancos centrales, el empleo, la inflación y los datos de crecimiento, para evaluar la salud económica. Por último, el análisis del sentimiento mide la percepción general de riesgo de los mercados para determinar si es más probable que una divisa se beneficie de los flujos hacia activos refugio o de un mayor apetito por el riesgo. Los inversores tienden a tomar sus decisiones de trading basándose en una combinación de todos estos métodos.",,Pendiente,
componentes/rates-charts,rates-charts,FaqsSection.faqs.gbpusd[1].question,How can I forecast the GBP/USD exchange rate?,¿Cómo puedo pronosticar el tipo de cambio del GBP/USD?,,Pendiente,
componentes/rates-charts,rates-charts,FaqsSection.faqs.gbpusd[2].answer,"The GBP/USD exchange rate is influenced by a wide range of economic and financial factors. The Bank of England (BoE) and the Federal Reserve’s (Fed) monetary policy strategy, based on inflation trends, the state of the economy and the labor market conditions, arguably play the most important role in determining the exchange rate. Additionally, fiscal policies, trade relations and political developments could drive the demand and/or supply for currencies, impacting the exchange rate.","El tipo de cambio del GBP/USD está influido por una amplia gama de factores económicos y financieros. La estrategia de política monetaria del Banco de Inglaterra (BoE) y de la Reserva Federal (Fed), basada en las tendencias de la inflación, el estado de la economía y las condiciones del mercado laboral, probablemente desempeña el papel más importante a la hora de determinar el tipo de cambio. Además, las políticas fiscales, las relaciones comerciales y los acontecimientos políticos podrían impulsar la demanda y/o la oferta de divisas, afectando al tipo de cambio.",,Pendiente,
componentes/rates-charts,rates-charts,FaqsSection.faqs.gbpusd[2].question,Which factors influence the GBP/USD exchange rate?,¿Qué factores influyen en el tipo de cambio del GBP/USD?,,Pendiente,
componentes/rates-charts,rates-charts,FaqsSection.faqs.gbpusd[3].answer,"Central banks use various tools to fulfill their mandates, typically focused on controlling inflation and supporting the labor market. Interest rates are the main tool, but not the only one. However, it's the one that impacts financial markets the most as it's directly related to borrowing costs, both for people and companies. For example, if the Bank of England decides to raise interest rates to battle rising inflation, higher yields for holding onto the Pound Sterling make it more attractive to investors. As a result, the diminishing supply of the Pound Sterling in circulation helps it appreciate. Conversely, the US Dollar could depreciate if the Federal Reserve responds to worsening labor market conditions by lowering interest rates, thus making it less costly to borrow. GBP/USD rises if the BoE’s policy decisions are seen as supportive for the GBP or the Fed’s strategy is negative for the US Dollar, and vice versa.","Los bancos centrales utilizan diversas herramientas para cumplir sus mandatos, normalmente centrados en controlar la inflación y apoyar el mercado laboral. Los tipos de interés son la herramienta principal, pero no la única. Sin embargo, son los que más impactan en los mercados financieros, ya que están directamente relacionados con los costes de financiación, tanto para personas como para empresas. Por ejemplo, si el Banco de Inglaterra decide subir los tipos de interés para combatir el aumento de la inflación, los mayores rendimientos por mantener la Libra esterlina la hacen más atractiva para los inversores. Como resultado, la menor oferta de Libras esterlinas en circulación ayuda a que se aprecie. Por el contrario, el Dólar estadounidense podría depreciarse si la Reserva Federal responde al empeoramiento de las condiciones del mercado laboral bajando los tipos de interés, abaratando así el coste de los préstamos. El GBP/USD sube si las decisiones de política del BoE se consideran favorables para la GBP o si la estrategia de la Fed es negativa para el Dólar estadounidense, y viceversa.",,Pendiente,
componentes/rates-charts,rates-charts,FaqsSection.faqs.gbpusd[3].question,How do central bank policies influence the GBP/USD exchange rate?,¿Cómo influyen las políticas de los bancos centrales en el tipo de cambio del GBP/USD?,,Pendiente,
componentes/rates-charts,rates-charts,FaqsSection.faqs.gbpusd[4].answer,"Trading GBP/USD involves buying or selling the Pound Sterling against the US Dollar in the foreign exchange market. While it’s possible to exchange physical currencies at banks or exchange offices, this method isn’t optimal due to the high costs involved. Instead, investors typically prefer to trade in the foreign exchange market through brokers’ digital platforms. Trading currency pairs online ensures low costs, fast execution times, and even provides the opportunity to use leverage, depending on how much risk an investor is willing to take.","Operar el GBP/USD implica comprar o vender la Libra esterlina frente al Dólar estadounidense en el mercado de divisas. Aunque es posible cambiar divisas físicas en bancos u oficinas de cambio, este método no es óptimo debido a los elevados costes que conlleva. En su lugar, los inversores suelen preferir operar en el mercado de divisas a través de las plataformas digitales de los brókeres. Operar pares de divisas en línea garantiza costes bajos, tiempos de ejecución rápidos e incluso ofrece la posibilidad de usar apalancamiento en función del riesgo que el inversor esté dispuesto a asumir.",,Pendiente,
componentes/rates-charts,rates-charts,FaqsSection.faqs.gbpusd[4].question,How can I trade GBP/USD?,¿Cómo puedo operar el GBP/USD?,,Pendiente,
componentes/rates-charts,rates-charts,FaqsSection.faqs.gbpusd[5].answer,"Most online trading platforms allow trading of currency pairs 24 hours every weekday. However, if a broker uses dynamic spreads, it will be more costly to trade GBP/USD during periods of low market activity, when volatility and liquidity are thin. Hence, most traders might prefer to trade GBP/USD when both the European and US markets are open, between 13:00 GMT and 17:00 GMT. In addition to heightened market activity, macroeconomic data releases can also provide trading opportunities.","La mayoría de las plataformas de trading en línea permiten operar pares de divisas las 24 horas de cada día laborable. Sin embargo, si un bróker utiliza diferenciales dinámicos, será más costoso operar el GBP/USD durante los periodos de baja actividad del mercado, cuando la volatilidad y la liquidez son escasas. Por ello, la mayoría de los traders prefieren operar el GBP/USD cuando los mercados europeo y estadounidense están abiertos a la vez, entre las 13:00 y las 17:00 GMT. Además de una mayor actividad del mercado, las publicaciones de datos macroeconómicos también pueden ofrecer oportunidades de trading.",,Pendiente,
componentes/rates-charts,rates-charts,FaqsSection.faqs.gbpusd[5].question,What is the best time to trade GBP/USD?,¿Cuál es el mejor momento para operar el GBP/USD?,,Pendiente,
componentes/rates-charts,rates-charts,FaqsSection.faqs.gbpusd[6].answer,"Technical analysis is a popular method for forecasting movements in the GBP/USD exchange rate. It involves studying historical price movements to identify trends, patterns and key support and resistance levels, which then can be used to enter or exit positions. There are also a variety of popular mathematical-based indicators, such as the Relative Strength Index (RSI), Momentum, Bollinger Bands, and Moving Averages, that traders use to confirm the continuation of trends or to spot oversold or overbought conditions in markets. Candlestick analysis is another highly used method within technical analysis, as it helps traders assess changes in bullish or bearish momentum by looking at specific candlestick formations, such as doji, engulfing, or hammer patterns.","El análisis técnico es un método popular para pronosticar los movimientos del tipo de cambio del GBP/USD. Consiste en estudiar los movimientos históricos de los precios para identificar tendencias, patrones y niveles clave de soporte y resistencia, que luego pueden utilizarse para abrir o cerrar posiciones. También existe una variedad de indicadores populares de base matemática, como el Índice de Fuerza Relativa (RSI), el Momentum, las Bandas de Bollinger y las Medias Móviles, que los traders utilizan para confirmar la continuación de las tendencias o para detectar condiciones de sobreventa o sobrecompra en los mercados. El análisis de velas es otro método muy utilizado dentro del análisis técnico, ya que ayuda a los traders a evaluar los cambios en el impulso alcista o bajista observando formaciones de velas específicas, como los patrones doji, envolvente o martillo.",,Pendiente,
componentes/rates-charts,rates-charts,FaqsSection.faqs.gbpusd[6].question,How is technical analysis used in trading GBP/USD?,¿Cómo se utiliza el análisis técnico para operar el GBP/USD?,,Pendiente,
componentes/rates-charts,rates-charts,FaqsSection.faqs.nzdusd[0].answer,"NZD/USD is the currency pair that gauges the New Zealand Dollar’s (NZD) value against the US Dollar (USD), showing how many USD are needed to buy one NZD. NZD/USD is presented as an exchange rate that fluctuates based on supply and demand dynamics in the foreign exchange market. The relative strength of the United States (US) and the New Zealand economies, central bank policies, trade relations and political developments are among the factors that impact the exchange rate. NZD/USD is one of the most popular currency pairs among investors due to its high trading volumes and relatively low spreads.","El NZD/USD es el par de divisas que mide el valor del Dólar neozelandés (NZD) frente al Dólar estadounidense (USD), mostrando cuántos USD se necesitan para comprar un NZD. El NZD/USD se presenta como un tipo de cambio que fluctúa en función de la dinámica de oferta y demanda en el mercado de divisas. La fortaleza relativa de las economías de Estados Unidos (EE. UU.) y de Nueva Zelanda, las políticas de los bancos centrales, las relaciones comerciales y los acontecimientos políticos están entre los factores que influyen en el tipo de cambio. El NZD/USD es uno de los pares de divisas más populares entre los inversores debido a su elevado volumen de negociación y a sus diferenciales relativamente bajos.",,Pendiente,
componentes/rates-charts,rates-charts,FaqsSection.faqs.nzdusd[0].question,What is NZD/USD?,¿Qué es el NZD/USD?,,Pendiente,
componentes/rates-charts,rates-charts,FaqsSection.faqs.nzdusd[1].answer,"Market forecasting is very hard and models tend to fail to account for rapid changes and unexpected events, which can easily occur. Still, traders use multiple methods to analyze where the NZD/USD exchange rate could be in the short, medium, and long term. On the one hand, traders use technical analysis, which involves drawing price patterns on a chart and using mathematical indicators, to try to anticipate future price action. On the other hand, traders use macroeconomic or fundamental analysis, which focuses on economic developments such as central bank policies, employment, inflation, and growth data, to assess economic health. Finally, the sentiment analysis gauges the overall risk perception of markets to determine whether a currency is more likely to benefit from safe-haven flows or heightened risk appetite. Investors tend to make their trading decisions based on a combination of all these methods.","Pronosticar el mercado es muy difícil y los modelos tienden a no tener en cuenta los cambios rápidos y los eventos inesperados, que pueden ocurrir con facilidad. Aun así, los traders utilizan múltiples métodos para analizar dónde podría estar el tipo de cambio del NZD/USD a corto, medio y largo plazo. Por un lado, los traders usan el análisis técnico, que consiste en dibujar patrones de precio en un gráfico y utilizar indicadores matemáticos, para tratar de anticipar la acción futura del precio. Por otro lado, los traders usan el análisis macroeconómico o fundamental, que se centra en acontecimientos económicos como las políticas de los bancos centrales, el empleo, la inflación y los datos de crecimiento, para evaluar la salud económica. Por último, el análisis del sentimiento mide la percepción general de riesgo de los mercados para determinar si es más probable que una divisa se beneficie de los flujos hacia activos refugio o de un mayor apetito por el riesgo. Los inversores tienden a tomar sus decisiones de trading basándose en una combinación de todos estos métodos.",,Pendiente,
componentes/rates-charts,rates-charts,FaqsSection.faqs.nzdusd[1].question,How can I forecast the NZD/USD exchange rate?,¿Cómo puedo pronosticar el tipo de cambio del NZD/USD?,,Pendiente,
componentes/rates-charts,rates-charts,FaqsSection.faqs.nzdusd[2].answer,"The NZD/USD exchange rate is influenced by a wide range of economic and financial factors. The Reserve Bank of New Zealand (RBNZ) and the Federal Reserve’s (Fed) monetary policy strategy, based on inflation trends, the state of the economy and the labor market conditions, arguably play the most important role in determining the exchange rate. Additionally, fiscal policies, trade relations and political developments could drive the demand and/or supply for currencies, impacting the exchange rate.","El tipo de cambio del NZD/USD está influido por una amplia gama de factores económicos y financieros. La estrategia de política monetaria del Banco de la Reserva de Nueva Zelanda (RBNZ) y de la Reserva Federal (Fed), basada en las tendencias de la inflación, el estado de la economía y las condiciones del mercado laboral, probablemente desempeña el papel más importante a la hora de determinar el tipo de cambio. Además, las políticas fiscales, las relaciones comerciales y los acontecimientos políticos podrían impulsar la demanda y/o la oferta de divisas, afectando al tipo de cambio.",,Pendiente,
componentes/rates-charts,rates-charts,FaqsSection.faqs.nzdusd[2].question,Which factors influence the NZD/USD exchange rate?,¿Qué factores influyen en el tipo de cambio del NZD/USD?,,Pendiente,
componentes/rates-charts,rates-charts,FaqsSection.faqs.nzdusd[3].answer,"Central banks use various tools to fulfill their mandates, typically focused on controlling inflation and supporting the labor market. Interest rates are the main tool, but not the only one. However, it's the one that impacts financial markets the most as it's directly related to borrowing costs, both for people and companies. For example, if the Reserve Bank of New Zealand decides to raise interest rates to battle rising inflation, higher yields for holding onto the NZD make it more attractive to investors. As a result, the diminishing supply of the NZD in circulation helps it appreciate. Conversely, the US Dollar could depreciate if the Federal Reserve responds to worsening labor market conditions by lowering interest rates, thus making it less costly to borrow. NZD/USD rises if the RBNZ’s policy decisions are seen as supportive for the New Zealand Dollar or the Fed’s strategy is negative for the US Dollar, and vice versa.","Los bancos centrales utilizan diversas herramientas para cumplir sus mandatos, normalmente centrados en controlar la inflación y apoyar el mercado laboral. Los tipos de interés son la herramienta principal, pero no la única. Sin embargo, son los que más impactan en los mercados financieros, ya que están directamente relacionados con los costes de financiación, tanto para personas como para empresas. Por ejemplo, si el Banco de la Reserva de Nueva Zelanda decide subir los tipos de interés para combatir el aumento de la inflación, los mayores rendimientos por mantener el NZD lo hacen más atractivo para los inversores. Como resultado, la menor oferta de NZD en circulación ayuda a que se aprecie. Por el contrario, el Dólar estadounidense podría depreciarse si la Reserva Federal responde al empeoramiento de las condiciones del mercado laboral bajando los tipos de interés, abaratando así el coste de los préstamos. El NZD/USD sube si las decisiones de política del RBNZ se consideran favorables para el Dólar neozelandés o si la estrategia de la Fed es negativa para el Dólar estadounidense, y viceversa.",,Pendiente,
componentes/rates-charts,rates-charts,FaqsSection.faqs.nzdusd[3].question,How do central bank policies influence the NZD/USD exchange rate?,¿Cómo influyen las políticas de los bancos centrales en el tipo de cambio del NZD/USD?,,Pendiente,
componentes/rates-charts,rates-charts,FaqsSection.faqs.nzdusd[4].answer,"Trading NZD/USD involves buying or selling the New Zealand Dollar against the US Dollar in the foreign exchange market. While it’s possible to exchange physical currencies at banks or exchange offices, this method isn’t optimal due to the high costs involved. Instead, investors typically prefer to trade in the foreign exchange market through brokers’ digital platforms. Trading currency pairs online ensures low costs, fast execution times, and even provides the opportunity to use leverage, depending on how much risk an investor is willing to take.","Operar el NZD/USD implica comprar o vender el Dólar neozelandés frente al Dólar estadounidense en el mercado de divisas. Aunque es posible cambiar divisas físicas en bancos u oficinas de cambio, este método no es óptimo debido a los elevados costes que conlleva. En su lugar, los inversores suelen preferir operar en el mercado de divisas a través de las plataformas digitales de los brókeres. Operar pares de divisas en línea garantiza costes bajos, tiempos de ejecución rápidos e incluso ofrece la posibilidad de usar apalancamiento en función del riesgo que el inversor esté dispuesto a asumir.",,Pendiente,
componentes/rates-charts,rates-charts,FaqsSection.faqs.nzdusd[4].question,How can I trade NZD/USD?,¿Cómo puedo operar el NZD/USD?,,Pendiente,
componentes/rates-charts,rates-charts,FaqsSection.faqs.nzdusd[5].answer,"Most online trading platforms allow trading of currency pairs 24 hours every weekday. However, if a broker uses dynamic spreads, it will be more costly to trade NZD/USD during periods of low market activity, when volatility and liquidity are thin. Hence, most traders might prefer to trade NZD/USD by the end of the American session and when Asian markets open, between 20:00 GMT and 06:00 GMT. In addition to heightened market activity, macroeconomic data releases can also provide trading opportunities.","La mayoría de las plataformas de trading en línea permiten operar pares de divisas las 24 horas de cada día laborable. Sin embargo, si un bróker utiliza diferenciales dinámicos, será más costoso operar el NZD/USD durante los periodos de baja actividad del mercado, cuando la volatilidad y la liquidez son escasas. Por ello, la mayoría de los traders prefieren operar el NZD/USD al final de la sesión americana y cuando abren los mercados asiáticos, entre las 20:00 y las 06:00 GMT. Además de una mayor actividad del mercado, las publicaciones de datos macroeconómicos también pueden ofrecer oportunidades de trading.",,Pendiente,
componentes/rates-charts,rates-charts,FaqsSection.faqs.nzdusd[5].question,What is the best time to trade NZD/USD?,¿Cuál es el mejor momento para operar el NZD/USD?,,Pendiente,
componentes/rates-charts,rates-charts,FaqsSection.faqs.nzdusd[6].answer,"Technical analysis is a popular method for forecasting movements in the NZD/USD exchange rate. It involves studying historical price movements to identify trends, patterns and key support and resistance levels, which then can be used to enter or exit positions. There are also a variety of popular mathematical-based indicators, such as the Relative Strength Index (RSI), Momentum, Bollinger Bands, and Moving Averages, that traders use to confirm the continuation of trends or to spot oversold or overbought conditions in markets. Candlestick analysis is another highly used method within technical analysis, as it helps traders assess changes in bullish or bearish momentum by looking at specific candlestick formations, such as doji, engulfing, or hammer patterns.","El análisis técnico es un método popular para pronosticar los movimientos del tipo de cambio del NZD/USD. Consiste en estudiar los movimientos históricos de los precios para identificar tendencias, patrones y niveles clave de soporte y resistencia, que luego pueden utilizarse para abrir o cerrar posiciones. También existe una variedad de indicadores populares de base matemática, como el Índice de Fuerza Relativa (RSI), el Momentum, las Bandas de Bollinger y las Medias Móviles, que los traders utilizan para confirmar la continuación de las tendencias o para detectar condiciones de sobreventa o sobrecompra en los mercados. El análisis de velas es otro método muy utilizado dentro del análisis técnico, ya que ayuda a los traders a evaluar los cambios en el impulso alcista o bajista observando formaciones de velas específicas, como los patrones doji, envolvente o martillo.",,Pendiente,
componentes/rates-charts,rates-charts,FaqsSection.faqs.nzdusd[6].question,How is technical analysis used in trading NZD/USD?,¿Cómo se utiliza el análisis técnico para operar el NZD/USD?,,Pendiente,
componentes/rates-charts,rates-charts,FaqsSection.faqs.sp500[0].answer,"The Standard & Poor's 500 (S&P 500) is a stock market index tracking the stock performance of 500 of the largest companies listed on stock exchanges in the United States (US). It is seen as a leading indicator of US equities and includes approximately 80% of the total market capitalization of US public companies. The S&P 500 serves as a barometer of the US economic health, with a rising index typically signaling economic strength.","El Standard & Poor’s 500 (S&P 500) es un índice bursátil que sigue el comportamiento de las acciones de 500 de las mayores empresas que cotizan en las bolsas de Estados Unidos (EE. UU.). Se considera un indicador adelantado de la renta variable estadounidense e incluye aproximadamente el 80% de la capitalización bursátil total de las empresas cotizadas de EE. UU. El S&P 500 sirve como barómetro de la salud económica de EE. UU., y un índice al alza suele señalar fortaleza económica.",,Pendiente,
componentes/rates-charts,rates-charts,FaqsSection.faqs.sp500[0].question,What is the S&P 500 Index?,¿Qué es el índice S&P 500?,,Pendiente,
componentes/rates-charts,rates-charts,FaqsSection.faqs.sp500[1].answer,"The S&P 500, operated by S&P Dow Jones Indices, is weighted by free-float market capitalization, meaning that larger companies have a greater impact on the index. Constituents and their weights are regularly updated based on rules set by S&P Dow Jones Indices. The S&P Index Committee, comprising analysts and economists at Standard & Poor's, selects the companies based on criteria such as market size, liquidity, and industry grouping.","El S&P 500, gestionado por S&P Dow Jones Indices, se pondera por capitalización bursátil ajustada al capital flotante (free-float), lo que significa que las empresas más grandes tienen un mayor impacto en el índice. Los componentes y sus ponderaciones se actualizan periódicamente según las reglas establecidas por S&P Dow Jones Indices. El Comité del Índice S&P, formado por analistas y economistas de Standard & Poor’s, selecciona las empresas en función de criterios como el tamaño de mercado, la liquidez y la agrupación sectorial.",,Pendiente,
componentes/rates-charts,rates-charts,FaqsSection.faqs.sp500[1].question,How is the S&P 500 Index calculated?,¿Cómo se calcula el índice S&P 500?,,Pendiente,
componentes/rates-charts,rates-charts,FaqsSection.faqs.sp500[2].answer,"The S&P 500 includes a wide majority of US-relevant companies from the technology, banking, consumption, and healthcare sectors. Nvidia, Microsoft, Apple, Amazon, Alphabet (Google), Meta Platforms, Tesla, JPMorgan Chase, Bank of America, Coca-Cola, Procter & Gamble and Johnson & Johnson are among the companies listed within the S&P 500.","El S&P 500 incluye una gran mayoría de empresas relevantes de EE. UU. de los sectores tecnológico, bancario, de consumo y sanitario. Nvidia, Microsoft, Apple, Amazon, Alphabet (Google), Meta Platforms, Tesla, JPMorgan Chase, Bank of America, Coca-Cola, Procter & Gamble y Johnson & Johnson están entre las empresas que cotizan dentro del S&P 500.",,Pendiente,
componentes/rates-charts,rates-charts,FaqsSection.faqs.sp500[2].question,What companies are included in the S&P 500 Index?,¿Qué empresas forman parte del índice S&P 500?,,Pendiente,
componentes/rates-charts,rates-charts,FaqsSection.faqs.sp500[3].answer,"The S&P 500 value is influenced by a wide range of economic and financial factors. Along with company earnings, the Federal Reserve's (Fed) monetary policy strategy, based on inflation trends, the state of the economy and the labor market conditions, arguably play the most important role in determining the index's value. Fed's decision on interest rates are critical for stocks value, as it sets the borrowing costs for individuals and companies. Lower borrowing cost are usually seen as higher profits for companies, and hence, when the Fed cuts rates, stocks tend to rise, while the opposite scenario is also valid: stocks tend to fall as a response to higher interest rates. Additionally, fiscal policies, trade relations and political developments could drive the demand and/or supply for the index, impacting its value.","El valor del S&P 500 está influido por una amplia gama de factores económicos y financieros. Junto con los beneficios empresariales, la estrategia de política monetaria de la Reserva Federal (Fed), basada en las tendencias de la inflación, el estado de la economía y las condiciones del mercado laboral, probablemente desempeña el papel más importante a la hora de determinar el valor del índice. Las decisiones de la Fed sobre los tipos de interés son cruciales para el valor de las acciones, ya que fijan los costes de financiación de particulares y empresas. Unos menores costes de financiación suelen interpretarse como mayores beneficios para las empresas, por lo que, cuando la Fed baja los tipos, las acciones tienden a subir, mientras que el escenario opuesto también es válido: las acciones tienden a caer en respuesta a tipos de interés más altos. Además, las políticas fiscales, las relaciones comerciales y los acontecimientos políticos podrían impulsar la demanda y/o la oferta del índice, afectando a su valor.",,Pendiente,
componentes/rates-charts,rates-charts,FaqsSection.faqs.sp500[3].question,Which factors influence the S&P 500 Index?,¿Qué factores influyen en el índice S&P 500?,,Pendiente,
componentes/rates-charts,rates-charts,FaqsSection.faqs.sp500[4].answer,"The S&P 500 and the Dow Jones Industrial Average (DJIA) are both stock market indices that track the performance of companies listed on US stock exchanges. The DJIA tracks 30 publicly traded companies with consistently stable earnings. Such companies are listed on the New York Stock Exchange (NYSE) and the Nasdaq exchanges. Visa, American Express, Microsoft Corporation, the Goldman Sachs Group, JP Morgan & Co, McDonald's Corporation, Caterpillar, and Sherwin-Williams are among the most relevant companies within the DJIA.","El S&P 500 y el Dow Jones Industrial Average (DJIA) son ambos índices bursátiles que siguen el comportamiento de empresas cotizadas en las bolsas de EE. UU. El DJIA sigue a 30 empresas cotizadas con beneficios consistentemente estables. Dichas empresas cotizan en la Bolsa de Nueva York (NYSE) y en el Nasdaq. Visa, American Express, Microsoft Corporation, Goldman Sachs Group, JP Morgan & Co, McDonald’s Corporation, Caterpillar y Sherwin-Williams están entre las empresas más relevantes del DJIA.",,Pendiente,
componentes/rates-charts,rates-charts,FaqsSection.faqs.sp500[4].question,What is the difference between the S&P 500 Index and DJIA?,¿Cuál es la diferencia entre el índice S&P 500 y el DJIA?,,Pendiente,
componentes/rates-charts,rates-charts,FaqsSection.faqs.sp500[5].answer,"The S&P 500 and the Nasdaq Stock Exchange are both stock market indices that track the performance of companies listed on US stock exchanges. The Nasdaq is the second-largest stock exchange by market cap globally and companies listed within the index are grouped into three different tiers based on market cap: Capital Market, Global Market, and Global Select Market. The first one is a market for stocks with smaller levels of market capitalization and with the least stringent listing requirements. Global Market and Global Select Market features mid-cap and large-cap stocks, respectively, and face strict regulations. The Nasdaq is also a heavily tech-weighted index, which includes names such as Amazon, Alphabet (Google), Facebook, Microsoft, and Apple.","El S&P 500 y el Nasdaq son ambos índices bursátiles que siguen el comportamiento de empresas cotizadas en las bolsas de EE. UU. El Nasdaq es la segunda mayor bolsa por capitalización bursátil a nivel mundial y las empresas incluidas en el índice se agrupan en tres niveles distintos según su capitalización: Capital Market, Global Market y Global Select Market. El primero es un mercado para acciones con menores niveles de capitalización bursátil y con los requisitos de cotización menos estrictos. Global Market y Global Select Market incluyen acciones de mediana y gran capitalización, respectivamente, y se enfrentan a regulaciones estrictas. El Nasdaq es también un índice con un fuerte peso tecnológico, que incluye nombres como Amazon, Alphabet (Google), Facebook, Microsoft y Apple.",,Pendiente,
componentes/rates-charts,rates-charts,FaqsSection.faqs.sp500[5].question,What is the difference between the S&P 500 Index and Nasdaq?,¿Cuál es la diferencia entre el índice S&P 500 y el Nasdaq?,,Pendiente,
componentes/rates-charts,rates-charts,FaqsSection.faqs.sp500[6].answer,"Technical analysis is a popular method for forecasting movements in the S&P 500. It involves studying historical price movements to identify trends, patterns and key support and resistance levels, which then can be used to enter or exit positions. There are also a variety of popular mathematical-based indicators, such as the Relative Strength Index (RSI), Momentum, Bollinger Bands, and Moving Averages, that traders use to confirm the continuation of trends or to spot oversold/overbought conditions in markets. Candlestick analysis is another highly used method within technical analysis, as it helps traders assess changes in bullish or bearish momentum by looking at specific candlestick formations, such as doji, engulfing, or hammer patterns.","El análisis técnico es un método popular para pronosticar los movimientos del S&P 500. Consiste en estudiar los movimientos históricos de los precios para identificar tendencias, patrones y niveles clave de soporte y resistencia, que luego pueden utilizarse para abrir o cerrar posiciones. También existe una variedad de indicadores populares de base matemática, como el Índice de Fuerza Relativa (RSI), el Momentum, las Bandas de Bollinger y las Medias Móviles, que los traders utilizan para confirmar la continuación de las tendencias o para detectar condiciones de sobreventa/sobrecompra en los mercados. El análisis de velas es otro método muy utilizado dentro del análisis técnico, ya que ayuda a los traders a evaluar los cambios en el impulso alcista o bajista observando formaciones de velas específicas, como los patrones doji, envolvente o martillo.",,Pendiente,
componentes/rates-charts,rates-charts,FaqsSection.faqs.sp500[6].question,How is technical analysis used in trading the S&P 500 Index?,¿Cómo se utiliza el análisis técnico para operar el índice S&P 500?,,Pendiente,
componentes/rates-charts,rates-charts,FaqsSection.faqs.sp500[7].answer,"There are different options to invest in the S&P 500. Investors can buy or sell the index through brokers' digital platforms. Trading assets online ensures low costs, fast execution times, and even provides the opportunity to use leverage, depending on how much risk an investor is willing to take. Investors can also invest in the S&P 500 through an index fund or an exchange-traded fund that tracks the index, although liquidity in the latter case does not match that of a trading platform.","Existen distintas opciones para invertir en el S&P 500. Los inversores pueden comprar o vender el índice a través de las plataformas digitales de los brókeres. Operar activos en línea garantiza costes bajos, tiempos de ejecución rápidos e incluso ofrece la posibilidad de usar apalancamiento, en función del riesgo que el inversor esté dispuesto a asumir. Los inversores también pueden invertir en el S&P 500 a través de un fondo indexado o un fondo cotizado (ETF) que replique el índice, aunque la liquidez en este último caso no iguala a la de una plataforma de trading.",,Pendiente,
componentes/rates-charts,rates-charts,FaqsSection.faqs.sp500[7].question,How can I invest in the S&P 500 Index?,¿Cómo puedo invertir en el índice S&P 500?,,Pendiente,
componentes/rates-charts,rates-charts,FaqsSection.faqs.usdcad[0].answer,"USD/CAD is the currency pair that gauges the US Dollar’s (USD) value against the Canadian Dollar (CAD), showing how many Canadian Dollars are needed to buy one USD. USD/CAD is presented as an exchange rate that fluctuates based on supply and demand dynamics in the foreign exchange market. The relative strength of the United States (US) and the Canadian economies, central bank policies, trade relations and political developments are among the factors that impact the exchange rate. USD/CAD is one of the most popular currency pairs among investors due to its high trading volumes and relatively low spreads.","El USD/CAD es el par de divisas que mide el valor del Dólar estadounidense (USD) frente al Dólar canadiense (CAD), mostrando cuántos Dólares canadienses se necesitan para comprar un USD. El USD/CAD se presenta como un tipo de cambio que fluctúa en función de la dinámica de oferta y demanda en el mercado de divisas. La fortaleza relativa de las economías de Estados Unidos (EE. UU.) y de Canadá, las políticas de los bancos centrales, las relaciones comerciales y los acontecimientos políticos están entre los factores que influyen en el tipo de cambio. El USD/CAD es uno de los pares de divisas más populares entre los inversores debido a su elevado volumen de negociación y a sus diferenciales relativamente bajos.",,Pendiente,
componentes/rates-charts,rates-charts,FaqsSection.faqs.usdcad[0].question,What is USD/CAD?,¿Qué es el USD/CAD?,,Pendiente,
componentes/rates-charts,rates-charts,FaqsSection.faqs.usdcad[1].answer,"Market forecasting is very hard and models tend to fail to account for rapid changes and unexpected events, which can easily occur. Still, traders use multiple methods to analyze where the USD/CAD exchange rate could be in the short, medium, and long term. On the one hand, traders use technical analysis, which involves drawing price patterns on a chart and using mathematical indicators, to try to anticipate future price action. On the other hand, traders use macroeconomic or fundamental analysis, which focuses on economic developments such as central bank policies, employment, inflation, and growth data, to assess economic health. Finally, sentiment analysis gauges the overall risk perception of markets to determine whether a currency is more likely to benefit from safe-haven flows or heightened risk appetite. Investors tend to make their trading decisions based on a combination of all these methods.","Pronosticar el mercado es muy difícil y los modelos tienden a no tener en cuenta los cambios rápidos y los eventos inesperados, que pueden ocurrir con facilidad. Aun así, los traders utilizan múltiples métodos para analizar dónde podría estar el tipo de cambio del USD/CAD a corto, medio y largo plazo. Por un lado, los traders usan el análisis técnico, que consiste en dibujar patrones de precio en un gráfico y utilizar indicadores matemáticos, para tratar de anticipar la acción futura del precio. Por otro lado, los traders usan el análisis macroeconómico o fundamental, que se centra en acontecimientos económicos como las políticas de los bancos centrales, el empleo, la inflación y los datos de crecimiento, para evaluar la salud económica. Por último, el análisis del sentimiento mide la percepción general de riesgo de los mercados para determinar si es más probable que una divisa se beneficie de los flujos hacia activos refugio o de un mayor apetito por el riesgo. Los inversores tienden a tomar sus decisiones de trading basándose en una combinación de todos estos métodos.",,Pendiente,
componentes/rates-charts,rates-charts,FaqsSection.faqs.usdcad[1].question,How can I forecast the USD/CAD exchange rate?,¿Cómo puedo pronosticar el tipo de cambio del USD/CAD?,,Pendiente,
componentes/rates-charts,rates-charts,FaqsSection.faqs.usdcad[2].answer,"The USD/CAD exchange rate is influenced by a wide range of economic and financial factors. The Bank of Canada (BoC) and the Federal Reserve’s (Fed) monetary policy strategy, based on inflation trends, the state of the economy and the labor market conditions, arguably play the most important role in determining the exchange rate. Additionally, fiscal policies, trade relations and political developments could drive the demand and/or supply for currencies, impacting the exchange rate.","El tipo de cambio del USD/CAD está influido por una amplia gama de factores económicos y financieros. La estrategia de política monetaria del Banco de Canadá (BoC) y de la Reserva Federal (Fed), basada en las tendencias de la inflación, el estado de la economía y las condiciones del mercado laboral, probablemente desempeña el papel más importante a la hora de determinar el tipo de cambio. Además, las políticas fiscales, las relaciones comerciales y los acontecimientos políticos podrían impulsar la demanda y/o la oferta de divisas, afectando al tipo de cambio.",,Pendiente,
componentes/rates-charts,rates-charts,FaqsSection.faqs.usdcad[2].question,Which factors influence the USD/CAD exchange rate?,¿Qué factores influyen en el tipo de cambio del USD/CAD?,,Pendiente,
componentes/rates-charts,rates-charts,FaqsSection.faqs.usdcad[3].answer,"Central banks use various tools to fulfill their mandates, typically focused on controlling inflation and supporting the labor market. Interest rates are the main tool, but not the only one. However, it's the one that impacts financial markets the most as it's directly related to borrowing costs, both for people and companies. For example, if the Bank of Canada decides to raise interest rates to battle rising inflation, higher yields for holding onto the Canadian Dollar make it more attractive to investors. As a result, the diminishing supply of the CAD in circulation helps it appreciate. Conversely, the US Dollar could depreciate if the Federal Reserve responds to worsening labor market conditions by lowering interest rates, thus making it less costly to borrow. USD/CAD falls if the BoC’s policy decisions are seen as supportive for the CAD or the Fed’s strategy is negative for the US Dollar, and vice versa.","Los bancos centrales utilizan diversas herramientas para cumplir sus mandatos, normalmente centrados en controlar la inflación y apoyar el mercado laboral. Los tipos de interés son la herramienta principal, pero no la única. Sin embargo, son los que más impactan en los mercados financieros, ya que están directamente relacionados con los costes de financiación, tanto para personas como para empresas. Por ejemplo, si el Banco de Canadá decide subir los tipos de interés para combatir el aumento de la inflación, los mayores rendimientos por mantener el Dólar canadiense lo hacen más atractivo para los inversores. Como resultado, la menor oferta de CAD en circulación ayuda a que se aprecie. Por el contrario, el Dólar estadounidense podría depreciarse si la Reserva Federal responde al empeoramiento de las condiciones del mercado laboral bajando los tipos de interés, abaratando así el coste de los préstamos. El USD/CAD cae si las decisiones de política del BoC se consideran favorables para el CAD o si la estrategia de la Fed es negativa para el Dólar estadounidense, y viceversa.",,Pendiente,
componentes/rates-charts,rates-charts,FaqsSection.faqs.usdcad[3].question,How do central bank policies influence the USD/CAD exchange rate?,¿Cómo influyen las políticas de los bancos centrales en el tipo de cambio del USD/CAD?,,Pendiente,
componentes/rates-charts,rates-charts,FaqsSection.faqs.usdcad[4].answer,"Trading USD/CAD involves buying or selling the US Dollar against the Canadian Dollar in the foreign exchange market. While it’s possible to exchange physical currencies at banks or exchange offices, this method isn’t optimal due to the high costs involved. Instead, investors typically prefer to trade in the foreign exchange market through brokers’ digital platforms. Trading currency pairs online ensures low costs, fast execution times, and even provides the opportunity to use leverage, depending on how much risk an investor is willing to take.","Operar el USD/CAD implica comprar o vender el Dólar estadounidense frente al Dólar canadiense en el mercado de divisas. Aunque es posible cambiar divisas físicas en bancos u oficinas de cambio, este método no es óptimo debido a los elevados costes que conlleva. En su lugar, los inversores suelen preferir operar en el mercado de divisas a través de las plataformas digitales de los brókeres. Operar pares de divisas en línea garantiza costes bajos, tiempos de ejecución rápidos e incluso ofrece la posibilidad de usar apalancamiento en función del riesgo que el inversor esté dispuesto a asumir.",,Pendiente,
componentes/rates-charts,rates-charts,FaqsSection.faqs.usdcad[4].question,How can I trade USD/CAD?,¿Cómo puedo operar el USD/CAD?,,Pendiente,
componentes/rates-charts,rates-charts,FaqsSection.faqs.usdcad[5].answer,"Most online trading platforms allow trading of currency pairs 24 hours every weekday. However, if a broker uses dynamic spreads, it will be more costly to trade USD/CAD during periods of low market activity, when volatility and liquidity are thin. Hence, most traders might prefer to trade USD/CAD when both the European and US markets are open, between 13:00 GMT and 20:00 GMT. In addition to heightened market activity, macroeconomic data releases can also provide trading opportunities.","La mayoría de las plataformas de trading en línea permiten operar pares de divisas las 24 horas de cada día laborable. Sin embargo, si un bróker utiliza diferenciales dinámicos, será más costoso operar el USD/CAD durante los periodos de baja actividad del mercado, cuando la volatilidad y la liquidez son escasas. Por ello, la mayoría de los traders prefieren operar el USD/CAD cuando los mercados europeo y estadounidense están abiertos a la vez, entre las 13:00 y las 20:00 GMT. Además de una mayor actividad del mercado, las publicaciones de datos macroeconómicos también pueden ofrecer oportunidades de trading.",,Pendiente,
componentes/rates-charts,rates-charts,FaqsSection.faqs.usdcad[5].question,What is the best time to trade USD/CAD?,¿Cuál es el mejor momento para operar el USD/CAD?,,Pendiente,
componentes/rates-charts,rates-charts,FaqsSection.faqs.usdcad[6].answer,"Technical analysis is a popular method for forecasting movements in the USD/CAD exchange rate. It involves studying historical price movements to identify trends, patterns and key support and resistance levels, which then can be used to enter or exit positions. There are also a variety of popular mathematical-based indicators, such as the Relative Strength Index (RSI), Momentum, Bollinger Bands, and Moving Averages, that traders use to confirm the continuation of trends or to spot oversold or overbought conditions in markets. Candlestick analysis is another highly used method within technical analysis, as it helps traders assess changes in bullish or bearish momentum by looking at specific candlestick formations, such as doji, engulfing, or hammer patterns.","El análisis técnico es un método popular para pronosticar los movimientos del tipo de cambio del USD/CAD. Consiste en estudiar los movimientos históricos de los precios para identificar tendencias, patrones y niveles clave de soporte y resistencia, que luego pueden utilizarse para abrir o cerrar posiciones. También existe una variedad de indicadores populares de base matemática, como el Índice de Fuerza Relativa (RSI), el Momentum, las Bandas de Bollinger y las Medias Móviles, que los traders utilizan para confirmar la continuación de las tendencias o para detectar condiciones de sobreventa o sobrecompra en los mercados. El análisis de velas es otro método muy utilizado dentro del análisis técnico, ya que ayuda a los traders a evaluar los cambios en el impulso alcista o bajista observando formaciones de velas específicas, como los patrones doji, envolvente o martillo.",,Pendiente,
componentes/rates-charts,rates-charts,FaqsSection.faqs.usdcad[6].question,How is technical analysis used in trading USD/CAD?,¿Cómo se utiliza el análisis técnico para operar el USD/CAD?,,Pendiente,
componentes/rates-charts,rates-charts,FaqsSection.faqs.usdinr[0].answer,"USD/INR is the currency pair that gauges the US Dollar’s (USD) value against the Indian Rupee (INR), showing how many INR are needed to buy one USD. USD/INR is presented as an exchange rate that fluctuates based on supply and demand dynamics in the foreign exchange market. The relative strength of the United States (US) and the Indian economies, central bank policies, trade relations and political developments are among the factors that impact the exchange rate.","El USD/INR es el par de divisas que mide el valor del Dólar estadounidense (USD) frente a la Rupia india (INR), mostrando cuántas INR se necesitan para comprar un USD. El USD/INR se presenta como un tipo de cambio que fluctúa en función de la dinámica de oferta y demanda en el mercado de divisas. La fortaleza relativa de las economías de Estados Unidos (EE. UU.) y de la India, las políticas de los bancos centrales, las relaciones comerciales y los acontecimientos políticos están entre los factores que influyen en el tipo de cambio.",,Pendiente,
componentes/rates-charts,rates-charts,FaqsSection.faqs.usdinr[0].question,What is USD/INR?,¿Qué es el USD/INR?,,Pendiente,
componentes/rates-charts,rates-charts,FaqsSection.faqs.usdinr[1].answer,"Market forecasting is very hard and models tend to fail to account for rapid changes and unexpected events, which can easily occur. Still, traders use multiple methods to analyze where the USD/INR exchange rate could be in the short, medium, and long term. On the one hand, traders use technical analysis, which involves drawing price patterns on a chart and using mathematical indicators, to try to anticipate future price action. On the other hand, traders use macroeconomic or fundamental analysis, which focuses on economic developments such as central bank policies, employment, inflation, and growth data, to assess economic health. Finally, sentiment analysis gauges the overall risk perception of markets to determine whether a currency is more likely to benefit from safe-haven flows or heightened risk appetite. Investors tend to make their trading decisions based on a combination of all these methods.","Pronosticar el mercado es muy difícil y los modelos tienden a no tener en cuenta los cambios rápidos y los eventos inesperados, que pueden ocurrir con facilidad. Aun así, los traders utilizan múltiples métodos para analizar dónde podría estar el tipo de cambio del USD/INR a corto, medio y largo plazo. Por un lado, los traders usan el análisis técnico, que consiste en dibujar patrones de precio en un gráfico y utilizar indicadores matemáticos, para tratar de anticipar la acción futura del precio. Por otro lado, los traders usan el análisis macroeconómico o fundamental, que se centra en acontecimientos económicos como las políticas de los bancos centrales, el empleo, la inflación y los datos de crecimiento, para evaluar la salud económica. Por último, el análisis del sentimiento mide la percepción general de riesgo de los mercados para determinar si es más probable que una divisa se beneficie de los flujos hacia activos refugio o de un mayor apetito por el riesgo. Los inversores tienden a tomar sus decisiones de trading basándose en una combinación de todos estos métodos.",,Pendiente,
componentes/rates-charts,rates-charts,FaqsSection.faqs.usdinr[1].question,How can I forecast the USD/INR exchange rate?,¿Cómo puedo pronosticar el tipo de cambio del USD/INR?,,Pendiente,
componentes/rates-charts,rates-charts,FaqsSection.faqs.usdinr[2].answer,"The USD/INR exchange rate is influenced by a wide range of economic and financial factors. The Reserve Bank of India (RBI) and the Federal Reserve’s (Fed) monetary policy strategy, based on inflation trends, the state of the economy and labor market conditions, arguably play the most important role in determining the exchange rate. Additionally, fiscal policies, trade relations and political developments could drive the demand and/or supply for currencies, impacting the exchange rate.","El tipo de cambio del USD/INR está influido por una amplia gama de factores económicos y financieros. La estrategia de política monetaria del Banco de la Reserva de la India (RBI) y de la Reserva Federal (Fed), basada en las tendencias de la inflación, el estado de la economía y las condiciones del mercado laboral, probablemente desempeña el papel más importante a la hora de determinar el tipo de cambio. Además, las políticas fiscales, las relaciones comerciales y los acontecimientos políticos podrían impulsar la demanda y/o la oferta de divisas, afectando al tipo de cambio.",,Pendiente,
componentes/rates-charts,rates-charts,FaqsSection.faqs.usdinr[2].question,Which factors influence the USD/INR exchange rate?,¿Qué factores influyen en el tipo de cambio del USD/INR?,,Pendiente,
componentes/rates-charts,rates-charts,FaqsSection.faqs.usdinr[3].answer,"Central banks use various tools to fulfill their mandates, typically focused on controlling inflation and supporting the labor market. Interest rates are the main tool, but not the only one. However, they tend to have the strongest impact on financial markets as they directly affect borrowing costs for individuals and companies. For example, if the Reserve Bank of India raises interest rates to fight rising inflation, higher yields for holding the Indian Rupee make it more attractive to investors, supporting its appreciation. Conversely, the US Dollar could depreciate if the Federal Reserve lowers interest rates in response to weakening labor market conditions. USD/INR falls if the RBI’s policy decisions are seen as supportive for the INR or if the Fed’s strategy is negative for the US Dollar, and vice versa.","Los bancos centrales utilizan diversas herramientas para cumplir sus mandatos, normalmente centrados en controlar la inflación y apoyar el mercado laboral. Los tipos de interés son la herramienta principal, pero no la única. Sin embargo, suelen tener el mayor impacto en los mercados financieros, ya que afectan directamente a los costes de financiación de particulares y empresas. Por ejemplo, si el Banco de la Reserva de la India sube los tipos de interés para combatir el aumento de la inflación, los mayores rendimientos por mantener la Rupia india la hacen más atractiva para los inversores, favoreciendo su apreciación. Por el contrario, el Dólar estadounidense podría depreciarse si la Reserva Federal baja los tipos de interés en respuesta al debilitamiento de las condiciones del mercado laboral. El USD/INR cae si las decisiones de política del RBI se consideran favorables para la INR o si la estrategia de la Fed es negativa para el Dólar estadounidense, y viceversa.",,Pendiente,
componentes/rates-charts,rates-charts,FaqsSection.faqs.usdinr[3].question,How do central bank policies influence the USD/INR exchange rate?,¿Cómo influyen las políticas de los bancos centrales en el tipo de cambio del USD/INR?,,Pendiente,
componentes/rates-charts,rates-charts,FaqsSection.faqs.usdinr[4].answer,"Trading USD/INR involves buying or selling the US Dollar against the Indian Rupee in the foreign exchange market. While it is possible to exchange physical currencies at banks or exchange offices, this approach is generally inefficient due to higher costs. Instead, most investors trade USD/INR through brokers’ digital trading platforms, which offer lower costs, fast execution, and the possibility to use leverage, depending on the investor’s risk tolerance.","Operar el USD/INR implica comprar o vender el Dólar estadounidense frente a la Rupia india en el mercado de divisas. Aunque es posible cambiar divisas físicas en bancos u oficinas de cambio, este enfoque suele ser ineficiente debido a sus mayores costes. En su lugar, la mayoría de los inversores operan el USD/INR a través de las plataformas digitales de trading de los brókeres, que ofrecen costes más bajos, ejecución rápida y la posibilidad de usar apalancamiento, según la tolerancia al riesgo del inversor.",,Pendiente,
componentes/rates-charts,rates-charts,FaqsSection.faqs.usdinr[4].question,How can I trade USD/INR?,¿Cómo puedo operar el USD/INR?,,Pendiente,
componentes/rates-charts,rates-charts,FaqsSection.faqs.usdinr[5].answer,"Most online trading platforms allow trading of currency pairs 24 hours every weekday. However, if a broker uses dynamic spreads, trading USD/INR can become more expensive during periods of low liquidity and volatility. As a result, many traders prefer to trade USD/INR during the Asian session, typically between 21:00 GMT and 09:00 GMT. Important macroeconomic data releases can also create additional trading opportunities.","La mayoría de las plataformas de trading en línea permiten operar pares de divisas las 24 horas de cada día laborable. Sin embargo, si un bróker utiliza diferenciales dinámicos, operar el USD/INR puede encarecerse durante los periodos de baja liquidez y volatilidad. Por ello, muchos traders prefieren operar el USD/INR durante la sesión asiática, normalmente entre las 21:00 y las 09:00 GMT. Las publicaciones importantes de datos macroeconómicos también pueden generar oportunidades de trading adicionales.",,Pendiente,
componentes/rates-charts,rates-charts,FaqsSection.faqs.usdinr[5].question,What is the best time to trade USD/INR?,¿Cuál es el mejor momento para operar el USD/INR?,,Pendiente,
componentes/rates-charts,rates-charts,FaqsSection.faqs.usdinr[6].answer,"Technical analysis is a popular method for forecasting movements in the USD/INR exchange rate. It involves studying historical price movements to identify trends, chart patterns and key support and resistance levels, which can help traders decide when to enter or exit positions. Traders also use mathematical indicators such as the Relative Strength Index (RSI), Momentum, Bollinger Bands and Moving Averages to confirm trend strength or identify overbought and oversold conditions. Candlestick analysis is another widely used approach, allowing traders to assess shifts in bullish or bearish momentum through formations such as doji, engulfing or hammer patterns.","El análisis técnico es un método popular para pronosticar los movimientos del tipo de cambio del USD/INR. Consiste en estudiar los movimientos históricos de los precios para identificar tendencias, patrones gráficos y niveles clave de soporte y resistencia, que pueden ayudar a los traders a decidir cuándo abrir o cerrar posiciones. Los traders también utilizan indicadores matemáticos como el Índice de Fuerza Relativa (RSI), el Momentum, las Bandas de Bollinger y las Medias Móviles para confirmar la fuerza de la tendencia o identificar condiciones de sobrecompra y sobreventa. El análisis de velas es otro enfoque ampliamente utilizado, que permite a los traders evaluar los cambios en el impulso alcista o bajista a través de formaciones como los patrones doji, envolvente o martillo.",,Pendiente,
componentes/rates-charts,rates-charts,FaqsSection.faqs.usdinr[6].question,How is technical analysis used in trading USD/INR?,¿Cómo se utiliza el análisis técnico para operar el USD/INR?,,Pendiente,
componentes/rates-charts,rates-charts,FaqsSection.faqs.usdjpy[0].answer,"USD/JPY is the currency pair that gauges the US Dollar’s (USD) value against the Japanese Yen (JPY), showing how many JPY are needed to buy one USD. USD/JPY is presented as an exchange rate that fluctuates based on supply and demand dynamics in the foreign exchange market. The relative strength of the United States (US) and the Japanese economies, central bank policies, trade relations and political developments are among the factors that impact the exchange rate. USD/JPY is one of the most popular currency pairs among investors due to its high trading volumes and relatively low spreads.","El USD/JPY es el par de divisas que mide el valor del Dólar estadounidense (USD) frente al Yen japonés (JPY), mostrando cuántos JPY se necesitan para comprar un USD. El USD/JPY se presenta como un tipo de cambio que fluctúa en función de la dinámica de oferta y demanda en el mercado de divisas. La fortaleza relativa de las economías de Estados Unidos (EE. UU.) y de Japón, las políticas de los bancos centrales, las relaciones comerciales y los acontecimientos políticos están entre los factores que influyen en el tipo de cambio. El USD/JPY es uno de los pares de divisas más populares entre los inversores debido a su elevado volumen de negociación y a sus diferenciales relativamente bajos.",,Pendiente,
componentes/rates-charts,rates-charts,FaqsSection.faqs.usdjpy[0].question,What is USD/JPY?,¿Qué es el USD/JPY?,,Pendiente,
componentes/rates-charts,rates-charts,FaqsSection.faqs.usdjpy[1].answer,"Market forecasting is very hard and models tend to fail to account for rapid changes and unexpected events, which can easily occur. Still, traders use multiple methods to analyze where the USD/JPY exchange rate could be in the short, medium, and long term. On the one hand, traders use technical analysis, which involves drawing price patterns on a chart and using mathematical indicators, to try to anticipate future price action. On the other hand, traders use macroeconomic or fundamental analysis, which focuses on economic developments such as central bank policies, employment, inflation, and growth data, to assess economic health. Finally, the sentiment analysis gauges the overall risk perception of markets to determine whether a currency is more likely to benefit from safe-haven flows or heightened risk appetite. Investors tend to make their trading decisions based on a combination of all these methods.","Pronosticar el mercado es muy difícil y los modelos tienden a no tener en cuenta los cambios rápidos y los eventos inesperados, que pueden ocurrir con facilidad. Aun así, los traders utilizan múltiples métodos para analizar dónde podría estar el tipo de cambio del USD/JPY a corto, medio y largo plazo. Por un lado, los traders usan el análisis técnico, que consiste en dibujar patrones de precio en un gráfico y utilizar indicadores matemáticos, para tratar de anticipar la acción futura del precio. Por otro lado, los traders usan el análisis macroeconómico o fundamental, que se centra en acontecimientos económicos como las políticas de los bancos centrales, el empleo, la inflación y los datos de crecimiento, para evaluar la salud económica. Por último, el análisis del sentimiento mide la percepción general de riesgo de los mercados para determinar si es más probable que una divisa se beneficie de los flujos hacia activos refugio o de un mayor apetito por el riesgo. Los inversores tienden a tomar sus decisiones de trading basándose en una combinación de todos estos métodos.",,Pendiente,
componentes/rates-charts,rates-charts,FaqsSection.faqs.usdjpy[1].question,How can I forecast the USD/JPY exchange rate?,¿Cómo puedo pronosticar el tipo de cambio del USD/JPY?,,Pendiente,
componentes/rates-charts,rates-charts,FaqsSection.faqs.usdjpy[2].answer,"The USD/JPY exchange rate is influenced by a wide range of economic and financial factors. The Bank of Japan (BoJ) and the Federal Reserve’s (Fed) monetary policy strategy, based on inflation trends, the state of the economy and the labor market conditions, arguably play the most important role in determining the exchange rate. Additionally, fiscal policies, trade relations and political developments could drive the demand and/or supply for currencies, impacting the exchange rate.","El tipo de cambio del USD/JPY está influido por una amplia gama de factores económicos y financieros. La estrategia de política monetaria del Banco de Japón (BoJ) y de la Reserva Federal (Fed), basada en las tendencias de la inflación, el estado de la economía y las condiciones del mercado laboral, probablemente desempeña el papel más importante a la hora de determinar el tipo de cambio. Además, las políticas fiscales, las relaciones comerciales y los acontecimientos políticos podrían impulsar la demanda y/o la oferta de divisas, afectando al tipo de cambio.",,Pendiente,
componentes/rates-charts,rates-charts,FaqsSection.faqs.usdjpy[2].question,Which factors influence the USD/JPY exchange rate?,¿Qué factores influyen en el tipo de cambio del USD/JPY?,,Pendiente,
componentes/rates-charts,rates-charts,FaqsSection.faqs.usdjpy[3].answer,"Central banks use various tools to fulfill their mandates, typically focused on controlling inflation and supporting the labor market. Interest rates are the main tool, but not the only one. However, it's the one that impacts financial markets the most as it's directly related to borrowing costs, both for people and companies. For example, if the Bank of Japan decides to raise interest rates to battle rising inflation, higher yields for holding onto the Japanese Yen make it more attractive to investors. As a result, the diminishing supply of the JPY in circulation helps it appreciate. Conversely, the US Dollar could depreciate if the Federal Reserve responds to worsening labor market conditions by lowering interest rates, thus making it less costly to borrow. USD/JPY falls if the BoJ’s policy decisions are seen as supportive for the JPY or the Fed’s strategy is negative for the US Dollar, and vice versa.","Los bancos centrales utilizan diversas herramientas para cumplir sus mandatos, normalmente centrados en controlar la inflación y apoyar el mercado laboral. Los tipos de interés son la herramienta principal, pero no la única. Sin embargo, son los que más impactan en los mercados financieros, ya que están directamente relacionados con los costes de financiación, tanto para personas como para empresas. Por ejemplo, si el Banco de Japón decide subir los tipos de interés para combatir el aumento de la inflación, los mayores rendimientos por mantener el Yen japonés lo hacen más atractivo para los inversores. Como resultado, la menor oferta de JPY en circulación ayuda a que se aprecie. Por el contrario, el Dólar estadounidense podría depreciarse si la Reserva Federal responde al empeoramiento de las condiciones del mercado laboral bajando los tipos de interés, abaratando así el coste de los préstamos. El USD/JPY cae si las decisiones de política del BoJ se consideran favorables para el JPY o si la estrategia de la Fed es negativa para el Dólar estadounidense, y viceversa.",,Pendiente,
componentes/rates-charts,rates-charts,FaqsSection.faqs.usdjpy[3].question,How do central bank policies influence the USD/JPY exchange rate?,¿Cómo influyen las políticas de los bancos centrales en el tipo de cambio del USD/JPY?,,Pendiente,
componentes/rates-charts,rates-charts,FaqsSection.faqs.usdjpy[4].answer,"Trading USD/JPY involves buying or selling the US Dollar against the Japanese Yen in the foreign exchange market. While it’s possible to exchange physical currencies at banks or exchange offices, this method isn’t optimal due to the high costs involved. Instead, investors typically prefer to trade in the foreign exchange market through brokers’ digital platforms. Trading currency pairs online ensures low costs, fast execution times, and even provides the opportunity to use leverage, depending on how much risk an investor is willing to take.","Operar el USD/JPY implica comprar o vender el Dólar estadounidense frente al Yen japonés en el mercado de divisas. Aunque es posible cambiar divisas físicas en bancos u oficinas de cambio, este método no es óptimo debido a los elevados costes que conlleva. En su lugar, los inversores suelen preferir operar en el mercado de divisas a través de las plataformas digitales de los brókeres. Operar pares de divisas en línea garantiza costes bajos, tiempos de ejecución rápidos e incluso ofrece la posibilidad de usar apalancamiento en función del riesgo que el inversor esté dispuesto a asumir.",,Pendiente,
componentes/rates-charts,rates-charts,FaqsSection.faqs.usdjpy[4].question,How can I trade USD/JPY?,¿Cómo puedo operar el USD/JPY?,,Pendiente,
componentes/rates-charts,rates-charts,FaqsSection.faqs.usdjpy[5].answer,"Most online trading platforms allow trading of currency pairs 24 hours every weekday. However, if a broker uses dynamic spreads, it will be more costly to trade USD/JPY during periods of low market activity, when volatility and liquidity are thin. Hence, most traders might prefer to trade USD/JPY during the Asian session, between 21:00 GMT and 09:00 GMT. In addition to heightened market activity, macroeconomic data releases can also provide trading opportunities.","La mayoría de las plataformas de trading en línea permiten operar pares de divisas las 24 horas de cada día laborable. Sin embargo, si un bróker utiliza diferenciales dinámicos, será más costoso operar el USD/JPY durante los periodos de baja actividad del mercado, cuando la volatilidad y la liquidez son escasas. Por ello, la mayoría de los traders prefieren operar el USD/JPY durante la sesión asiática, entre las 21:00 y las 09:00 GMT. Además de una mayor actividad del mercado, las publicaciones de datos macroeconómicos también pueden ofrecer oportunidades de trading.",,Pendiente,
componentes/rates-charts,rates-charts,FaqsSection.faqs.usdjpy[5].question,What is the best time to trade USD/JPY?,¿Cuál es el mejor momento para operar el USD/JPY?,,Pendiente,
componentes/rates-charts,rates-charts,FaqsSection.faqs.usdjpy[6].answer,"Technical analysis is a popular method for forecasting movements in the USD/JPY exchange rate. It involves studying historical price movements to identify trends, patterns and key support and resistance levels, which then can be used to enter or exit positions. There are also a variety of popular mathematical-based indicators, such as the Relative Strength Index (RSI), Momentum, Bollinger Bands, and Moving Averages, that traders use to confirm the continuation of trends or to spot oversold or overbought conditions in markets. Candlestick analysis is another highly used method within technical analysis, as it helps traders assess changes in bullish or bearish momentum by looking at specific candlestick formations, such as doji, engulfing, or hammer patterns.","El análisis técnico es un método popular para pronosticar los movimientos del tipo de cambio del USD/JPY. Consiste en estudiar los movimientos históricos de los precios para identificar tendencias, patrones y niveles clave de soporte y resistencia, que luego pueden utilizarse para abrir o cerrar posiciones. También existe una variedad de indicadores populares de base matemática, como el Índice de Fuerza Relativa (RSI), el Momentum, las Bandas de Bollinger y las Medias Móviles, que los traders utilizan para confirmar la continuación de las tendencias o para detectar condiciones de sobreventa o sobrecompra en los mercados. El análisis de velas es otro método muy utilizado dentro del análisis técnico, ya que ayuda a los traders a evaluar los cambios en el impulso alcista o bajista observando formaciones de velas específicas, como los patrones doji, envolvente o martillo.",,Pendiente,
componentes/rates-charts,rates-charts,FaqsSection.faqs.usdjpy[6].question,How is technical analysis used in trading USD/JPY?,¿Cómo se utiliza el análisis técnico para operar el USD/JPY?,,Pendiente,
componentes/rates-charts,rates-charts,FaqsSection.faqs.westtexasintermediate[0].answer,"WTI refers to West Texas Intermediate crude Oil, specifically that produced in the United States (US). WTI Oil is traded on the New York Mercantile Exchange (NYMEX) and is considered one of the main international benchmarks for Oil pricing. In financial markets, WTI US Oil refers to the price of one barrel in US Dollars (USD) and is presented as an exchange rate that fluctuates based on supply and demand dynamics. WTI US Oil is the second-most-popular commodity among investors after Gold, largely due to its high trading volume.","El WTI hace referencia al petróleo crudo West Texas Intermediate, concretamente el producido en Estados Unidos (EE. UU.). El petróleo WTI se negocia en el New York Mercantile Exchange (NYMEX) y se considera una de las principales referencias internacionales para la fijación del precio del petróleo. En los mercados financieros, el petróleo WTI de EE. UU. se refiere al precio de un barril en Dólares estadounidenses (USD) y se presenta como un tipo de cambio que fluctúa en función de la dinámica de oferta y demanda. El petróleo WTI de EE. UU. es la segunda materia prima más popular entre los inversores después del Oro, en gran parte debido a su elevado volumen de negociación.",,Pendiente,
componentes/rates-charts,rates-charts,FaqsSection.faqs.westtexasintermediate[0].question,What is WTI?,¿Qué es el WTI?,,Pendiente,
componentes/rates-charts,rates-charts,FaqsSection.faqs.westtexasintermediate[1].answer,"Market forecasting is very hard and models tend to fail to account for rapid changes and unexpected events, which can easily occur. Still, traders use multiple methods to analyze where the WTI US Oil price could be in the short, medium, and long term. Technical analysis focuses on chart patterns and mathematical indicators to anticipate future price movements. Fundamental or macroeconomic analysis looks at economic developments such as central bank policies, inflation, employment and growth data, which influence global demand for Oil. Sentiment analysis evaluates overall market risk appetite to determine whether Oil is likely to benefit from economic optimism or suffer during periods of uncertainty. Traders usually combine all these approaches.","Pronosticar el mercado es muy difícil y los modelos tienden a no tener en cuenta los cambios rápidos y los eventos inesperados, que pueden ocurrir con facilidad. Aun así, los traders utilizan múltiples métodos para analizar dónde podría estar el precio del petróleo WTI de EE. UU. a corto, medio y largo plazo. El análisis técnico se centra en los patrones gráficos y los indicadores matemáticos para anticipar los movimientos futuros del precio. El análisis fundamental o macroeconómico examina acontecimientos económicos como las políticas de los bancos centrales, la inflación, el empleo y los datos de crecimiento, que influyen en la demanda mundial de petróleo. El análisis del sentimiento evalúa el apetito general por el riesgo del mercado para determinar si es probable que el petróleo se beneficie del optimismo económico o sufra durante los periodos de incertidumbre. Los traders suelen combinar todos estos enfoques.",,Pendiente,
componentes/rates-charts,rates-charts,FaqsSection.faqs.westtexasintermediate[1].question,How can I forecast the WTI US Oil price?,¿Cómo puedo pronosticar el precio del petróleo WTI de EE. UU.?,,Pendiente,
componentes/rates-charts,rates-charts,FaqsSection.faqs.westtexasintermediate[2].answer,"WTI US Oil and Brent Oil are both crude Oil benchmarks but differ in origin, composition and transportation. WTI is landlocked US Oil, while Brent is extracted from the North Sea. WTI is lighter and sweeter, making it cheaper to refine into gasoline, whereas Brent is heavier and contains more sulfur. Brent is easier to ship globally and therefore tends to trade at a premium. Brent is also the primary international benchmark for Oil prices.","El petróleo WTI de EE. UU. y el petróleo Brent son ambos referencias de petróleo crudo, pero difieren en origen, composición y transporte. El WTI es petróleo estadounidense del interior (sin salida directa al mar), mientras que el Brent se extrae del Mar del Norte. El WTI es más ligero y dulce, lo que abarata su refinado en gasolina, mientras que el Brent es más pesado y contiene más azufre. El Brent es más fácil de transportar a nivel mundial y, por tanto, tiende a cotizar con prima. El Brent es también la principal referencia internacional para los precios del petróleo.",,Pendiente,
componentes/rates-charts,rates-charts,FaqsSection.faqs.westtexasintermediate[2].question,What is the difference between WTI and Brent?,¿Cuál es la diferencia entre el WTI y el Brent?,,Pendiente,
componentes/rates-charts,rates-charts,FaqsSection.faqs.westtexasintermediate[3].answer,"The price of WTI US Oil is mainly influenced by supply and demand dynamics. Decisions made by the Organization of Petroleum Exporting Countries (OPEC) and its allies, collectively known as OPEC+, play a key role, as the group regularly sets production targets to influence prices. US Oil inventories and production levels are also important drivers. In addition, geopolitical tensions involving major Oil-producing regions can significantly impact WTI prices.","El precio del petróleo WTI de EE. UU. está influido principalmente por la dinámica de oferta y demanda. Las decisiones tomadas por la Organización de Países Exportadores de Petróleo (OPEP) y sus aliados, conocidos colectivamente como OPEP+, desempeñan un papel clave, ya que el grupo fija periódicamente objetivos de producción para influir en los precios. Los inventarios y los niveles de producción de petróleo de EE. UU. también son motores importantes. Además, las tensiones geopolíticas que afectan a las principales regiones productoras de petróleo pueden tener un impacto significativo en los precios del WTI.",,Pendiente,
componentes/rates-charts,rates-charts,FaqsSection.faqs.westtexasintermediate[3].question,Which factors influence the WTI US Oil price?,¿Qué factores influyen en el precio del petróleo WTI de EE. UU.?,,Pendiente,
componentes/rates-charts,rates-charts,FaqsSection.faqs.westtexasintermediate[4].answer,"Trading WTI US Oil involves buying or selling exposure to WTI crude against the US Dollar. Retail investors cannot exchange physical Oil, so most traders access WTI through brokers’ digital trading platforms. Trading commodities online typically offers low transaction costs, fast execution and the possibility to use leverage, depending on the trader’s risk tolerance.","Operar el petróleo WTI de EE. UU. implica comprar o vender exposición al crudo WTI frente al Dólar estadounidense. Los inversores minoristas no pueden intercambiar petróleo físico, por lo que la mayoría de los traders acceden al WTI a través de las plataformas digitales de trading de los brókeres. Operar materias primas en línea normalmente ofrece costes de transacción bajos, ejecución rápida y la posibilidad de usar apalancamiento, según la tolerancia al riesgo del trader.",,Pendiente,
componentes/rates-charts,rates-charts,FaqsSection.faqs.westtexasintermediate[4].question,How can I trade WTI US Oil?,¿Cómo puedo operar el petróleo WTI de EE. UU.?,,Pendiente,
componentes/rates-charts,rates-charts,FaqsSection.faqs.westtexasintermediate[5].answer,"Technical analysis is widely used to forecast movements in the price of WTI US Oil. It involves analyzing historical price data to identify trends, chart patterns and key support and resistance levels, which can help determine entry and exit points. Traders also use indicators such as the Relative Strength Index (RSI), Momentum, Bollinger Bands and Moving Averages to confirm trend strength or identify overbought and oversold conditions. Candlestick analysis further helps assess shifts in bullish or bearish momentum through formations such as doji, engulfing or hammer patterns.","El análisis técnico se utiliza ampliamente para pronosticar los movimientos del precio del petróleo WTI de EE. UU. Consiste en analizar los datos históricos de precios para identificar tendencias, patrones gráficos y niveles clave de soporte y resistencia, que pueden ayudar a determinar los puntos de entrada y salida. Los traders también utilizan indicadores como el Índice de Fuerza Relativa (RSI), el Momentum, las Bandas de Bollinger y las Medias Móviles para confirmar la fuerza de la tendencia o identificar condiciones de sobrecompra y sobreventa. El análisis de velas ayuda además a evaluar los cambios en el impulso alcista o bajista a través de formaciones como los patrones doji, envolvente o martillo.",,Pendiente,
componentes/rates-charts,rates-charts,FaqsSection.faqs.westtexasintermediate[5].question,How is technical analysis used in trading WTI US Oil?,¿Cómo se utiliza el análisis técnico para operar el petróleo WTI de EE. UU.?,,Pendiente,
componentes/rates-charts,rates-charts,FaqsSection.faqs.xauusd[0].answer,"XAU/USD is the commodity pair that gauges the price of Gold (XAU) in US Dollars (USD), showing how many USD are needed to buy one troy ounce of Gold. XAU/USD is presented as an exchange rate that fluctuates based on supply and demand dynamics in the commodities market. The relative strength of the United States (US) and the global economy, demand from central banks, trade relations and geopolitical developments are among the factors that impact Gold’s price. As Gold is considered a safe-haven asset, XAU/USD is heavily influenced by market sentiment. When investors feel confident about economic progress, they tend to sell Gold, while during times of uncertainty they typically buy it. XAU/USD is one of the most popular commodities among investors due to its high trading volumes.","El XAU/USD es el par de materias primas que mide el precio del Oro (XAU) en Dólares estadounidenses (USD), mostrando cuántos USD se necesitan para comprar una onza troy de Oro. El XAU/USD se presenta como un tipo de cambio que fluctúa en función de la dinámica de oferta y demanda en el mercado de materias primas. La fortaleza relativa de Estados Unidos (EE. UU.) y de la economía mundial, la demanda de los bancos centrales, las relaciones comerciales y los acontecimientos geopolíticos están entre los factores que influyen en el precio del Oro. Como el Oro se considera un activo refugio, el XAU/USD está muy influido por el sentimiento del mercado. Cuando los inversores confían en el progreso económico, tienden a vender Oro, mientras que en épocas de incertidumbre suelen comprarlo. El XAU/USD es una de las materias primas más populares entre los inversores debido a su elevado volumen de negociación.",,Pendiente,
componentes/rates-charts,rates-charts,FaqsSection.faqs.xauusd[0].question,What is XAU/USD?,¿Qué es el XAU/USD?,,Pendiente,
componentes/rates-charts,rates-charts,FaqsSection.faqs.xauusd[1].answer,"XAU/USD is a widely traded asset available on most trading platforms and can be traded by both beginners and experienced investors, provided they understand the associated risks. Gold is considered a safe-haven asset, meaning it is expected to maintain or increase in value during periods of economic turmoil, helping offset losses in other assets. While safe havens are not usually associated with high returns, XAU/USD often appreciates during adverse economic conditions as investors move funds into Gold.","El XAU/USD es un activo ampliamente negociado, disponible en la mayoría de las plataformas de trading, y pueden operarlo tanto principiantes como inversores experimentados, siempre que comprendan los riesgos asociados. El Oro se considera un activo refugio, lo que significa que se espera que mantenga o aumente su valor durante los periodos de turbulencia económica, ayudando a compensar pérdidas en otros activos. Aunque los activos refugio no suelen asociarse a rentabilidades elevadas, el XAU/USD a menudo se aprecia durante condiciones económicas adversas, ya que los inversores trasladan fondos al Oro.",,Pendiente,
componentes/rates-charts,rates-charts,FaqsSection.faqs.xauusd[1].question,Is XAU/USD good for beginners?,¿Es el XAU/USD adecuado para principiantes?,,Pendiente,
componentes/rates-charts,rates-charts,FaqsSection.faqs.xauusd[2].answer,"Market forecasting is very hard and models tend to fail to account for rapid changes and unexpected events, which can easily occur. Still, traders use multiple methods to analyze where the XAU/USD exchange rate could be in the short, medium, and long term. Technical analysis focuses on chart patterns and mathematical indicators to anticipate price movements. Fundamental or macroeconomic analysis examines economic data such as central bank policies, inflation, employment and growth. Sentiment analysis evaluates overall market risk appetite to determine whether Gold is likely to benefit from safe-haven demand. Traders usually combine all these approaches when making decisions.","Pronosticar el mercado es muy difícil y los modelos tienden a no tener en cuenta los cambios rápidos y los eventos inesperados, que pueden ocurrir con facilidad. Aun así, los traders utilizan múltiples métodos para analizar dónde podría estar el tipo de cambio del XAU/USD a corto, medio y largo plazo. El análisis técnico se centra en los patrones gráficos y los indicadores matemáticos para anticipar los movimientos del precio. El análisis fundamental o macroeconómico examina datos económicos como las políticas de los bancos centrales, la inflación, el empleo y el crecimiento. El análisis del sentimiento evalúa el apetito general por el riesgo del mercado para determinar si es probable que el Oro se beneficie de la demanda de activos refugio. Los traders suelen combinar todos estos enfoques al tomar decisiones.",,Pendiente,
componentes/rates-charts,rates-charts,FaqsSection.faqs.xauusd[2].question,How can I forecast the XAU/USD exchange rate?,¿Cómo puedo pronosticar el tipo de cambio del XAU/USD?,,Pendiente,
componentes/rates-charts,rates-charts,FaqsSection.faqs.xauusd[3].answer,"XAU/USD typically refers to Spot Gold, which represents the price of physical bullion, while Gold futures are exchange-traded contracts with standardized terms and regulatory oversight. Futures are often favored by traders seeking to capitalize on Gold price volatility, whereas Spot Gold is generally viewed as a store of value. While futures can offer higher liquidity for very large volumes, Spot Gold is highly liquid and often preferred for speculative trading due to its accessibility.","El XAU/USD suele referirse al Oro al contado (Spot), que representa el precio del lingote físico, mientras que los futuros del Oro son contratos negociados en bolsa con condiciones estandarizadas y supervisión regulatoria. Los futuros suelen ser preferidos por los traders que buscan aprovechar la volatilidad del precio del Oro, mientras que el Oro al contado se considera generalmente un depósito de valor. Aunque los futuros pueden ofrecer mayor liquidez para volúmenes muy grandes, el Oro al contado es muy líquido y a menudo se prefiere para el trading especulativo debido a su accesibilidad.",,Pendiente,
componentes/rates-charts,rates-charts,FaqsSection.faqs.xauusd[3].question,Is there a difference between XAU/USD and Gold futures?,¿Hay alguna diferencia entre el XAU/USD y los futuros del Oro?,,Pendiente,
componentes/rates-charts,rates-charts,FaqsSection.faqs.xauusd[4].answer,"Trading XAU/USD involves buying or selling Gold against the US Dollar. Although it is possible to trade physical Gold, this approach is generally inefficient due to storage, insurance and transaction costs. Most investors instead trade XAU/USD through brokers’ digital platforms, which typically offer lower costs, fast execution and the possibility to use leverage, depending on the investor’s risk tolerance.","Operar el XAU/USD implica comprar o vender Oro frente al Dólar estadounidense. Aunque es posible operar Oro físico, este enfoque suele ser ineficiente debido a los costes de almacenamiento, seguro y transacción. En su lugar, la mayoría de los inversores operan el XAU/USD a través de las plataformas digitales de los brókeres, que normalmente ofrecen costes más bajos, ejecución rápida y la posibilidad de usar apalancamiento, según la tolerancia al riesgo del inversor.",,Pendiente,
componentes/rates-charts,rates-charts,FaqsSection.faqs.xauusd[4].question,How can I trade XAU/USD?,¿Cómo puedo operar el XAU/USD?,,Pendiente,
componentes/rates-charts,rates-charts,FaqsSection.faqs.xauusd[5].answer,"Most online trading platforms allow trading of commodities 24 hours every weekday. However, if a broker uses dynamic spreads, trading XAU/USD can become more expensive during periods of low liquidity and volatility. As a result, many traders prefer to trade XAU/USD when both the European and US markets are open, typically between 13:00 GMT and 17:00 GMT. Important macroeconomic data releases can also create additional trading opportunities.","La mayoría de las plataformas de trading en línea permiten operar materias primas las 24 horas de cada día laborable. Sin embargo, si un bróker utiliza diferenciales dinámicos, operar el XAU/USD puede encarecerse durante los periodos de baja liquidez y volatilidad. Por ello, muchos traders prefieren operar el XAU/USD cuando los mercados europeo y estadounidense están abiertos a la vez, normalmente entre las 13:00 y las 17:00 GMT. Las publicaciones importantes de datos macroeconómicos también pueden generar oportunidades de trading adicionales.",,Pendiente,
componentes/rates-charts,rates-charts,FaqsSection.faqs.xauusd[5].question,What is the best time to trade XAU/USD?,¿Cuál es el mejor momento para operar el XAU/USD?,,Pendiente,
componentes/rates-charts,rates-charts,FaqsSection.faqs.xauusd[6].answer,"Technical analysis is widely used to forecast movements in the XAU/USD pair. It involves studying historical price data to identify trends, chart patterns and key support and resistance levels, which can help traders determine entry and exit points. Traders also rely on indicators such as the Relative Strength Index (RSI), Momentum, Bollinger Bands and Moving Averages to confirm trend strength or identify overbought and oversold conditions. Candlestick analysis further helps assess shifts in bullish or bearish momentum through formations like doji, engulfing or hammer patterns.","El análisis técnico se utiliza ampliamente para pronosticar los movimientos del par XAU/USD. Consiste en estudiar los datos históricos de precios para identificar tendencias, patrones gráficos y niveles clave de soporte y resistencia, que pueden ayudar a los traders a determinar los puntos de entrada y salida. Los traders también recurren a indicadores como el Índice de Fuerza Relativa (RSI), el Momentum, las Bandas de Bollinger y las Medias Móviles para confirmar la fuerza de la tendencia o identificar condiciones de sobrecompra y sobreventa. El análisis de velas ayuda además a evaluar los cambios en el impulso alcista o bajista a través de formaciones como los patrones doji, envolvente o martillo.",,Pendiente,
componentes/rates-charts,rates-charts,FaqsSection.faqs.xauusd[6].question,How is technical analysis used in trading XAU/USD?,¿Cómo se utiliza el análisis técnico para operar el XAU/USD?,,Pendiente,
componentes/rates-charts,rates-charts,FaqsSection.title,Rates & charts FAQs,Preguntas frecuentes sobre tipos y gráficos,,Pendiente,
componentes/rates-charts,rates-charts,Forecasts.cta,See full forecast,Ver pronóstico completo,,Pendiente,
componentes/rates-charts,rates-charts,Forecasts.description,"31 of the best experts in the industry give their best to add confidence to your trades, or to get you to double-check before you enter a position. Be sure to check it out!",31 de los mejores expertos del sector aportan su visión para darte confianza en tus operaciones o para que revises antes de entrar en una posición. ¡No dejes de consultarlo!,,Pendiente,
componentes/rates-charts,rates-charts,Forecasts.headline,FXS's Experts Outlook,Perspectiva de los expertos de FXS,,Pendiente,
componentes/rates-charts,rates-charts,Forecasts.sectionTitle,Forecasts,Pronósticos,,Pendiente,
componentes/rates-charts,rates-charts,Header.editorial,Editorial,Editorial,,Pendiente,
componentes/rates-charts,rates-charts,Header.news,News,Noticias,,Pendiente,
componentes/rates-charts,rates-charts,Header.title,{assetName} Exchange rate,Tipo de cambio de {assetName},,Pendiente,
componentes/rates-charts,rates-charts,Header.tools,Tools,Herramientas,,Pendiente,
componentes/rates-charts,rates-charts,IndicatorsChart.assetSelector,Asset,Activo,,Pendiente,
componentes/rates-charts,rates-charts,IndicatorsChart.searchPlaceholder,Search assets...,Buscar activos...,,Pendiente,
componentes/rates-charts,rates-charts,IndicatorsPage.description,"The FXS Technical Confluences Detector is an in-house tool, developed by FXStreet experts, that allows you to identify those price levels where congestion of indicators like moving averages, Fibonacci levels, Pivot Points occurs. Knowing where these congestion points are located is very helpful as it allows the trader to see these areas of support and resistance easily. This tool is customizable so you can choose the asset selectors and the time frame that are more suitable for your trading operations.","El Detector de Confluencias Técnicas de FXS es una herramienta propia, desarrollada por los expertos de FXStreet, que te permite identificar aquellos niveles de precio donde se concentran indicadores como medias móviles, niveles de Fibonacci o Puntos Pivote. Saber dónde se ubican estos puntos de congestión es muy útil, ya que permite al trader visualizar fácilmente estas zonas de soporte y resistencia.",,Pendiente,
componentes/rates-charts,rates-charts,IndicatorsPage.faqsTitle,Technical Confluences Detector FAQs,Preguntas frecuentes sobre el Detector de Confluencias Técnicas,,Pendiente,
componentes/rates-charts,rates-charts,IndicatorsPage.faqs[0].answer,"<p>This tool assigns a certain ""weight"" to each indicator according to its class and time range. This ""weight"" is propagated to price levels – even if those levels do not contain any indicator – to <strong>highlight the influence of the force of attraction generated by the presence of important indicators</strong>, such as a Moving Average or a Pivot Point level in a daily range. The algorithm's logical structure intensifies the signal's strength in those areas where several indicators converge – so-called technical confluence zones.</p>","<p>Esta herramienta asigna un cierto ""peso"" a cada indicador según su clase y su rango temporal. Ese ""peso"" se propaga a los niveles de precio – incluso a aquellos que no contienen ningún indicador – para <strong>resaltar la influencia de la fuerza de atracción que genera la presencia de indicadores importantes</strong>, como una media móvil o un nivel de Punto Pivote en un rango diario. La estructura lógica del algoritmo intensifica la fuerza de la señal en aquellas zonas donde varios indicadores convergen, las llamadas zonas de confluencia técnica.</p>",,Pendiente,
componentes/rates-charts,rates-charts,IndicatorsPage.faqs[0].question,Confluence of technical levels,Confluencia de niveles técnicos,,Pendiente,
componentes/rates-charts,rates-charts,IndicatorsPage.faqs[1].answer,"<p>The tool detects and draws the price levels where indicators are placed with a horizontal line, highlighting those levels where several indicators converge simultaneously. <strong>The color intensity of each horizontal line indicates the strength of the resistance or support levels</strong> generated by technical indicators. We have also implemented a color gradient to intensify the lines' tonality wherever the Technical Confluences Detector finds more resistance/support to price advance. The darker the line, the stronger the support/resistance area.</p>","<p>La herramienta detecta y dibuja con una línea horizontal los niveles de precio donde se sitúan los indicadores, resaltando aquellos niveles donde varios indicadores convergen simultáneamente. <strong>La intensidad del color de cada línea horizontal indica la fuerza de los niveles de resistencia o soporte</strong> generados por los indicadores técnicos. También hemos implementado un degradado de color para intensificar la tonalidad de las líneas allí donde el Detector de Confluencias Técnicas encuentra más resistencia/soporte al avance del precio. Cuanto más oscura es la línea, más fuerte es la zona de soporte/resistencia.</p>",,Pendiente,
componentes/rates-charts,rates-charts,IndicatorsPage.faqs[1].question,How to read the chart?,¿Cómo leer el gráfico?,,Pendiente,
componentes/rates-charts,rates-charts,IndicatorsPage.faqs[2].answer,"<p>You can see which indicators are within each price level by placing the cursor over the horizontal line price level. The explanation uses a code that indicates:</p><ul><li>Previous daily, weekly and monthly highs and lows.</li><li>Pivot Points</li><li>Moving averages</li><li>Bollinger bands</li><li>Fibonacci retracements</li></ul>","<p>Puedes ver qué indicadores se encuentran dentro de cada nivel de precio colocando el cursor sobre la línea horizontal del nivel de precio. La explicación utiliza un código que indica:</p><ul><li>Máximos y mínimos previos diarios, semanales y mensuales.</li><li>Puntos Pivote</li><li>Medias móviles</li><li>Bandas de Bollinger</li><li>Retrocesos de Fibonacci</li></ul>",,Pendiente,
componentes/rates-charts,rates-charts,IndicatorsPage.faqs[2].question,Tooltip,Tooltip,,Pendiente,
componentes/rates-charts,rates-charts,IndicatorsPage.faqs[3].answer,"<p>With the FXS Technical Confluences Detector tool, you can quickly locate the areas where the price can find support or resistance and <strong>make trading decisions.</strong> If you are a short-term trader, you will find entry points for counter-trend strategies and hunt a few points at a time. If you are a medium-to-long-term trader, this tool will allow you to know in advance the price levels where a medium-to-long-term trend may stop and rest, where to unwind positions, or where to increase your position size.</p>","<p>Con la herramienta Detector de Confluencias Técnicas de FXS puedes localizar rápidamente las zonas donde el precio puede encontrar soporte o resistencia y <strong>tomar decisiones de trading.</strong> Si eres un trader de corto plazo, encontrarás puntos de entrada para estrategias de contratendencia y cazar unos pocos puntos cada vez. Si eres un trader de medio a largo plazo, esta herramienta te permitirá conocer con antelación los niveles de precio donde una tendencia de medio a largo plazo puede detenerse y descansar, dónde deshacer posiciones o dónde aumentar el tamaño de tu posición.</p>",,Pendiente,
componentes/rates-charts,rates-charts,IndicatorsPage.faqs[3].question,How to use it?,¿Cómo utilizarlo?,,Pendiente,
componentes/rates-charts,rates-charts,IndicatorsPage.title,Technical Indicators,Detector de Confluencias Técnicas,,Pendiente,
componentes/rates-charts,rates-charts,KeyTechnicalLevels.bollinger,Bollinger {band} {period},Bollinger {band} {period},,Pendiente,
componentes/rates-charts,rates-charts,KeyTechnicalLevels.bollingerBand.LowerBand,Lower Band,Banda Inferior,,Pendiente,
componentes/rates-charts,rates-charts,KeyTechnicalLevels.bollingerBand.MiddleBand,Middle Band,Banda Media,,Pendiente,
componentes/rates-charts,rates-charts,KeyTechnicalLevels.bollingerBand.UpperBand,Upper Band,Banda Superior,,Pendiente,
componentes/rates-charts,rates-charts,KeyTechnicalLevels.candle,{type} {period},{type} {period},,Pendiente,
componentes/rates-charts,rates-charts,KeyTechnicalLevels.candleType.Close,Close,Cierre,,Pendiente,
componentes/rates-charts,rates-charts,KeyTechnicalLevels.candleType.High,High,Máximo,,Pendiente,
componentes/rates-charts,rates-charts,KeyTechnicalLevels.candleType.Low,Low,Mínimo,,Pendiente,
componentes/rates-charts,rates-charts,KeyTechnicalLevels.candleType.Open,Open,Apertura,,Pendiente,
componentes/rates-charts,rates-charts,KeyTechnicalLevels.fiboLevel.FiboLevel161,161.8%,161.8%,,Pendiente,
componentes/rates-charts,rates-charts,KeyTechnicalLevels.fiboLevel.FiboLevel23,23.6%,23.6%,,Pendiente,
componentes/rates-charts,rates-charts,KeyTechnicalLevels.fiboLevel.FiboLevel38,38.2%,38.2%,,Pendiente,
componentes/rates-charts,rates-charts,KeyTechnicalLevels.fiboLevel.FiboLevel61,61.8%,61.8%,,Pendiente,
componentes/rates-charts,rates-charts,KeyTechnicalLevels.fibonacci,Fibonacci {level} {period},Fibonacci {level} {period},,Pendiente,
componentes/rates-charts,rates-charts,KeyTechnicalLevels.historical.Last15MHigh,Last 15M High,Máximo de 15M,,Pendiente,
componentes/rates-charts,rates-charts,KeyTechnicalLevels.historical.Last15MLow,Last 15M Low,Mínimo de 15M,,Pendiente,
componentes/rates-charts,rates-charts,KeyTechnicalLevels.historical.Last1DHigh,Previous Day High,Máximo del Día Anterior,,Pendiente,
componentes/rates-charts,rates-charts,KeyTechnicalLevels.historical.Last1DLow,Previous Day Low,Mínimo del Día Anterior,,Pendiente,
componentes/rates-charts,rates-charts,KeyTechnicalLevels.historical.Last1HHigh,Last 1H High,Máximo de 1H,,Pendiente,
componentes/rates-charts,rates-charts,KeyTechnicalLevels.historical.Last1HLow,Last 1H Low,Mínimo de 1H,,Pendiente,
componentes/rates-charts,rates-charts,KeyTechnicalLevels.historical.Last4HHigh,Last 4H High,Máximo de 4H,,Pendiente,
componentes/rates-charts,rates-charts,KeyTechnicalLevels.historical.Last4HLow,Last 4H Low,Mínimo de 4H,,Pendiente,
componentes/rates-charts,rates-charts,KeyTechnicalLevels.historical.LastMonthHigh,Last Month High,Máximo del Mes,,Pendiente,
componentes/rates-charts,rates-charts,KeyTechnicalLevels.historical.LastMonthLow,Last Month Low,Mínimo del Mes,,Pendiente,
componentes/rates-charts,rates-charts,KeyTechnicalLevels.historical.LastWeekHigh,Last Week High,Máximo de la Semana,,Pendiente,
componentes/rates-charts,rates-charts,KeyTechnicalLevels.historical.LastWeekLow,Last Week Low,Mínimo de la Semana,,Pendiente,
componentes/rates-charts,rates-charts,KeyTechnicalLevels.historical.LastYearHigh,Last Year High,Máximo del Año,,Pendiente,
componentes/rates-charts,rates-charts,KeyTechnicalLevels.historical.LastYearLow,Last Year Low,Mínimo del Año,,Pendiente,
componentes/rates-charts,rates-charts,KeyTechnicalLevels.period.Annually,1Y,1A,,Pendiente,
componentes/rates-charts,rates-charts,KeyTechnicalLevels.period.Daily,1D,1D,,Pendiente,
componentes/rates-charts,rates-charts,KeyTechnicalLevels.period.IntraDay15,15M,15M,,Pendiente,
componentes/rates-charts,rates-charts,KeyTechnicalLevels.period.IntraDay240,4H,4H,,Pendiente,
componentes/rates-charts,rates-charts,KeyTechnicalLevels.period.IntraDay60,1H,1H,,Pendiente,
componentes/rates-charts,rates-charts,KeyTechnicalLevels.period.Monthly,1Mo,1Mes,,Pendiente,
componentes/rates-charts,rates-charts,KeyTechnicalLevels.period.Weekly,1W,1Sem,,Pendiente,
componentes/rates-charts,rates-charts,KeyTechnicalLevels.pivot,{point} {period},{point} {period},,Pendiente,
componentes/rates-charts,rates-charts,KeyTechnicalLevels.pivotPoint.PivotPoint,Pivot Point,Punto Pivote,,Pendiente,
componentes/rates-charts,rates-charts,KeyTechnicalLevels.pivotPoint.R1,R1,R1,,Pendiente,
componentes/rates-charts,rates-charts,KeyTechnicalLevels.pivotPoint.R2,R2,R2,,Pendiente,
componentes/rates-charts,rates-charts,KeyTechnicalLevels.pivotPoint.R3,R3,R3,,Pendiente,
componentes/rates-charts,rates-charts,KeyTechnicalLevels.pivotPoint.S1,S1,S1,,Pendiente,
componentes/rates-charts,rates-charts,KeyTechnicalLevels.pivotPoint.S2,S2,S2,,Pendiente,
componentes/rates-charts,rates-charts,KeyTechnicalLevels.pivotPoint.S3,S3,S3,,Pendiente,
componentes/rates-charts,rates-charts,KeyTechnicalLevels.roundNumber,Round Number,Número Redondo,,Pendiente,
componentes/rates-charts,rates-charts,KeyTechnicalLevels.sma,SMA{number} {period},SMA{number} {period},,Pendiente,
componentes/rates-charts,rates-charts,RateIntervals.1,1 Min,1 Min,,Pendiente,
componentes/rates-charts,rates-charts,RateIntervals.15,15 Min,15 Min,,Pendiente,
componentes/rates-charts,rates-charts,RateIntervals.1D,1 Day,1 Día,,Pendiente,
componentes/rates-charts,rates-charts,RateIntervals.1W,1 Week,1 Semana,,Pendiente,
componentes/rates-charts,rates-charts,RateIntervals.240,4 Hours,4 Horas,,Pendiente,
componentes/rates-charts,rates-charts,RateIntervals.60,1 Hour,1 Hora,,Pendiente,
componentes/rates-charts,rates-charts,RateSingleAsset.updatedAt,Updated at {date} GMT,Actualizado a las {date} GMT,,Pendiente,
componentes/rates-charts,rates-charts,RateSinglePercentChange.1D,1 Day,1 Día,,Pendiente,
componentes/rates-charts,rates-charts,RateSinglePercentChange.1M,1 Month,1 Mes,,Pendiente,
componentes/rates-charts,rates-charts,RateSinglePercentChange.1W,1 Week,1 Semana,,Pendiente,
componentes/rates-charts,rates-charts,RateSinglePercentChange.1Y,1 Year,1 Año,,Pendiente,
componentes/rates-charts,rates-charts,RateSinglePercentChange.3M,3 Months,3 Meses,,Pendiente,
componentes/rates-charts,rates-charts,RateSinglePercentChange.6M,6 Months,6 Meses,,Pendiente,
componentes/rates-charts,rates-charts,RateSinglePercentChange.YTD,YTD,YTD,,Pendiente,
componentes/rates-charts,rates-charts,RatesAssetTable.ask,Ask,Venta,,Pendiente,
componentes/rates-charts,rates-charts,RatesAssetTable.asset,Asset,Activo,,Pendiente,
componentes/rates-charts,rates-charts,RatesAssetTable.assetsLinkLable,Assets,Activos,,Pendiente,
componentes/rates-charts,rates-charts,RatesAssetTable.bid,Bid,Compra,,Pendiente,
componentes/rates-charts,rates-charts,RatesAssetTable.change,CHG,Var,,Pendiente,
componentes/rates-charts,rates-charts,RatesAssetTable.changePercent,CHG%,Var%,,Pendiente,
componentes/rates-charts,rates-charts,RatesAssetTable.high,High,Máximo,,Pendiente,
componentes/rates-charts,rates-charts,RatesAssetTable.last,Last,Último,,Pendiente,
componentes/rates-charts,rates-charts,RatesAssetTable.low,Low,Mínimo,,Pendiente,
componentes/rates-charts,rates-charts,RatesAssetTable.open,Open,Apertura,,Pendiente,
componentes/rates-charts,rates-charts,RatesLiveQuotes.customize,Customize my list,Personalizar mi lista,,Pendiente,
componentes/rates-charts,rates-charts,RatesLiveQuotes.customizeDialog.add,Add,Añadir,,Pendiente,
componentes/rates-charts,rates-charts,RatesLiveQuotes.customizeDialog.cancel,Cancel,Cancelar,,Pendiente,
componentes/rates-charts,rates-charts,RatesLiveQuotes.customizeDialog.save,Save changes,Guardar cambios,,Pendiente,
componentes/rates-charts,rates-charts,RatesLiveQuotes.customizeDialog.searchPlaceholder,Filter assets,Filtrar activos,,Pendiente,
componentes/rates-charts,rates-charts,RatesLiveQuotes.customizeDialog.title,Customize my list,Personalizar mi lista,,Pendiente,
componentes/rates-charts,rates-charts,RatesLiveQuotes.customizeDialog.uncheckAll,Uncheck all,Desmarcar todo,,Pendiente,
componentes/rates-charts,rates-charts,RatesLiveQuotes.emptyState,No assets match your selection. Try clearing the search or customizing your list.,Ningún activo coincide con tu selección. Prueba a borrar la búsqueda o a personalizar tu lista.,,Pendiente,
componentes/rates-charts,rates-charts,RatesLiveQuotes.morePresets,More Presets,Más preajustes,,Pendiente,
componentes/rates-charts,rates-charts,RatesLiveQuotes.presetLabels.Bond,Bonds,Bonos,,Pendiente,
componentes/rates-charts,rates-charts,RatesLiveQuotes.presetLabels.Commodity,Commodities,Materias primas,,Pendiente,
componentes/rates-charts,rates-charts,RatesLiveQuotes.presetLabels.Crypto,Cryptocurrencies,Criptomonedas,,Pendiente,
componentes/rates-charts,rates-charts,RatesLiveQuotes.presetLabels.Cryptocurrency,Cryptocurrencies,Criptomonedas,,Pendiente,
componentes/rates-charts,rates-charts,RatesLiveQuotes.presetLabels.Forex,Forex,Forex,,Pendiente,
componentes/rates-charts,rates-charts,RatesLiveQuotes.presetLabels.Index,Indices,Índices,,Pendiente,
componentes/rates-charts,rates-charts,RatesLiveQuotes.presetLabels.Stock,Stocks,Acciones,,Pendiente,
componentes/rates-charts,rates-charts,RatesLiveQuotes.presets,Presets,Preajustes,,Pendiente,
componentes/rates-charts,rates-charts,RatesLiveQuotes.resultsCount,"{count, plural, =0 {No assets} one {# asset} other {# assets}}","{count, plural, =0 {Sin activos} one {# activo} other {# activos}}",,Pendiente,
componentes/rates-charts,rates-charts,RatesLiveQuotes.searchPlaceholder,Search assets,Buscar activos,,Pendiente,
componentes/rates-charts,rates-charts,RatesLiveQuotes.tabs.defaults,Defaults,Predeterminados,,Pendiente,
componentes/rates-charts,rates-charts,RatesLiveQuotes.tabs.myAssets,My assets,Mis activos,,Pendiente,
componentes/rates-charts,rates-charts,RatesLiveQuotes.title,Assets,Activos,,Pendiente,
componentes/rates-charts,rates-charts,RatesPage.FaqsSection.faqs[0].answer,"Live rates for more than 1,600 assets across different markets (Forex, Commodities, Indices, Futures...). The table offers for each asset the Last/Bid/Ask, Change, Change (%), Open, High and Low, Trend, Overbought/Oversold and Volatility. The data comes from the interbank market where huge financial institutions are acting as liquidity providers. Interbank market is known to have high level of liquidity hence highly competitive rates and spreads. By using the Forex Rates Table, traders can compare the rates from their brokers and use it to their advantage. Customize your own list, with your preferred assets. Select from our available list of currencies, indices or commodities your portfolio rates table. Save it and keep it handy with the My List button.","Tipos en directo de más de 1.600 activos en distintos mercados (Forex, materias primas, índices, futuros...). Para cada activo, la tabla ofrece el Último/Compra (Bid)/Venta (Ask), la Variación, la Variación (%), la Apertura, el Máximo y el Mínimo, la Tendencia, la Sobrecompra/Sobreventa y la Volatilidad. Los datos proceden del mercado interbancario, donde grandes instituciones financieras actúan como proveedoras de liquidez. El mercado interbancario destaca por su alto nivel de liquidez y, por tanto, por sus tipos y diferenciales muy competitivos. Al utilizar la tabla de tipos Forex, los traders pueden comparar los tipos de sus brókeres y aprovecharlos a su favor. Personaliza tu propia lista con tus activos preferidos. Selecciona de nuestra lista disponible de divisas, índices o materias primas la tabla de tipos de tu cartera. Guárdala y tenla siempre a mano con el botón Mi Lista.",,Pendiente,
componentes/rates-charts,rates-charts,RatesPage.FaqsSection.faqs[0].question,What is the Forex rates table?,¿Qué es la tabla de tipos Forex?,,Pendiente,
componentes/rates-charts,rates-charts,RatesPage.FaqsSection.faqs[1].answer,"Last/Bid/Ask rates are updated live and painted in red (Downtick) or green (Uptick) every time the price is updated. We also indicate the Open, Highest and Lowest prices of the day (0 GMT is the start of the day, 24 GMT is the end of the day). In the middle, you have the variation in pips and the percentage variation of the quote since the opening of the day (that is 0 GMT). Now, we also offer our technicals studies over the most important crosses: Our Trend Indicator is updated every 15 minutes. Shows the current trend for the assets classified in Strongly Bullish, Bullish, Bearish, Strongly Bearish and sideways. Our Overbought/Oversold Indicator is also updated every 15 minutes. It shows the current market position for the crossing. Overbought, Neutral and Oversold. The Volatility Index shows the current volatility (High or Low), or the trend of it for the coming periods (Expanding or Shrinking). It is updated every 15 minutes. Use the Shortcuts buttons to easily access to the more data and tools: Live Chart (/rates-charts/chart), Related News (/news) and the Technical Asset Page (/rates-charts/eurusd), where you can find an in-depth analysis of the asset.","Los tipos Último/Compra (Bid)/Venta (Ask) se actualizan en directo y se colorean en rojo (movimiento a la baja) o en verde (movimiento al alza) cada vez que el precio se actualiza. También indicamos los precios de Apertura, Máximo y Mínimo del día (las 0 GMT marcan el inicio del día y las 24 GMT, el final). En el centro figuran la variación en pips y la variación porcentual de la cotización desde la apertura del día (es decir, las 0 GMT). Además, ahora ofrecemos nuestros estudios técnicos sobre los cruces más importantes: nuestro Indicador de Tendencia se actualiza cada 15 minutos y muestra la tendencia actual de los activos, clasificada en Fuertemente Alcista, Alcista, Bajista, Fuertemente Bajista y lateral. Nuestro Indicador de Sobrecompra/Sobreventa también se actualiza cada 15 minutos y muestra la posición actual del mercado para el cruce: Sobrecompra, Neutral y Sobreventa. El Índice de Volatilidad muestra la volatilidad actual (Alta o Baja), o su tendencia para los próximos periodos (en Expansión o en Contracción), y se actualiza cada 15 minutos. Usa los botones de Accesos directos para acceder fácilmente a más datos y herramientas: Gráfico en Vivo (/rates-charts/chart), Noticias Relacionadas (/news) y la Página Técnica del Activo (/rates-charts/eurusd), donde encontrarás un análisis en profundidad del activo.",,Pendiente,
componentes/rates-charts,rates-charts,RatesPage.FaqsSection.faqs[1].question,How to read a Forex rates table?,¿Cómo se lee una tabla de tipos Forex?,,Pendiente,
componentes/rates-charts,rates-charts,RatesPage.FaqsSection.faqs[2].answer,"For our unique interbank rates: The majority of other information websites display prices of a single source, most of the time from one retail broker-dealer. At FXStreet, traders get interbank rates coming from the systematic selection of data providers that deliver millions of updates per day. Interbank quotes are essential for realistic valuations, for instance comparison between interbank and a particular broker-dealer's rates; calculating risk exposure; analyzing performance; and justifying trades since price-driven indicators are much more reliable when using interbank rates. Because they are real time: Prices are updated live, tick-by-tick. There will be no chance for traders to lose any trading opportunities! Because you can personalize the list of assets: If you click to Customize my list, you can choose among the 1,600 assets the ones you want to show on the table, so you will exclusively focus on those you trade. It's a Pro tool you get for free: These forex rates are usually available only on professional platforms, but at FXStreet we are committed to providing the best tools for all the traders. This is why we offer this tool totally free of charge!","Por nuestros tipos interbancarios únicos: la mayoría de las webs de información muestran precios de una única fuente, normalmente de un solo bróker minorista. En FXStreet, los traders obtienen tipos interbancarios procedentes de la selección sistemática de proveedores de datos que ofrecen millones de actualizaciones al día. Las cotizaciones interbancarias son esenciales para realizar valoraciones realistas; por ejemplo, comparar los tipos interbancarios con los de un bróker concreto, calcular la exposición al riesgo, analizar el rendimiento y justificar las operaciones, ya que los indicadores basados en el precio son mucho más fiables cuando se utilizan tipos interbancarios. Porque son en tiempo real: los precios se actualizan en directo, tick a tick. ¡Así los traders no perderán ninguna oportunidad de trading! Porque puedes personalizar la lista de activos: si haces clic en Personalizar mi lista, puedes elegir, entre los 1.600 activos, los que quieres mostrar en la tabla, de modo que te centres exclusivamente en aquellos con los que operas. Es una herramienta profesional que obtienes gratis: estos tipos Forex suelen estar disponibles solo en plataformas profesionales, pero en FXStreet estamos comprometidos a ofrecer las mejores herramientas a todos los traders. ¡Por eso ofrecemos esta herramienta totalmente gratis!",,Pendiente,
componentes/rates-charts,rates-charts,RatesPage.FaqsSection.faqs[2].question,Why should I use the Forex rates table?,¿Por qué debería usar la tabla de tipos Forex?,,Pendiente,
componentes/rates-charts,rates-charts,RatesPage.FaqsSection.title,Forex Rates FAQs,Preguntas frecuentes sobre los tipos Forex,,Pendiente,
componentes/rates-charts,rates-charts,RatesPage.description,"Real-time interbank forex rates for more than 1,600 assets across different markets - Forex, Commodities and equities.","Tipos de cambio de Forex interbancarios en tiempo real para más de 1.600 activos en distintos mercados: Forex, materias primas y renta variable.",,Pendiente,
componentes/rates-charts,rates-charts,RatesPage.title,Forex Rates Table,Tabla de tipos de cambio de Forex,,Pendiente,
componentes/rates-charts,rates-charts,SubHome.liveRates.cta,Go to the Full Asset List,Ir a la lista completa de activos,,Pendiente,
componentes/rates-charts,rates-charts,SubHome.liveRates.description,"This first glance through will train your eyes to know the prices of the major pairs, and give you a quick peek at essential trading information.",Una primera mirada para acostumbrar la vista a los precios de los principales pares y obtener una vista rápida de la información esencial para operar.,,Pendiente,
componentes/rates-charts,rates-charts,SubHome.liveRates.error,Live rates could not be loaded. Please try again.,No se pudieron cargar los tipos en vivo. Inténtalo de nuevo.,,Pendiente,
componentes/rates-charts,rates-charts,SubHome.liveRates.headline,Your trading cockpit,Tu cabina de trading,,Pendiente,
componentes/rates-charts,rates-charts,SubHome.liveRates.sectionTitle,Live Rates,Tipos en vivo,,Pendiente,
componentes/rates-charts,rates-charts,SubHome.pageTitle,Rates and Charts,Tipos y gráficos,,Pendiente,
componentes/rates-charts,rates-charts,SubHome.realTimeCharts.cta,Make the most of our chart,Saca el máximo partido a nuestro gráfico,,Pendiente,
componentes/rates-charts,rates-charts,SubHome.realTimeCharts.description,"With these, you will be able to dig deeper and find different technical prompts like trendlines and patterns to guide your trading further.","Con ellos podrás profundizar y encontrar distintas pistas técnicas, como líneas de tendencia y patrones, para orientar mejor tu trading.",,Pendiente,
componentes/rates-charts,rates-charts,SubHome.realTimeCharts.headline,Your technical compass,Tu brújula técnica,,Pendiente,
componentes/rates-charts,rates-charts,SubHome.realTimeCharts.sectionTitle,Real Time Charts,Gráficos en tiempo real,,Pendiente,
componentes/rates-charts,rates-charts,TechnicalLevels.cta,Go to Technical Levels,Ir a niveles técnicos,,Pendiente,
componentes/rates-charts,rates-charts,TechnicalLevels.description,"This table will resume the most important trading levels for each product/currency group, using all the classical indicators.","Esta tabla resume los niveles de trading más importantes para cada producto o grupo de divisas, usando los indicadores clásicos.",,Pendiente,
componentes/rates-charts,rates-charts,TechnicalLevels.headline,Technical Levels Table,Tabla de niveles técnicos,,Pendiente,
componentes/rates-charts,rates-charts,TechnicalLevels.sectionTitle,Technical Levels,Niveles técnicos,,Pendiente,
componentes/rates-charts,rates-charts,chart,Chart,Gráfico,,Pendiente,
componentes/rates-charts,rates-charts,openChart,Open Chart,Abrir gráfico,,Pendiente,
