Carpeta,Bloque,Clave,Inglés (original),Español (borrador IA),Español (revisado),Estado,Comentarios
editorial,EditorialGuidelines,Constancy.content,"We expect the contributor to be regular, responsive and stick to his commitment. Your regularity will also be appreciated by the audience: you will gain loyal followers.","Esperamos que el colaborador sea regular, receptivo y cumpla con su compromiso. Tu regularidad también será apreciada por la audiencia: ganarás seguidores leales.",,Pendiente,
editorial,EditorialGuidelines,Constancy.title,Constancy,Constancia,,Pendiente,
editorial,EditorialGuidelines,Ethic.ethicalCode,See our <link>Ethical Code</link> to know more about this point.,Consulta nuestro <link>Código Ético</link> para saber más sobre este punto.,,Pendiente,
editorial,EditorialGuidelines,Ethic.ethicalCodeLink,/info/ethical-code,/info/ethical-code,,Pendiente,
editorial,EditorialGuidelines,Ethic.practicesTitle,Such practices will not be accepted:,Tales prácticas no serán aceptadas:,,Pendiente,
editorial,EditorialGuidelines,Ethic.practices[0].text,Defaming content against other authors or theories to gain credibility,Contenido difamatorio contra otros autores o teorías para ganar credibilidad,,Pendiente,
editorial,EditorialGuidelines,Ethic.practices[1].text,"Misleading language, a promise of benefit, easy money","Lenguaje engañoso, promesa de beneficio, dinero fácil",,Pendiente,
editorial,EditorialGuidelines,Ethic.practices[2].text,"Copyright disrespectful, avoiding to quote original sources","Falta de respeto a los derechos de autor, evitando citar las fuentes originales",,Pendiente,
editorial,EditorialGuidelines,Ethic.title,Ethic,Ética,,Pendiente,
editorial,EditorialGuidelines,Excelence.content,"FXStreet has strong quality and style content requirements. We are committed to providing high-quality financial information to our users and we are convinced that our strictness made the FXStreet brand so respected nowadays, and so your content will be.","FXStreet tiene fuertes requisitos de calidad y estilo de contenido. Estamos comprometidos a proporcionar información financiera de alta calidad a nuestros usuarios y estamos convencidos de que nuestra rigurosidad ha hecho que la marca FXStreet sea tan respetada hoy en día, y así será tu contenido.",,Pendiente,
editorial,EditorialGuidelines,Excelence.title,Excelence,Excelencia,,Pendiente,
editorial,EditorialGuidelines,Quality.qualityList[0].content,"Perfect command of the language, style, grammar and structure","Dominio perfecto del idioma, estilo, gramática y estructura",,Pendiente,
editorial,EditorialGuidelines,Quality.qualityList[0].title,Language Skills:,Habilidades lingüísticas:,,Pendiente,
editorial,EditorialGuidelines,Quality.qualityList[1].content,"Clear and correct analysis/research, no superficial or imprecise treatment","Análisis/investigación clara y correcta, sin tratamiento superficial o impreciso",,Pendiente,
editorial,EditorialGuidelines,Quality.qualityList[1].title,Subject:,Tema:,,Pendiente,
editorial,EditorialGuidelines,Quality.qualityList[2].content,"Including pictures/charts to illustrate the analysis is positively valued – in webinars, it is compulsory to include visuals to support your speech","Incluir imágenes/gráficos para ilustrar el análisis se valora positivamente; en webinars, es obligatorio incluir visuales para apoyar tu discurso",,Pendiente,
editorial,EditorialGuidelines,Quality.qualityList[2].title,Visuals:,Visuales:,,Pendiente,
editorial,EditorialGuidelines,Quality.qualityList[3].content,"Original, interesting, creative, data mining","Original, interesante, creativo, análisis de datos",,Pendiente,
editorial,EditorialGuidelines,Quality.qualityList[3].title,Content:,Contenido:,,Pendiente,
editorial,EditorialGuidelines,Quality.title,Quality,Calidad,,Pendiente,
editorial,EditorialGuidelines,intro,The criteria that are followed by our Content Team to accept a new contributor on FXStreet are:,Los criterios que sigue nuestro Equipo de Contenido para aceptar un nuevo colaborador en FXStreet son:,,Pendiente,
editorial,EditorialGuidelines,submitContributionLink,/info/contact-us,/info/contact-us,,Pendiente,
editorial,EditorialGuidelines,submitContributionLinkText,Submit your contribution,Envía tu contribución,,Pendiente,
editorial,EditorialGuidelines,title,Editorial Guidelines,Guías Editoriales,,Pendiente,
editorial,EthicalCode,Sections[0].content,"Maintain at all times the highest standards of professional competence, integrity and judgment.","Mantén en todo momento los más altos estándares de competencia profesional, integridad y juicio.",,Pendiente,
editorial,EthicalCode,Sections[0].title,Be professional,Sé profesional,,Pendiente,
editorial,EthicalCode,Sections[1].content,"Do not publish or make statements that you know or have reason to believe are inaccurate or misleading. Avoid leading others to believe that your technically-derived views of future security price behavior reflect foreknowledge rather than estimates and projections subject to reexamination and, as events may dictate, to change.","No publiques ni hagas declaraciones que sepas o tengas razones para creer que son inexactas o engañosas. Evita llevar a otros a creer que tus opiniones técnicas sobre el comportamiento futuro del precio de un valor reflejan conocimiento previo en lugar de estimaciones y proyecciones sujetas a reexamen y, según dicten los eventos, a cambios.",,Pendiente,
editorial,EthicalCode,Sections[1].title,Tell the truth,Di la verdad,,Pendiente,
editorial,EthicalCode,Sections[2].content,"Do not publish or make statements concerning the technical position of a security, a market or any of its components or aspects unless such statements are reasonable and consistent in light of the available evidence and of the accumulated knowledge in the field of financial technical analysis.","No publiques ni hagas declaraciones sobre la posición técnica de un valor, un mercado o cualquiera de sus componentes o aspectos a menos que tales declaraciones sean razonables y consistentes a la luz de la evidencia disponible y del conocimiento acumulado en el campo del análisis técnico financiero.",,Pendiente,
editorial,EthicalCode,Sections[2].title,Don’t just make stuff up,No inventes cosas,,Pendiente,
editorial,EthicalCode,Sections[3].content,Do not publish or make statements that indefensibly disparage and discredit the analytical work of others.,No publiques ni hagas declaraciones que denigren y desacrediten injustificadamente el trabajo analítico de otros.,,Pendiente,
editorial,EthicalCode,Sections[3].title,Be nice,Sé amable,,Pendiente,
editorial,EthicalCode,Sections[4].content,"Do not seek, disseminate or act on the basis of material, non-public (inside) information, if to do so would violate the laws and regulations of any government, governmental agency or regulatory organization relating to the use of inside information.","No busques, difundas ni actúes sobre la base de información material no pública (privilegiada), si hacerlo violaría las leyes y regulaciones de cualquier gobierno, agencia gubernamental u organización reguladora relacionadas con el uso de información privilegiada.",,Pendiente,
editorial,EthicalCode,Sections[4].title,Follow the law,Sigue la ley,,Pendiente,
editorial,EthicalCode,Sections[5].content,"Keep in confidence knowledge concerning the lawful private affairs of both past and present clients, employers, and employer’s clients.","Mantén en confidencia el conocimiento sobre los asuntos privados legales de clientes pasados y presentes, empleadores y clientes del empleador.",,Pendiente,
editorial,EthicalCode,Sections[5].title,Respect privacy,Respeta la privacidad,,Pendiente,
editorial,EthicalCode,Sections[6].content,"When you recommend that a security ought to be bought, sold or held, adequate opportunity to act on such a recommendation shall be given to the clients, employer, and the employer’s clients before acting on behalf of either the affiliate’s own account or the accounts of immediate family members.","Cuando recomiendes que un valor debe comprarse, venderse o mantenerse, se debe dar una oportunidad adecuada para actuar sobre dicha recomendación a los clientes, empleador y clientes del empleador antes de actuar en nombre de la cuenta propia del afiliado o las cuentas de miembros familiares inmediatos.",,Pendiente,
editorial,EthicalCode,Sections[6].title,Put the client first,Pon al cliente primero,,Pendiente,
editorial,EthicalCode,Sections[7].content,"Do not copy or deliberately use substantially the same language or analysis contained in reports, studies or writings prepared by any author unless permission to do so is received, in advance, from the author.","No copies ni uses deliberadamente sustancialmente el mismo lenguaje o análisis contenido en informes, estudios o escritos preparados por cualquier autor a menos que se reciba permiso para hacerlo, por adelantado, del autor.",,Pendiente,
editorial,EthicalCode,Sections[7].title,Don’t plagiarize,No plagies,,Pendiente,
editorial,EthicalCode,intro,Our Ethical Code is based on the <link>CMT (Chartered Market Technician) Code of Ethics</link>. Below you’ll see its main points.,"Nuestro Código Ético se basa en el <link>Código de Ética CMT (Chartered Market Technician)</link>. A continuación, verás sus puntos principales.",,Pendiente,
editorial,EthicalCode,introLink,https://cmtassociation.org/association/code-of-ethics/,https://cmtassociation.org/association/code-of-ethics/,,Pendiente,
editorial,EthicalCode,title,Ethical Code,Código Ético,,Pendiente,
editorial,TransparencyTranslations,AboutOurTranslations.additionalContent,"Additionally, to provide the best possible user experience, all translated articles include a tag that clearly indicates whether the translation has been validated by one of our editors.","Además, para proporcionar la mejor experiencia de usuario posible, todos nuestros artículos traducidos incluyen una etiqueta que permite a los usuarios identificar claramente si la traducción del artículo ha sido validada por uno de nuestros editores.",,Pendiente,
editorial,TransparencyTranslations,AboutOurTranslations.content,"At FXStreet, we write our articles originally in English. To translate this content, we use an automated translation system that is self-trained and constantly updated, supported by a large glossary of market- and economy-related terms. This allows our translated content to achieve a quality level comparable to human translations.","En FXStreet, escribimos artículos originalmente en inglés. Para traducir nuestro contenido escrito originalmente en este idioma, utilizamos un sistema de traducción automática que se entrena automáticamente y se actualiza constantemente, alimentado por un amplio glosario de términos relacionados con el mercado y la economía. Esto hace que nuestro contenido traducido sea equivalente a las traducciones humanas en términos de calidad.",,Pendiente,
editorial,TransparencyTranslations,AboutOurTranslations.title,About Translations,Acerca de nuestras traducciones,,Pendiente,
editorial,TransparencyTranslations,AutoTranslation.content,"Articles with the “Automatic translation” tag have not been reviewed or edited by our editors. These automatically translated articles may contain occasional context errors. Nevertheless, our automatic translation system has been tested and validated on a wide sample of our content before deployment, delivering results that are very close in quality to human translations.","Los artículos que incluyen la etiqueta ""traducción automática"" no han sido revisados ni editados por nuestros editores. Los artículos traducidos automáticamente pueden contener posibles errores de contexto. Sin embargo, nuestro sistema de traducción automática ha sido probado y validado con una amplia muestra de nuestro contenido antes de ser implementado, proporcionando resultados de calidad muy similares a las traducciones humanas.",,Pendiente,
editorial,TransparencyTranslations,AutoTranslation.questions,"If you have any questions, you can reach our team at <link>contact@fxstreet.com</link>. We welcome all feedback, as it helps us improve.","Si tienes alguna pregunta, puedes consultar a nuestro equipo en <link>contact@fxstreet.com</link>. Estamos encantados de recibir cualquier comentario, ya que nos ayuda a mejorar.",,Pendiente,
editorial,TransparencyTranslations,AutoTranslation.questionsLink,mailto:contact@fxstreet.com,mailto:contact@fxstreet.com,,Pendiente,
editorial,TransparencyTranslations,AutoTranslation.title,Automatic Translation,Traducción Automática,,Pendiente,
editorial,TransparencyTranslations,AutoTranslation.transparency,"Transparency with our readers is one of FXStreet’s core values. We believe it is important for users to understand how our content is produced and presented, including the level of human involvement in translations.","La transparencia con nuestros lectores es uno de nuestros principales valores en FXStreet. Creemos que es muy importante que los usuarios sepan cómo se produce y presenta nuestro contenido, incluido el grado de participación humana en las traducciones.",,Pendiente,
editorial,TransparencyTranslations,ValidatedTranslation.content,"Every time the reader sees the “Validated translation” tag, they know they’re reading an article carefully reviewed and edited by one of our editors. This ensures the content stays completely faithful to the original, with no hidden discrepancies or small tweaks. Articles without a tag were written in the original language.","Cada vez que el lector encuentre la etiqueta ""traducción validada"", estará leyendo un artículo revisado y editado por uno de nuestros editores. Esto garantiza que el contenido se mantenga completamente fiel a la versión original y que no haya pequeñas discrepancias o ajustes entre los artículos originales y traducidos. Los artículos que no tienen ningún tipo de etiqueta han sido escritos en el idioma original.",,Pendiente,
editorial,TransparencyTranslations,ValidatedTranslation.title,Validated Translation,Traducción Validada,,Pendiente,
editorial,TransparencyTranslations,title,Transparency Translations,Transparencia en las Traducciones,,Pendiente,
componentes/about-us,about-us,collaboration.partnerContent,Partner with FXStreet to connect with the right audience and gain access to valuable opportunities in the financial markets,Asóciate con FXStreet para conectar con la audiencia adecuada y obtener acceso a valiosas oportunidades en los mercados financieros,,Pendiente,
componentes/about-us,about-us,collaboration.partnerLink,https://editorial.fxsstatic.com/pdfs/fxstreet-media-kit.pdf,https://editorial.fxsstatic.com/pdfs/fxstreet-media-kit.pdf,,Pendiente,
componentes/about-us,about-us,collaboration.partnerLinkText,Learn more in our media kit,Más información en nuestro kit de medios,,Pendiente,
componentes/about-us,about-us,collaboration.partnerTitle,Become a partner,Conviértete en socio,,Pendiente,
componentes/about-us,about-us,collaboration.title,Collaboration,Colaboración,,Pendiente,
componentes/about-us,about-us,collaboration.workContent,"FXStreet thrives on innovation, collaboration, and expertise. Join a team that challenges the status quo and shapes the future of dynamic financial markets.","FXStreet prospera en la innovación, colaboración y experiencia. Únete a un equipo que desafía el status quo y da forma al futuro de los mercados financieros dinámicos.",,Pendiente,
componentes/about-us,about-us,collaboration.workLink,/info/jobs,/info/jobs,,Pendiente,
componentes/about-us,about-us,collaboration.workLinkText,Explore career opportunities,Explora oportunidades de carrera,,Pendiente,
componentes/about-us,about-us,collaboration.workTitle,Work with us,Trabaja con nosotros,,Pendiente,
componentes/about-us,about-us,inTheNews.title,In the news,En las noticias,,Pendiente,
componentes/about-us,about-us,intro,"<strong>FXStreet is more than just a news website —</strong> it's a trusted platform offering valuable market insights, analysis, and tools for informed decision-making. As an independent company, FXStreet remains committed to providing impartial information and tools for traders worldwide. With services like real-time news, expert analysis, broker reviews, an economic calendar, and market data, <strong>FXStreet empowers traders to navigate dynamic financial markets with confidence.</strong>","<strong>FXStreet es más que un sitio web de noticias —</strong> es una plataforma confiable que ofrece información valiosa del mercado, análisis y herramientas para la toma de decisiones informadas. Como empresa independiente, FXStreet se mantiene comprometida a proporcionar información y herramientas imparciales para traders de todo el mundo. Con servicios como noticias en tiempo real, análisis experto, reseñas de brokers, un calendario económico y datos de mercado, <strong>FXStreet empodera a los traders para navegar los mercados financieros dinámicos con confianza.</strong>",,Pendiente,
componentes/about-us,about-us,leadership.ceosTitle,CEOs,CEOs,,Pendiente,
componentes/about-us,about-us,leadership.ceos[0].name,Javier Hertfelder,Javier Hertfelder,,Pendiente,
componentes/about-us,about-us,leadership.ceos[1].name,Pere Monguió,Pere Monguió,,Pendiente,
componentes/about-us,about-us,leadership.foundersTitle,Founders,Fundadores,,Pendiente,
componentes/about-us,about-us,leadership.founders[0].name,Francesc Riverola,Francesc Riverola,,Pendiente,
componentes/about-us,about-us,leadership.founders[1].name,Míriam Pinatell,Míriam Pinatell,,Pendiente,
componentes/about-us,about-us,leadership.founders[2].name,Setxi Fernández,Setxi Fernández,,Pendiente,
componentes/about-us,about-us,leadership.title,Leadership team,Equipo de liderazgo,,Pendiente,
componentes/about-us,about-us,meetUs.content,Join our +1 Million traders on social media!,¡Únete a nuestros +1 millón de traders en redes sociales!,,Pendiente,
componentes/about-us,about-us,meetUs.title,Meet us,Encuéntranos,,Pendiente,
componentes/about-us,about-us,office.address,"Barcelona, 7, Portaferrissa Street, 08002","Barcelona, Calle Portaferrissa 7, 08002",,Pendiente,
componentes/about-us,about-us,office.content1,"FXStreet's office is based in Barcelona, in a small pedestrian street that goes from the famous Ramblas to the Gothic Cathedral. The office is in a beautiful palace called ""Palau Palmerola"". This building preserves remains of the XVIII century and was rebuilt in 1857.","La oficina de FXStreet está ubicada en Barcelona, en una pequeña calle peatonal que va desde las famosas Ramblas hasta la Catedral Gótica. La oficina está en un hermoso palacio llamado ""Palau Palmerola"". Este edificio conserva restos del siglo XVIII y fue reconstruido en 1857.",,Pendiente,
componentes/about-us,about-us,office.content2,"To ensure the best coverage 24/7, FXStreet also has employees all around the world, from the USA to Argentina, passing through Egypt, Indonesia, India, the UK, Turkey, Vietnam, and more!","Para garantizar la mejor cobertura 24/7, FXStreet también tiene empleados en todo el mundo, desde EE.UU. hasta Argentina, pasando por Egipto, Indonesia, India, Reino Unido, Turquía, Vietnam, ¡y más!",,Pendiente,
componentes/about-us,about-us,office.mapLink,https://maps.app.goo.gl/bT188Texdjfr14sD7,https://maps.app.goo.gl/bT188Texdjfr14sD7,,Pendiente,
componentes/about-us,about-us,office.title,Our office,Nuestra oficina,,Pendiente,
componentes/about-us,about-us,philosophy.mission,Mission,Misión,,Pendiente,
componentes/about-us,about-us,philosophy.missionContent,We help financial traders in their journey.,Ayudamos a los traders financieros en su viaje.,,Pendiente,
componentes/about-us,about-us,philosophy.title,Philosophy,Filosofía,,Pendiente,
componentes/about-us,about-us,philosophy.valuesTitle,Values,Valores,,Pendiente,
componentes/about-us,about-us,philosophy.values[0].icon,compass,compass,,Pendiente,
componentes/about-us,about-us,philosophy.values[0].label,Independent,Independiente,,Pendiente,
componentes/about-us,about-us,philosophy.values[1].icon,heart,heart,,Pendiente,
componentes/about-us,about-us,philosophy.values[1].label,Honest,Honesto,,Pendiente,
componentes/about-us,about-us,philosophy.values[2].icon,target,target,,Pendiente,
componentes/about-us,about-us,philosophy.values[2].label,Actionable,Accionable,,Pendiente,
componentes/about-us,about-us,philosophy.values[3].icon,chart,chart,,Pendiente,
componentes/about-us,about-us,philosophy.values[3].label,Data-centric,Centrado en datos,,Pendiente,
componentes/about-us,about-us,philosophy.values[4].icon,zap,zap,,Pendiente,
componentes/about-us,about-us,philosophy.values[4].label,Agile,Ágil,,Pendiente,
componentes/about-us,about-us,philosophy.vision,Vision,Visión,,Pendiente,
componentes/about-us,about-us,philosophy.visionContent,"FXStreet strives to empower individual traders to confidently navigate the financial markets with timely, accurate and actionable market analysis. FXStreet envisions a world where every trader can access high-quality information regardless of their resources or background.","FXStreet se esfuerza por empoderar a los traders individuales para navegar con confianza los mercados financieros con análisis de mercado oportuno, preciso y accionable. FXStreet imagina un mundo donde cada trader puede acceder a información de alta calidad independientemente de sus recursos o antecedentes.",,Pendiente,
componentes/about-us,about-us,reviews.items[0].content,All analysis are very insightful and easy to understand. Helped me to understand working of various parameters which are moving prices. Glad to be part of Fxstreet family,Todos los análisis son muy perspicaces y fáciles de entender. Me ayudó a comprender el funcionamiento de varios parámetros que mueven los precios. Feliz de ser parte de la familia Fxstreet,,Pendiente,
componentes/about-us,about-us,reviews.items[0].date,"Nov 20, 2025",20 nov 2025,,Pendiente,
componentes/about-us,about-us,reviews.items[0].name,Kalpesh Surathi,Kalpesh Surathi,,Pendiente,
componentes/about-us,about-us,reviews.items[1].content,There are analysts here that really help you succeed in trading!,¡Hay analistas aquí que realmente te ayudan a tener éxito en el trading!,,Pendiente,
componentes/about-us,about-us,reviews.items[1].date,"Oct 15, 2025",15 oct 2025,,Pendiente,
componentes/about-us,about-us,reviews.items[1].name,Raffi Avedikian,Raffi Avedikian,,Pendiente,
componentes/about-us,about-us,reviews.items[2].content,"This is a very good and impartial site for up to date news information and prompts, They answer questions honestly and without bias",Este es un sitio muy bueno e imparcial para información de noticias actualizadas y avisos. Responden preguntas honestamente y sin sesgo,,Pendiente,
componentes/about-us,about-us,reviews.items[2].date,"Nov 20, 2025",20 nov 2025,,Pendiente,
componentes/about-us,about-us,reviews.items[2].name,Donald Macgillivray,Donald Macgillivray,,Pendiente,
componentes/about-us,about-us,reviews.items[3].content,"FXSTREET is still number 1. I have been with FXSTREET for over a year now and in all my journeys in trading so far, no one is more reliable, user friendly and there for you during all hours for advice. For me especially the knowledge I have gained in fundamentals from FXStreet is invaluable. Big recommend to anyone who is serious about there trading journey","FXSTREET sigue siendo el número 1. He estado con FXSTREET durante más de un año y en todos mis viajes en el trading hasta ahora, nadie es más confiable, fácil de usar y está ahí para ti durante todas las horas para asesoramiento. Para mí, especialmente el conocimiento que he adquirido en fundamentos de FXStreet es invaluable. Gran recomendación para cualquiera que sea serio acerca de su viaje de trading",,Pendiente,
componentes/about-us,about-us,reviews.items[3].date,"Nov 7, 2025",7 nov 2025,,Pendiente,
componentes/about-us,about-us,reviews.items[3].name,Jamie Robinson,Jamie Robinson,,Pendiente,
componentes/about-us,about-us,reviews.items[4].content,Great for Forex. Relevant and effective information from both a fundamental and technical point of view. It has been very useful to me in Forex.,Excelente para Forex. Información relevante y efectiva desde un punto de vista tanto fundamental como técnico. Me ha sido muy útil en Forex.,,Pendiente,
componentes/about-us,about-us,reviews.items[4].date,"Apr 5, 2025",5 abr 2025,,Pendiente,
componentes/about-us,about-us,reviews.items[4].name,Sergio J. Padrón A.,Sergio J. Padrón A.,,Pendiente,
componentes/about-us,about-us,reviews.title,User Reviews,Reseñas de usuarios,,Pendiente,
componentes/about-us,about-us,story.stats[0].label,employees around the world,empleados alrededor del mundo,,Pendiente,
componentes/about-us,about-us,story.stats[0].value,100,100,,Pendiente,
componentes/about-us,about-us,story.stats[1].label,pageviews per year,páginas vistas por año,,Pendiente,
componentes/about-us,about-us,story.stats[1].value,100M,100M,,Pendiente,
componentes/about-us,about-us,story.stats[2].label,traders from 200+ countries visit our website,traders de más de 200 países visitan nuestro sitio web,,Pendiente,
componentes/about-us,about-us,story.stats[2].value,25M,25M,,Pendiente,
componentes/about-us,about-us,story.stats[3].label,languages,idiomas,,Pendiente,
componentes/about-us,about-us,story.stats[3].value,14,14,,Pendiente,
componentes/about-us,about-us,story.stats[4].label,news posts and analysis articles every week,noticias y artículos de análisis cada semana,,Pendiente,
componentes/about-us,about-us,story.stats[4].value,"1,000+","1,000+",,Pendiente,
componentes/about-us,about-us,story.stats[5].icon,social,,,Pendiente,
componentes/about-us,about-us,story.stats[5].label,traders in Social Media channels,traders en redes sociales,,Pendiente,
componentes/about-us,about-us,story.stats[5].value,+1M,+1M,,Pendiente,
componentes/about-us,about-us,story.timeline[0].description,"Three friends from Barcelona create an international forex website in English, with information and tools for currency traders.","Tres amigos de Barcelona crean un sitio web internacional de forex en inglés, con información y herramientas para traders de divisas.",,Pendiente,
componentes/about-us,about-us,story.timeline[0].year,2000,2000,,Pendiente,
componentes/about-us,about-us,story.timeline[10].description,FXStreet launches its first Broker Review and the Cashback service.,FXStreet lanza su primera Reseña de Brokers y el servicio de Cashback.,,Pendiente,
componentes/about-us,about-us,story.timeline[10].year,2024,2024,,Pendiente,
componentes/about-us,about-us,story.timeline[11].description,Today,Hoy,,Pendiente,
componentes/about-us,about-us,story.timeline[11].year,2025,2025,,Pendiente,
componentes/about-us,about-us,story.timeline[1].description,"As the team starts to grow, they move to an office. By then, the website gets its first language versions: Spanish and Chinese.","A medida que el equipo comienza a crecer, se mudan a una oficina. Para entonces, el sitio web obtiene sus primeras versiones de idioma: español y chino.",,Pendiente,
componentes/about-us,about-us,story.timeline[1].year,2003,2003,,Pendiente,
componentes/about-us,about-us,story.timeline[2].description,New features have been added to the website: Webinars and the Economic Calendar.,Se han agregado nuevas características al sitio web: Webinars y el Calendario Económico.,,Pendiente,
componentes/about-us,about-us,story.timeline[2].year,2005,2005,,Pendiente,
componentes/about-us,about-us,story.timeline[3].description,"A 2.0 version of the website is launched, and as the team keeps growing, they move to a bigger office in the center of Barcelona.","Se lanza una versión 2.0 del sitio web, y a medida que el equipo sigue creciendo, se mudan a una oficina más grande en el centro de Barcelona.",,Pendiente,
componentes/about-us,about-us,story.timeline[3].year,2006,2006,,Pendiente,
componentes/about-us,about-us,story.timeline[4].description,"Launch of an in-house Forex-only news feed, also offered to third-party companies. It was the beginning of the company's B2B product branch.","Lanzamiento de un feed de noticias interno exclusivo de Forex, también ofrecido a empresas terceras. Fue el comienzo de la rama de productos B2B de la empresa.",,Pendiente,
componentes/about-us,about-us,story.timeline[4].year,2009,2009,,Pendiente,
componentes/about-us,about-us,story.timeline[5].description,"A new website layout and new languages are introduced, reaching 17. Also, it is when the first version of the Currencies Forecast Poll is launched. Premium Webinars are launched in the same year, offering exclusive insights and expert-led sessions.","Se introduce un nuevo diseño del sitio web y nuevos idiomas, alcanzando 17. También es cuando se lanza la primera versión de la Encuesta de Pronóstico de Divisas.",,Pendiente,
componentes/about-us,about-us,story.timeline[5].year,2010,2010,,Pendiente,
componentes/about-us,about-us,story.timeline[6].description,The company refreshes the FXStreet logo.,La empresa actualiza el logo de FXStreet.,,Pendiente,
componentes/about-us,about-us,story.timeline[6].year,2014,2014,,Pendiente,
componentes/about-us,about-us,story.timeline[7].description,"With a fresh design and enhanced user experience, FXStreet 3.0 marks a complete evolution of the website.","Con un diseño fresco y una experiencia de usuario mejorada, FXStreet 3.0 marca una evolución completa del sitio web.",,Pendiente,
componentes/about-us,about-us,story.timeline[7].year,2016,2016,,Pendiente,
componentes/about-us,about-us,story.timeline[8].description,"FXStreet launches its Crypto section and Cryptocurrency News feed in 2018, providing dedicated coverage of the digital asset market.","FXStreet lanza su sección de Cripto y el feed de Noticias de Criptomonedas en 2018, proporcionando cobertura dedicada del mercado de activos digitales.",,Pendiente,
componentes/about-us,about-us,story.timeline[8].year,2018,2018,,Pendiente,
componentes/about-us,about-us,story.timeline[9].description,"The Premium subscription launches, offering exclusive content and advanced features for traders.","Se lanza la suscripción Premium, ofreciendo contenido exclusivo y características avanzadas para traders.",,Pendiente,
componentes/about-us,about-us,story.timeline[9].year,2020,2020,,Pendiente,
componentes/about-us,about-us,story.title,Our story,Nuestra historia,,Pendiente,
componentes/about-us,about-us,story.todayLabel,Today,Hoy,,Pendiente,
componentes/about-us,about-us,tagline,Trusted market insights since 2000,Información de mercado confiable desde 2000,,Pendiente,
componentes/about-us,about-us,title,About us,Sobre nosotros,,Pendiente,
componentes/advertising-model,advertising-model,closing,Feel free to share your doubts and we will be happy to address them. You can contact us at <email>contact@fxstreet.com</email>.,No dudes en compartir tus dudas y estaremos encantados de resolverlas. Puedes contactarnos en <email>contact@fxstreet.com</email>.,,Pendiente,
componentes/advertising-model,advertising-model,contactEmail,contact@fxstreet.com,contact@fxstreet.com,,Pendiente,
componentes/advertising-model,advertising-model,intro[0],"We believe advertisements can be useful to our audience. First, by highlighting services tailored to the traders' interests, we uncover new solutions for their needs. Second, by funding FXStreet's mission, we can keep helping traders in their journey.","Creemos que la publicidad puede ser útil para nuestra audiencia. En primer lugar, al destacar servicios adaptados a los intereses de los traders, descubrimos nuevas soluciones para sus necesidades. En segundo lugar, al financiar la misión de FXStreet, podemos seguir ayudando a los traders en su camino.",,Pendiente,
componentes/advertising-model,advertising-model,intro[1],"Advertising is the best model to ensure our services remain open and free to every trader in the world, but at the same time, it can generate incentives that are not aligned with our users. For that, and because keeping traders' trust is critical for FXStreet, we are forthcoming in explaining how we collaborate with our advertisers. This transparency allows our audience to make fully informed decisions.","La publicidad es el mejor modelo para garantizar que nuestros servicios sigan abiertos y gratuitos para todos los traders del mundo, pero al mismo tiempo puede generar incentivos que no están alineados con nuestros usuarios. Por ello, y porque mantener la confianza de los traders es fundamental para FXStreet, somos transparentes al explicar cómo colaboramos con nuestros anunciantes. Esta transparencia permite a nuestra audiencia tomar decisiones plenamente informadas.",,Pendiente,
componentes/advertising-model,advertising-model,intro[2],"FXStreet offers various advertising models to partners, including display ads, sponsorships, broker listings, and custom solutions, including branded and sponsored content. These products allow brokerages and financial firms to reach FXStreet's large audience of traders.","FXStreet ofrece diversos modelos de publicidad a sus socios, incluidos anuncios display, patrocinios, listados de brókers y soluciones personalizadas, como contenido de marca y patrocinado. Estos productos permiten a brókers y firmas financieras llegar a la amplia audiencia de traders de FXStreet.",,Pendiente,
componentes/advertising-model,advertising-model,intro[3],The company clearly differentiates between independent content and branded materials.,La empresa diferencia claramente entre contenido independiente y materiales de marca.,,Pendiente,
componentes/advertising-model,advertising-model,sections[0].paragraphs[0],"Every day, FXStreet's editorial team works hard to guarantee the best market coverage and help traders make informed decisions, generating dozens of articles covering all sessions and multiple markets.","Cada día, el equipo editorial de FXStreet trabaja para garantizar la mejor cobertura del mercado y ayudar a los traders a tomar decisiones informadas, generando decenas de artículos que cubren todas las sesiones y múltiples mercados.",,Pendiente,
componentes/advertising-model,advertising-model,sections[0].paragraphs[1],"We are committed to the highest standards of editorial integrity. FXStreet's editorial content is produced independently by our team of market analysts, reporters and editors. In each article, you will find the author(s) of the content at the top. We guarantee that our in-house written news and analysis are free from any commercial interests.","Estamos comprometidos con los más altos estándares de integridad editorial. El contenido editorial de FXStreet es producido de forma independiente por nuestro equipo de analistas de mercado, reporteros y editores. En cada artículo encontrarás al autor o autores del contenido en la parte superior. Garantizamos que nuestras noticias y análisis redactados internamente están libres de cualquier interés comercial.",,Pendiente,
componentes/advertising-model,advertising-model,sections[0].title,Maintaining editorial independence,Mantener la independencia editorial,,Pendiente,
componentes/advertising-model,advertising-model,sections[1].paragraphs[0],"On the other hand, FXStreet always prominently tag branded content as BRANDED or SPONSORED to identify that these articles and pages have been paid for by an advertiser, and differentiate them from editorial content.","Por otro lado, FXStreet siempre etiqueta de forma destacada el contenido de marca como BRANDED o SPONSORED para identificar que estos artículos y páginas han sido pagados por un anunciante, y diferenciarlos del contenido editorial.",,Pendiente,
componentes/advertising-model,advertising-model,sections[1].paragraphs[1],"While we strive to be comprehensive, the compensation we receive for publishing this type of content can influence the products, companies, or services we showcase and review. Compensation can be in the form of fixed fees – in exchange for exposure –, or variable fees – in exchange for metrics such as clicks or registrations.","Aunque nos esforzamos por ser exhaustivos, la compensación que recibimos por publicar este tipo de contenido puede influir en los productos, empresas o servicios que mostramos y reseñamos. La compensación puede ser en forma de tarifas fijas — a cambio de exposición — o tarifas variables — a cambio de métricas como clics o registros.",,Pendiente,
componentes/advertising-model,advertising-model,sections[1].paragraphs[2],"By transparently disclosing this information, FXStreet ensures that its users understand the nature of the content they are consuming and can take that into account to make informed decisions about the products and services they choose to engage with.","Al divulgar esta información de forma transparente, FXStreet garantiza que sus usuarios comprendan la naturaleza del contenido que consumen y puedan tenerlo en cuenta para tomar decisiones informadas sobre los productos y servicios con los que eligen interactuar.",,Pendiente,
componentes/advertising-model,advertising-model,sections[1].title,Branded content and sponsored placements,Contenido de marca y colocaciones patrocinadas,,Pendiente,
componentes/advertising-model,advertising-model,sections[2].paragraphs[0],"FXStreet's advertising partnerships are crucial to its business model, allowing it to provide free, high-quality content. By balancing editorial independence and advertising needs, FXStreet maintains the trust and integrity of its platform, and aligns the interests of the company, its users and its advertisers.","Las alianzas publicitarias de FXStreet son cruciales para su modelo de negocio, ya que le permiten ofrecer contenido gratuito y de alta calidad. Al equilibrar la independencia editorial y las necesidades publicitarias, FXStreet mantiene la confianza y la integridad de su plataforma, y alinea los intereses de la empresa, sus usuarios y sus anunciantes.",,Pendiente,
componentes/advertising-model,advertising-model,sections[2].title,A win-win-win model,Un modelo ganar-ganar-ganar,,Pendiente,
componentes/advertising-model,advertising-model,seo.description,"Learn how FXStreet's advertising model funds free, high-quality content while maintaining editorial independence. Discover our transparency about branded content and sponsored placements.",Descubre cómo el modelo de publicidad de FXStreet financia contenido gratuito y de calidad manteniendo la independencia editorial. Conoce nuestra transparencia sobre contenido de marca y colocaciones patrocinadas.,,Pendiente,
componentes/advertising-model,advertising-model,seo.title,FXStreet's Advertising Model - FXStreet,Modelo de publicidad de FXStreet - FXStreet,,Pendiente,
componentes/advertising-model,advertising-model,title,"FXStreet's Advertising Model: Trader-centric ads to power free, high-quality content",Modelo de publicidad de FXStreet: anuncios centrados en el trader para impulsar contenido gratuito y de calidad,,Pendiente,
componentes/cookie-policy,cookie-policy,cookieList.categories[0].cookies[0].description,Used for load balancing and to ensure that your requests go to the same server during the session.,Utilizadas para el equilibrio de carga y asegurar que sus peticiones vayan al mismo servidor durante la sesión.,,Pendiente,
componentes/cookie-policy,cookie-policy,cookieList.categories[0].cookies[0].duration,Session,Sesión,,Pendiente,
componentes/cookie-policy,cookie-policy,cookieList.categories[0].cookies[0].host,fxstreet.com,fxstreet.com,,Pendiente,
componentes/cookie-policy,cookie-policy,cookieList.categories[0].cookies[0].name,SERVERID / ARRAffinity,SERVERID / ARRAffinity,,Pendiente,
componentes/cookie-policy,cookie-policy,cookieList.categories[0].cookies[1].description,Maintains your anonymous session identifier on the server.,Mantiene su identificador de sesión anónimo en el servidor.,,Pendiente,
componentes/cookie-policy,cookie-policy,cookieList.categories[0].cookies[1].duration,Session,Sesión,,Pendiente,
componentes/cookie-policy,cookie-policy,cookieList.categories[0].cookies[1].host,fxstreet.com,fxstreet.com,,Pendiente,
componentes/cookie-policy,cookie-policy,cookieList.categories[0].cookies[1].name,ASP.NET_SessionId,ASP.NET_SessionId,,Pendiente,
componentes/cookie-policy,cookie-policy,cookieList.categories[0].cookies[2].description,Cloudflare cookie necessary for management and protection against malicious bots.,Cookie de Cloudflare necesaria para la gestión y protección contra bots maliciosos.,,Pendiente,
componentes/cookie-policy,cookie-policy,cookieList.categories[0].cookies[2].duration,Session,Sesión,,Pendiente,
componentes/cookie-policy,cookie-policy,cookieList.categories[0].cookies[2].host,fxstreet.com / coingecko.com,fxstreet.com / coingecko.com,,Pendiente,
componentes/cookie-policy,cookie-policy,cookieList.categories[0].cookies[2].name,__cf_bm,__cf_bm,,Pendiente,
componentes/cookie-policy,cookie-policy,cookieList.categories[0].cookies[3].description,Provide load balancing functionality on Amazon Web Services infrastructures.,Proporcionan funcionalidad de equilibrio de carga en infraestructuras de Amazon Web Services.,,Pendiente,
componentes/cookie-policy,cookie-policy,cookieList.categories[0].cookies[3].duration,7 days,7 días,,Pendiente,
componentes/cookie-policy,cookie-policy,cookieList.categories[0].cookies[3].host,fxstreet.com / typeform.com,fxstreet.com / typeform.com,,Pendiente,
componentes/cookie-policy,cookie-policy,cookieList.categories[0].cookies[3].name,AWSALBTG / AWSALBTGCORS,AWSALBTG / AWSALBTGCORS,,Pendiente,
componentes/cookie-policy,cookie-policy,cookieList.categories[0].description,"These cookies are essential for the website to function correctly, allowing load balancing, security, and session maintenance.","Estas cookies son esenciales para que el sitio web funcione correctamente, permitiendo el equilibrio de carga, la seguridad y el mantenimiento de su sesión.",,Pendiente,
componentes/cookie-policy,cookie-policy,cookieList.categories[0].title,A. TECHNICAL AND FUNCTIONAL COOKIES (Strictly Necessary),A. COOKIES TÉCNICAS Y DE FUNCIONAMIENTO (Estrictamente Necesarias),,Pendiente,
componentes/cookie-policy,cookie-policy,cookieList.categories[1].cookies[0].description,Saves the A/B test variant that the user views in the Economic Calendar section.,Guarda la variante del test A/B que el usuario visualiza en la sección de Calendario Económico.,,Pendiente,
componentes/cookie-policy,cookie-policy,cookieList.categories[1].cookies[0].duration,1 year,1 año,,Pendiente,
componentes/cookie-policy,cookie-policy,cookieList.categories[1].cookies[0].host,fxstreet.com,fxstreet.com,,Pendiente,
componentes/cookie-policy,cookie-policy,cookieList.categories[1].cookies[0].name,Calendar_AB_Test,Calendar_AB_Test,,Pendiente,
componentes/cookie-policy,cookie-policy,cookieList.categories[1].cookies[1].description,Selects calendar content based on the most important events for the subscribed user.,Selecciona el contenido del calendario basado en los eventos más importantes para el usuario suscrito.,,Pendiente,
componentes/cookie-policy,cookie-policy,cookieList.categories[1].cookies[1].duration,1 year,1 año,,Pendiente,
componentes/cookie-policy,cookie-policy,cookieList.categories[1].cookies[1].host,fxstreet.com,fxstreet.com,,Pendiente,
componentes/cookie-policy,cookie-policy,cookieList.categories[1].cookies[1].name,SubscribedTopCalendarEvents,SubscribedTopCalendarEvents,,Pendiente,
componentes/cookie-policy,cookie-policy,cookieList.categories[1].cookies[2].description,Unique identifier to maintain personalized preferences between sessions.,Identificador único para mantener preferencias personalizadas entre sesiones.,,Pendiente,
componentes/cookie-policy,cookie-policy,cookieList.categories[1].cookies[2].duration,1 year,1 año,,Pendiente,
componentes/cookie-policy,cookie-policy,cookieList.categories[1].cookies[2].host,fxstreet.com,fxstreet.com,,Pendiente,
componentes/cookie-policy,cookie-policy,cookieList.categories[1].cookies[2].name,UserSessionId,UserSessionId,,Pendiente,
componentes/cookie-policy,cookie-policy,cookieList.categories[1].description,"Allow the site to remember information that changes the appearance or behavior of the web, such as your language or tool settings.","Permiten que el sitio recuerde información que cambia el aspecto o el comportamiento de la web, como su idioma o la configuración de herramientas.",,Pendiente,
componentes/cookie-policy,cookie-policy,cookieList.categories[1].title,B. PERSONALIZATION COOKIES (User Preferences),B. COOKIES DE PERSONALIZACIÓN (Preferencias del Usuario),,Pendiente,
componentes/cookie-policy,cookie-policy,cookieList.categories[2].cookies[0].description,Google Analytics cookies that distinguish unique users and calculate visit and campaign data anonymously.,Cookies de Google Analytics que distinguen usuarios únicos y calculan datos de visitas y campañas de forma anónima.,,Pendiente,
componentes/cookie-policy,cookie-policy,cookieList.categories[2].cookies[0].duration,1 year,1 año,,Pendiente,
componentes/cookie-policy,cookie-policy,cookieList.categories[2].cookies[0].host,fxstreet.com,fxstreet.com,,Pendiente,
componentes/cookie-policy,cookie-policy,cookieList.categories[2].cookies[0].name,_ga / _ga_XXXXXXXXXX,_ga / _ga_XXXXXXXXXX,,Pendiente,
componentes/cookie-policy,cookie-policy,cookieList.categories[2].cookies[1].description,"Hotjar cookies that allow analyzing user behavior (clicks, heat maps) to improve usability.","Cookies de Hotjar que permiten analizar el comportamiento del usuario (clics, mapas de calor) para mejorar la usabilidad.",,Pendiente,
componentes/cookie-policy,cookie-policy,cookieList.categories[2].cookies[1].duration,Session / 1 year,Sesión / 1 año,,Pendiente,
componentes/cookie-policy,cookie-policy,cookieList.categories[2].cookies[1].host,fxstreet.com,fxstreet.com,,Pendiente,
componentes/cookie-policy,cookie-policy,cookieList.categories[2].cookies[1].name,_hjSession / _hjSessionUser,_hjSession / _hjSessionUser,,Pendiente,
componentes/cookie-policy,cookie-policy,cookieList.categories[2].cookies[2].description,Legacy Google Analytics (Urchin) cookies to track behavior and traffic source.,Cookies heredadas de Google Analytics (Urchin) para rastrear el comportamiento y la fuente del tráfico.,,Pendiente,
componentes/cookie-policy,cookie-policy,cookieList.categories[2].cookies[2].duration,Variable,Variable,,Pendiente,
componentes/cookie-policy,cookie-policy,cookieList.categories[2].cookies[2].host,fxstreet.com,fxstreet.com,,Pendiente,
componentes/cookie-policy,cookie-policy,cookieList.categories[2].cookies[2].name,__utma / __utmb / __utmz,__utma / __utmb / __utmz,,Pendiente,
componentes/cookie-policy,cookie-policy,cookieList.categories[2].description,"Help us understand how visitors interact with the web, detecting errors and measuring traffic in an aggregated and anonymous manner.","Nos ayudan a entender cómo interactúan los visitantes con la web, detectando errores y midiendo el tráfico de forma agregada y anónima.",,Pendiente,
componentes/cookie-policy,cookie-policy,cookieList.categories[2].title,C. ANALYTICAL AND MEASUREMENT COOKIES (Performance),C. COOKIES ANALÍTICAS Y DE MEDICIÓN (Rendimiento),,Pendiente,
componentes/cookie-policy,cookie-policy,cookieList.categories[3].cookies[0].description,Associated with Google DoubleClick. Allow showing personalized ads and measuring the success of marketing campaigns.,Asociadas a Google DoubleClick. Permiten mostrar anuncios personalizados y medir el éxito de las campañas de marketing.,,Pendiente,
componentes/cookie-policy,cookie-policy,cookieList.categories[3].cookies[0].duration,1 year,1 año,,Pendiente,
componentes/cookie-policy,cookie-policy,cookieList.categories[3].cookies[0].host,fxstreet.com / doubleclick.net,fxstreet.com / doubleclick.net,,Pendiente,
componentes/cookie-policy,cookie-policy,cookieList.categories[3].cookies[0].name,__gads / __gpi / IDE,__gads / __gpi / IDE,,Pendiente,
componentes/cookie-policy,cookie-policy,cookieList.categories[3].cookies[1].description,Controls the display of 'roadblock' type ads to avoid saturating navigation.,Controla la visualización de anuncios de tipo 'roadblock' para no saturar la navegación.,,Pendiente,
componentes/cookie-policy,cookie-policy,cookieList.categories[3].cookies[1].duration,Session,Sesión,,Pendiente,
componentes/cookie-policy,cookie-policy,cookieList.categories[3].cookies[1].host,fxstreet.com,fxstreet.com,,Pendiente,
componentes/cookie-policy,cookie-policy,cookieList.categories[3].cookies[1].name,PopupAd_roadblocks,PopupAd_roadblocks,,Pendiente,
componentes/cookie-policy,cookie-policy,cookieList.categories[3].cookies[2].description,Tracks visitors to present relevant ads based on their previous preferences.,Rastrea visitantes para presentar anuncios relevantes basados en sus preferencias previas.,,Pendiente,
componentes/cookie-policy,cookie-policy,cookieList.categories[3].cookies[2].duration,Session,Sesión,,Pendiente,
componentes/cookie-policy,cookie-policy,cookieList.categories[3].cookies[2].host,fxstreet.com,fxstreet.com,,Pendiente,
componentes/cookie-policy,cookie-policy,cookieList.categories[3].cookies[2].name,UserMatchHistory,UserMatchHistory,,Pendiente,
componentes/cookie-policy,cookie-policy,cookieList.categories[3].cookies[3].description,Used by YouTube (Google) to manage preferences in embedded videos and measure views.,Utilizadas por YouTube (Google) para gestionar las preferencias en vídeos incrustados y medir las visualizaciones.,,Pendiente,
componentes/cookie-policy,cookie-policy,cookieList.categories[3].cookies[3].duration,5 months / Session,5 meses / Sesión,,Pendiente,
componentes/cookie-policy,cookie-policy,cookieList.categories[3].cookies[3].host,youtube.com,youtube.com,,Pendiente,
componentes/cookie-policy,cookie-policy,cookieList.categories[3].cookies[3].name,VISITOR_INFO1_LIVE / YSC,VISITOR_INFO1_LIVE / YSC,,Pendiente,
componentes/cookie-policy,cookie-policy,cookieList.categories[3].cookies[4].description,Used by LinkedIn for tracking embedded services and social widgets.,Utilizada por LinkedIn para el seguimiento de servicios embebidos y widgets sociales.,,Pendiente,
componentes/cookie-policy,cookie-policy,cookieList.categories[3].cookies[4].duration,Session,Sesión,,Pendiente,
componentes/cookie-policy,cookie-policy,cookieList.categories[3].cookies[4].host,linkedin.com,linkedin.com,,Pendiente,
componentes/cookie-policy,cookie-policy,cookieList.categories[3].cookies[4].name,bscookie,bscookie,,Pendiente,
componentes/cookie-policy,cookie-policy,cookieList.categories[3].description,"Used to manage advertising spaces, prevent you from seeing the same ad repeatedly, and show you advertising according to your financial interests.","Se utilizan para gestionar los espacios publicitarios, evitar que vea el mismo anuncio repetidamente y mostrarle publicidad acorde a sus intereses financieros.",,Pendiente,
componentes/cookie-policy,cookie-policy,cookieList.categories[3].title,D. ADVERTISING AND MARKETING COOKIES (Targeting),D. COOKIES DE PUBLICIDAD Y MARKETING (Targeting),,Pendiente,
componentes/cookie-policy,cookie-policy,cookieList.intro,"At FXStreet, we use cookies and tracking technologies for various purposes: from basic technical operation to content and advertising personalization. Below, we detail the cookies we use, classified by their function and provider.","En FXStreet utilizamos cookies y tecnologías de seguimiento para diversas finalidades: desde el funcionamiento técnico básico hasta la personalización de contenidos y publicidad. A continuación, detallamos las cookies que utilizamos, clasificadas por su función y proveedor.",,Pendiente,
componentes/cookie-policy,cookie-policy,cookieList.table.cookie,Cookie,Cookie,,Pendiente,
componentes/cookie-policy,cookie-policy,cookieList.table.description,Description,Descripción,,Pendiente,
componentes/cookie-policy,cookie-policy,cookieList.table.duration,Duration,Duración,,Pendiente,
componentes/cookie-policy,cookie-policy,cookieList.table.host,Host,Host,,Pendiente,
componentes/cookie-policy,cookie-policy,cookieList.thirdPartyNote.content,"FXStreet uses third-party services (such as Google, Hotjar, Typeform, and YouTube) that may install cookies on your device. By using our Privacy Settings system (Google Tool), you can specifically accept or reject the use of these cookie categories.","FXStreet utiliza servicios de terceros (como Google, Hotjar, Typeform y YouTube) que pueden instalar cookies en su dispositivo. Al utilizar nuestro sistema de Configuración de Privacidad (Google Tool), usted puede aceptar o rechazar específicamente el uso de estas categorías de cookies.",,Pendiente,
componentes/cookie-policy,cookie-policy,cookieList.thirdPartyNote.title,NOTE ABOUT THIRD PARTIES,NOTA SOBRE TERCEROS,,Pendiente,
componentes/cookie-policy,cookie-policy,policy.sections[0].paragraphs[0],"Cookies are small text files stored in your browser to improve your experience and provide us with traffic information. At FXStreet, we use cookies to remember your preferences (like language or login) and to understand how you interact with our content.","Las cookies son pequeños archivos de texto almacenados en su navegador para mejorar su experiencia y proporcionarnos información de tráfico. En FXStreet, utilizamos cookies para recordar sus preferencias (como el idioma o el inicio de sesión) y para comprender cómo interactúa con nuestro contenido.",,Pendiente,
componentes/cookie-policy,cookie-policy,policy.sections[0].paragraphs[1],"Our websites (www.fxstreet.com and www.forex.es) comply with the latest privacy regulations, including GDPR and ePrivacy Directive.","Nuestros sitios web (www.fxstreet.com y www.forex.es) cumplen con las últimas regulaciones de privacidad, incluido el RGPD y la Directiva de Privacidad Electrónica.",,Pendiente,
componentes/cookie-policy,cookie-policy,policy.sections[0].title,1. What are cookies?,1. ¿Qué son las cookies?,,Pendiente,
componentes/cookie-policy,cookie-policy,policy.sections[1].paragraphs[0],Our websites use <strong>Google Consent Mode v2</strong>. This technology allows us to respect your privacy choices dynamically:,Nuestros sitios web utilizan <strong>Google Consent Mode v2</strong>. Esta tecnología nos permite respetar sus elecciones de privacidad de forma dinámica:,,Pendiente,
componentes/cookie-policy,cookie-policy,policy.sections[1].paragraphs[1],<strong>If you accept cookies:</strong> We collect data normally for analytics and personalized ads.,<strong>Si acepta las cookies:</strong> Recopilamos datos normalmente para análisis y anuncios personalizados.,,Pendiente,
componentes/cookie-policy,cookie-policy,policy.sections[1].paragraphs[2],"<strong>If you decline:</strong> Google services will operate in a ""restricted"" mode. We won't store tracking cookies, but we may receive aggregate, non-identifiable data to measure our site's performance without identifying you.","<strong>Si las rechaza:</strong> Los servicios de Google operarán en modo ""restringido"". No almacenaremos cookies de seguimiento, pero podemos recibir datos agregados y no identificables para medir el rendimiento de nuestro sitio sin identificarle.",,Pendiente,
componentes/cookie-policy,cookie-policy,policy.sections[1].paragraphs[3],This means FXStreet can continue to improve the user experience while fully respecting your privacy preferences.,Esto significa que FXStreet puede seguir mejorando la experiencia del usuario respetando plenamente sus preferencias de privacidad.,,Pendiente,
componentes/cookie-policy,cookie-policy,policy.sections[1].title,2. Google Consent Mode v2,2. Google Consent Mode v2,,Pendiente,
componentes/cookie-policy,cookie-policy,policy.sections[2].paragraphs[0],"Instead of complex descriptions, we classify our cookies into four clear groups:","En lugar de descripciones complejas, clasificamos nuestras cookies en cuatro grupos claros:",,Pendiente,
componentes/cookie-policy,cookie-policy,policy.sections[2].table.headers[0],Category,Categoría,,Pendiente,
componentes/cookie-policy,cookie-policy,policy.sections[2].table.headers[1],Description,Descripción,,Pendiente,
componentes/cookie-policy,cookie-policy,policy.sections[2].table.headers[2],Legal Basis,Base Legal,,Pendiente,
componentes/cookie-policy,cookie-policy,policy.sections[2].table.rows[0].category,Strictly Necessary,Estrictamente Necesarias,,Pendiente,
componentes/cookie-policy,cookie-policy,policy.sections[2].table.rows[0].description,"Essential for the website to function (Security, Load Balancing, Login).","Esenciales para que el sitio web funcione (Seguridad, Equilibrio de Carga, Inicio de Sesión).",,Pendiente,
componentes/cookie-policy,cookie-policy,policy.sections[2].table.rows[0].legal,Legitimate Interest (Cannot be disabled),Interés Legítimo (No se pueden desactivar),,Pendiente,
componentes/cookie-policy,cookie-policy,policy.sections[2].table.rows[1].category,Functional,Funcionales,,Pendiente,
componentes/cookie-policy,cookie-policy,policy.sections[2].table.rows[1].description,"Remember your settings like language, charts, and dark mode.","Recuerdan su configuración como idioma, gráficos y modo oscuro.",,Pendiente,
componentes/cookie-policy,cookie-policy,policy.sections[2].table.rows[1].legal,Consent,Consentimiento,,Pendiente,
componentes/cookie-policy,cookie-policy,policy.sections[2].table.rows[2].category,Analytics,Analíticas,,Pendiente,
componentes/cookie-policy,cookie-policy,policy.sections[2].table.rows[2].description,We use Google Analytics 4 (GA4) and Hotjar to see which news and pairs are most popular.,Utilizamos Google Analytics 4 (GA4) y Hotjar para ver qué noticias y pares son más populares.,,Pendiente,
componentes/cookie-policy,cookie-policy,policy.sections[2].table.rows[2].legal,Consent,Consentimiento,,Pendiente,
componentes/cookie-policy,cookie-policy,policy.sections[2].table.rows[3].category,Marketing,Marketing,,Pendiente,
componentes/cookie-policy,cookie-policy,policy.sections[2].table.rows[3].description,Used by Google Ads and YouTube to show you relevant financial offers and videos.,Utilizadas por Google Ads y YouTube para mostrarle ofertas y vídeos financieros relevantes.,,Pendiente,
componentes/cookie-policy,cookie-policy,policy.sections[2].table.rows[3].legal,Consent,Consentimiento,,Pendiente,
componentes/cookie-policy,cookie-policy,policy.sections[2].title,3. Categories of Cookies We Use,3. Categorías de Cookies que Utilizamos,,Pendiente,
componentes/cookie-policy,cookie-policy,policy.sections[3].paragraphs[0],You have full control over your data. You can change your mind at any time:,Tiene control total sobre sus datos. Puede cambiar de opinión en cualquier momento:,,Pendiente,
componentes/cookie-policy,cookie-policy,policy.sections[3].paragraphs[1],<strong>Our Privacy Tool:</strong> Click the [Privacy Settings] or [Cookies] link located in the footer of this website to re-open the configuration panel.,<strong>Nuestra Herramienta de Privacidad:</strong> Haga clic en el enlace [Configuración de Privacidad] o [Cookies] ubicado en el pie de página de este sitio web para volver a abrir el panel de configuración.,,Pendiente,
componentes/cookie-policy,cookie-policy,policy.sections[3].paragraphs[2],"<strong>Browser Settings:</strong> You can also block or delete cookies through your browser (Chrome, Firefox, Safari, Edge).","<strong>Configuración del Navegador:</strong> También puede bloquear o eliminar cookies a través de su navegador (Chrome, Firefox, Safari, Edge).",,Pendiente,
componentes/cookie-policy,cookie-policy,policy.sections[3].paragraphs[3],<strong>Note:</strong> Disabling functional cookies may cause some interactive charts or the Economic Calendar to work incorrectly.,<strong>Nota:</strong> Desactivar las cookies funcionales puede hacer que algunos gráficos interactivos o el Calendario Económico no funcionen correctamente.,,Pendiente,
componentes/cookie-policy,cookie-policy,policy.sections[3].title,4. How to Manage or Revoke Your Consent,4. Cómo Gestionar o Revocar su Consentimiento,,Pendiente,
componentes/cookie-policy,cookie-policy,policy.sections[4].paragraphs[0],These are the primary third-party services that set cookies on our site:,Estos son los principales servicios de terceros que establecen cookies en nuestro sitio:,,Pendiente,
componentes/cookie-policy,cookie-policy,policy.sections[4].paragraphs[1],"<strong>Google (GA4 / Ads):</strong> <code>_ga</code>, <code>_ga_XXXXXXXX</code>, <code>IDE</code>, <code>__gads</code>. Used for traffic measurement and advertising.","<strong>Google (GA4 / Ads):</strong> <code>_ga</code>, <code>_ga_XXXXXXXX</code>, <code>IDE</code>, <code>__gads</code>. Utilizadas para medición de tráfico y publicidad.",,Pendiente,
componentes/cookie-policy,cookie-policy,policy.sections[4].paragraphs[2],<strong>Cloudflare:</strong> <code>__cf_bm</code>. Strictly necessary for bot protection and website security.,<strong>Cloudflare:</strong> <code>__cf_bm</code>. Estrictamente necesaria para protección contra bots y seguridad del sitio web.,,Pendiente,
componentes/cookie-policy,cookie-policy,policy.sections[4].paragraphs[3],"<strong>Hotjar:</strong> <code>_hjSession</code>, <code>_hjUser</code>. Used to understand user heatmaps and improve website design.","<strong>Hotjar:</strong> <code>_hjSession</code>, <code>_hjUser</code>. Utilizadas para comprender mapas de calor de usuarios y mejorar el diseño del sitio web.",,Pendiente,
componentes/cookie-policy,cookie-policy,policy.sections[4].paragraphs[4],<strong>Azure:</strong> <code>ARRAffinity</code>. Necessary for technical performance and server stability.,<strong>Azure:</strong> <code>ARRAffinity</code>. Necesaria para el rendimiento técnico y la estabilidad del servidor.,,Pendiente,
componentes/cookie-policy,cookie-policy,policy.sections[4].paragraphs[5],<strong>YouTube:</strong> <code>VISITOR_INFO1_LIVE</code>. Used when you watch our expert video analysis.,<strong>YouTube:</strong> <code>VISITOR_INFO1_LIVE</code>. Utilizada cuando ve nuestros análisis de vídeo de expertos.,,Pendiente,
componentes/cookie-policy,cookie-policy,policy.sections[4].paragraphs[6],"For a complete and detailed list of all cookies, including their duration and specific purposes, please refer to the <strong>Cookie List</strong> tab.","Para una lista completa y detallada de todas las cookies, incluida su duración y propósitos específicos, consulte la pestaña <strong>Lista de Cookies</strong>.",,Pendiente,
componentes/cookie-policy,cookie-policy,policy.sections[4].title,5. Main Cookies List,5. Lista Principal de Cookies,,Pendiente,
componentes/cookie-policy,cookie-policy,policy.sections[5].paragraphs[0],"When you consent to analytics or marketing cookies, some data may be processed in the United States by providers like Google or Microsoft. These companies are certified under the <strong>EU-U.S. Data Privacy Framework</strong>, ensuring a level of protection equivalent to European standards.","Cuando consiente las cookies de análisis o marketing, algunos datos pueden ser procesados en los Estados Unidos por proveedores como Google o Microsoft. Estas empresas están certificadas bajo el <strong>Marco de Privacidad de Datos UE-EE.UU.</strong>, garantizando un nivel de protección equivalente a los estándares europeos.",,Pendiente,
componentes/cookie-policy,cookie-policy,policy.sections[5].paragraphs[1],"For more information about how we protect your data when transferring it internationally, please refer to our <a href=""/info/privacy-policy"" class=""text-main-primary hover:underline"">Privacy Policy</a>.","Para más información sobre cómo protegemos sus datos al transferirlos internacionalmente, consulte nuestra <a href=""/info/privacy-policy"" class=""text-main-primary hover:underline"">Política de Privacidad</a>.",,Pendiente,
componentes/cookie-policy,cookie-policy,policy.sections[5].title,6. International Data Transfers,6. Transferencias Internacionales de Datos,,Pendiente,
componentes/cookie-policy,cookie-policy,tabs.list,COOKIE LIST,LISTA DE COOKIES,,Pendiente,
componentes/cookie-policy,cookie-policy,tabs.listTitle,Cookie List,Lista de Cookies,,Pendiente,
componentes/cookie-policy,cookie-policy,tabs.policy,COOKIE POLICY,POLÍTICA DE COOKIES,,Pendiente,
componentes/cookie-policy,cookie-policy,tabs.policyTitle,Cookie Policy,Política de Cookies,,Pendiente,
componentes/corporate-identity,corporate-identity,blueBackground,Blue Background,Fondo Azul,,Pendiente,
componentes/corporate-identity,corporate-identity,download,Download,Descargar,,Pendiente,
componentes/corporate-identity,corporate-identity,downloadSection.guidelinesLink,https://editorial.fxsstatic.com/landingpages/About/fxs_brand_usage_guidelines.pdf,https://editorial.fxsstatic.com/landingpages/About/fxs_brand_usage_guidelines.pdf,,Pendiente,
componentes/corporate-identity,corporate-identity,downloadSection.guidelinesLinkText,Brand usage guidelines,Directrices de uso de marca,,Pendiente,
componentes/corporate-identity,corporate-identity,downloadSection.intro,"Before downloading any of our logos, please check our","Antes de descargar cualquiera de nuestros logotipos, consulte nuestras",,Pendiente,
componentes/corporate-identity,corporate-identity,downloadSection.title,Download our Logos,Descarga nuestros Logotipos,,Pendiente,
componentes/corporate-identity,corporate-identity,fxstreetLogos.title,FXStreet,FXStreet,,Pendiente,
componentes/corporate-identity,corporate-identity,intro,"Design guidelines are essential for promoting quality and consistency across all communication that involves FXStreet's name. FXStreet's Corporate Identity standards have been produced as a reference to be followed by our staff, contributors, clients and agencies involved in graphic design and layout.","Las directrices de diseño son esenciales para promover la calidad y la coherencia en todas las comunicaciones que involucran el nombre de FXStreet. Los estándares de Identidad Corporativa de FXStreet han sido creados como referencia para ser seguidos por nuestro personal, colaboradores, clientes y agencias involucradas en diseño gráfico y maquetación.",,Pendiente,
componentes/corporate-identity,corporate-identity,pngHighRes,PNG High Resolution.,PNG Alta Resolución.,,Pendiente,
componentes/corporate-identity,corporate-identity,print,Print,Impresión,,Pendiente,
componentes/corporate-identity,corporate-identity,screen,Screen,Pantalla,,Pendiente,
componentes/corporate-identity,corporate-identity,seo.description,Download FXStreet's official logos and brand assets. Access our brand usage guidelines for graphic design and layout.,Descargue los logotipos y activos de marca oficiales de FXStreet. Acceda a nuestras directrices de uso de marca para diseño gráfico y maquetación.,,Pendiente,
componentes/corporate-identity,corporate-identity,seo.title,Corporate Identity - FXStreet,Identidad Corporativa - FXStreet,,Pendiente,
componentes/corporate-identity,corporate-identity,socialMediaLogos.title,Social Media,Redes Sociales,,Pendiente,
componentes/corporate-identity,corporate-identity,title,Corporate Identity,Identidad Corporativa,,Pendiente,
componentes/corporate-identity,corporate-identity,transparentBackground,Transparent Background,Fondo Transparente,,Pendiente,
componentes/corporate-identity,corporate-identity,vectorizedEps,Vectorized CMYK EPS.,EPS CMYK vectorizado.,,Pendiente,
componentes/corporate-identity,corporate-identity,vectorizedPdf,Vectorized CMYK PDF.,PDF CMYK vectorizado.,,Pendiente,
componentes/corporate-identity,corporate-identity,whiteBackground,White Background,Fondo Blanco,,Pendiente,
componentes/how-fxstreet-uses-ai,how-fxstreet-uses-ai,closing,"Using AI to write articles from scratch or to rewrite them is forbidden, as is using AI tools that haven't been trained and validated by the editorial team. Overall, any use of AI in editorial processes must ensure that our reporting is <strong>fair, legal, and accountable</strong>, as it always has been.","Está prohibido utilizar la IA para redactar artículos desde cero o para reescribirlos, así como emplear herramientas de IA que no hayan sido entrenadas y validadas por el equipo editorial. En general, cualquier uso de la IA en los procesos editoriales debe garantizar que nuestra información sea <strong>justa, legal y responsable</strong>, como siempre ha sido.",,Pendiente,
componentes/how-fxstreet-uses-ai,how-fxstreet-uses-ai,intro[0],"At FXStreet, <strong>transparency</strong> is one of our editorial values. We have always aimed to earn our audience's trust by being open about what we do, why we do it, and how we do it. As Generative Artificial Intelligence (GenAI) becomes more widely used in newsrooms around the world, we believe it is our responsibility to <strong>explain how we use AI</strong> in our day-to-day editorial operations.","En FXStreet, la <strong>transparencia</strong> es uno de nuestros valores editoriales. Siempre hemos buscado ganarnos la confianza de nuestra audiencia siendo abiertos sobre lo que hacemos, por qué lo hacemos y cómo lo hacemos. A medida que la Inteligencia Artificial Generativa (GenAI) se utiliza cada vez más en las redacciones de todo el mundo, creemos que es nuestra responsabilidad <strong>explicar cómo usamos la IA</strong> en nuestras operaciones editoriales diarias.",,Pendiente,
componentes/how-fxstreet-uses-ai,how-fxstreet-uses-ai,intro[1],"While AI is helping us improve some workflows and tools, <strong>FXStreet remains fully committed to human-led content</strong>. Our editorial team strives to provide top-notch, timely, and insightful market coverage every day, written and reviewed by our experienced analysts for traders. AI supports our work, but <strong>it does not replace the editorial judgment, market expertise, and accountability of FXStreet's team</strong>.","Si bien la IA nos ayuda a mejorar algunos flujos de trabajo y herramientas, <strong>FXStreet sigue plenamente comprometida con contenidos liderados por personas</strong>. Nuestro equipo editorial se esfuerza por ofrecer cada día una cobertura de mercados de primer nivel, oportuna y perspicaz, escrita y revisada por nuestros analistas experimentados para traders. La IA apoya nuestro trabajo, pero <strong>no sustituye el criterio editorial, la experiencia de mercado ni la responsabilidad del equipo de FXStreet</strong>.",,Pendiente,
componentes/how-fxstreet-uses-ai,how-fxstreet-uses-ai,intro[2],"AI use at FXStreet is governed by a <strong>strict editorial policy</strong>. Our internal guidelines recognize AI as a useful tool for both reporting, writing, and workflow support, but only under <strong>strict human supervision and clearly defined limits.</strong>","El uso de la IA en FXStreet se rige por una <strong>estricta política editorial</strong>. Nuestras directrices internas reconocen la IA como una herramienta útil tanto para la información, la redacción y el apoyo a los flujos de trabajo, pero solo bajo una <strong>estricta supervisión humana y límites claramente definidos.</strong>",,Pendiente,
componentes/how-fxstreet-uses-ai,how-fxstreet-uses-ai,sectionsHeading,"So, how are we using AI?","Entonces, ¿cómo utilizamos la IA?",,Pendiente,
componentes/how-fxstreet-uses-ai,how-fxstreet-uses-ai,sections[0].paragraphs[0],"We use AI to enhance market intelligence through tools built in line with our editorial standards. One example is the FXStreet Speech Tracker, which parses and scores the tone of central bank speeches in real-time. This helps traders quickly assess whether policymakers are hawkish or dovish without having to read full statements, giving instant insight.","Utilizamos la IA para mejorar la inteligencia de mercado mediante herramientas desarrolladas conforme a nuestros estándares editoriales. Un ejemplo es el FXStreet Speech Tracker, que analiza y puntúa el tono de los discursos de los bancos centrales en tiempo real. Esto ayuda a los traders a evaluar rápidamente si las autoridades monetarias son hawkish o dovish sin tener que leer los comunicados completos, ofreciendo información instantánea.",,Pendiente,
componentes/how-fxstreet-uses-ai,how-fxstreet-uses-ai,sections[0].title,Create in-house tools,Crear herramientas internas,,Pendiente,
componentes/how-fxstreet-uses-ai,how-fxstreet-uses-ai,sections[1].paragraphs[0],"We also use AI to help the newsroom spend less time on certain tasks, such as tagging articles or drafting headline suggestions. Other AI tools help simplify parts of the technical analysis workflow or summarize external content, including material provided by banks, brokerages, and external analysts. These tools have taken months to develop, are designed to align with our editorial standards, and remain under constant review.","También utilizamos la IA para que la redacción dedique menos tiempo a ciertas tareas, como etiquetar artículos o redactar sugerencias de titulares. Otras herramientas de IA ayudan a simplificar partes del flujo de trabajo del análisis técnico o a resumir contenido externo, incluido el material proporcionado por bancos, brókers y analistas externos. Estas herramientas han tardado meses en desarrollarse, están diseñadas para alinearse con nuestros estándares editoriales y se revisan constantemente.",,Pendiente,
componentes/how-fxstreet-uses-ai,how-fxstreet-uses-ai,sections[1].title,Improving efficiency,Mejorar la eficiencia,,Pendiente,
componentes/how-fxstreet-uses-ai,how-fxstreet-uses-ai,sections[2].paragraphs[0],"To translate content originally written in English to other languages, we use a self-training AI translation system that draws on an extensive glossary of specific terms related to financial markets and economics. Most of the content is verified by editors: when that's the case, the reader sees the ""verified translation"" label, while those labeled with the ""machine translation"" tag have not.","Para traducir contenidos escritos originalmente en inglés a otros idiomas, utilizamos un sistema de traducción automática con autoentrenamiento que se apoya en un extenso glosario de términos específicos relacionados con los mercados financieros y la economía. La mayor parte del contenido es verificada por editores: cuando es así, el lector ve la etiqueta de ""traducción verificada"", mientras que los artículos con la etiqueta de ""traducción automática"" no han sido revisados.",,Pendiente,
componentes/how-fxstreet-uses-ai,how-fxstreet-uses-ai,sections[2].title,Translations,Traducciones,,Pendiente,
componentes/how-fxstreet-uses-ai,how-fxstreet-uses-ai,sections[3].paragraphs[0],"Images displayed on FXStreet's platforms have mostly been created using AI tools. This process is subject to strict guardrails. Images portraying public figures must be easily distinguishable from real photographs, should strive for neutrality, and must respect copyright rules, among other conditions.","Las imágenes mostradas en las plataformas de FXStreet se han creado en su mayoría mediante herramientas de IA. Este proceso está sujeto a estrictas salvaguardas. Las imágenes que representan figuras públicas deben ser fácilmente distinguibles de fotografías reales, deben aspirar a la neutralidad y deben respetar las normas de derechos de autor, entre otras condiciones.",,Pendiente,
componentes/how-fxstreet-uses-ai,how-fxstreet-uses-ai,sections[3].title,Images,Imágenes,,Pendiente,
componentes/how-fxstreet-uses-ai,how-fxstreet-uses-ai,sections[4].paragraphs[0],"Almost all AI-assisted editorial content is reviewed by an editor before publication. When AI has assisted in the creation of an article, a disclaimer will be included at the end of the piece. Internally, each writer and editor remains accountable for any mistakes or inaccuracies related to the use of AI.","Casi todo el contenido editorial asistido por IA es revisado por un editor antes de su publicación. Cuando la IA ha participado en la creación de un artículo, se incluirá un aviso al final del texto. Internamente, cada redactor y editor sigue siendo responsable de cualquier error o inexactitud relacionada con el uso de la IA.",,Pendiente,
componentes/how-fxstreet-uses-ai,how-fxstreet-uses-ai,sections[4].title,Being transparent and accountable,Ser transparentes y responsables,,Pendiente,
componentes/how-fxstreet-uses-ai,how-fxstreet-uses-ai,seo.description,"Learn how FXStreet's editorial team uses artificial intelligence under strict human supervision, and how we remain committed to transparent, human-led market coverage.",Descubre cómo el equipo editorial de FXStreet utiliza la inteligencia artificial bajo estricta supervisión humana y cómo seguimos comprometidos con una cobertura de mercados transparente y liderada por personas.,,Pendiente,
componentes/how-fxstreet-uses-ai,how-fxstreet-uses-ai,seo.title,How FXStreet uses AI - FXStreet,Cómo utiliza la IA FXStreet - FXStreet,,Pendiente,
componentes/how-fxstreet-uses-ai,how-fxstreet-uses-ai,title,How FXStreet uses AI,Cómo utiliza la IA FXStreet,,Pendiente,
componentes/how-we-score-reviews,how-we-score-reviews,finalNotes.paragraphs[0],"<strong>This document provides a mid-level overview of our scoring system,</strong> more detailed than a light summary but easier to digest than our full methodology.","<strong>Este documento ofrece una visión general de nivel intermedio de nuestro sistema de puntuación,</strong> más detallada que un resumen breve pero más fácil de digerir que nuestra metodología completa.",,Pendiente,
componentes/how-we-score-reviews,how-we-score-reviews,finalNotes.paragraphs[1],"<strong>Scores are distributed across subcategories</strong> based on the strength, accessibility, and quality of the broker's offering.","<strong>Las puntuaciones se distribuyen entre subcategorías</strong> según la solidez, la accesibilidad y la calidad de la oferta del broker.",,Pendiente,
componentes/how-we-score-reviews,how-we-score-reviews,finalNotes.paragraphs[2],"<strong>While higher scores reflect better performance,</strong> lower scores typically result from slow processes, poor transparency, limited features, or inconsistent user experience.","<strong>Si bien las puntuaciones más altas reflejan un mejor rendimiento,</strong> las puntuaciones más bajas suelen deberse a procesos lentos, falta de transparencia, funciones limitadas o experiencia de usuario inconsistente.",,Pendiente,
componentes/how-we-score-reviews,how-we-score-reviews,finalNotes.paragraphs[3],"<strong>Whether you are a beginner or seasoned trader,</strong> our goal is to help you choose a broker with confidence backed by unbiased analysis and hands-on insight. While every trader's needs differ, our reviews aim to highlight the strengths and weaknesses across all broker types, giving you clarity, confidence, and control.","<strong>Tanto si eres un trader principiante como experimentado,</strong> nuestro objetivo es ayudarte a elegir un broker con confianza, respaldado por un análisis imparcial y conocimiento de primera mano. Aunque las necesidades de cada trader difieren, nuestras reseñas buscan destacar fortalezas y debilidades en todos los tipos de brokers, ofreciéndote claridad, confianza y control.",,Pendiente,
componentes/how-we-score-reviews,how-we-score-reviews,finalNotes.title,Final Notes,Notas finales,,Pendiente,
componentes/how-we-score-reviews,how-we-score-reviews,intro[0],"<strong>At FXStreet, we strive to offer an honest and impartial assessment of brokers you may be considering.</strong> Our reviews combine in-depth research with hands-on testing, reflecting the real-world experience of opening and using a brokerage account.","<strong>En FXStreet, nos esforzamos por ofrecer una evaluación honesta e imparcial de los brokers que puedas estar considerando.</strong> Nuestras reseñas combinan una investigación exhaustiva con pruebas prácticas, reflejando la experiencia real de abrir y utilizar una cuenta de corretaje.",,Pendiente,
componentes/how-we-score-reviews,how-we-score-reviews,intro[1],"<strong>We understand that every trader has different needs,</strong> so rather than assign a single overall score, we break down our reviews across six categories.<br/>Each of these is scored individually based on how well the broker performs in relevant subcategories.","<strong>Entendemos que cada trader tiene necesidades diferentes,</strong> por lo que, en lugar de asignar una puntuación global única, desglosamos nuestras reseñas en seis categorías.<br/>Cada una de ellas se puntúa individualmente según el rendimiento del broker en las subcategorías relevantes.",,Pendiente,
componentes/how-we-score-reviews,how-we-score-reviews,intro[2],"<strong>While brokers do pay to be reviewed, our analysts and writers work with full editorial independence.</strong> FXStreet has always taken the trader's side, and principles of accuracy, transparency, and objectivity guide our content. Our goal is to save you time and potential frustration by helping you find a broker that aligns with your needs before you commit your funds.","<strong>Aunque los brokers pagan para ser reseñados, nuestros analistas y redactores trabajan con plena independencia editorial.</strong> FXStreet siempre ha estado del lado del trader, y los principios de precisión, transparencia y objetividad guían nuestro contenido. Nuestro objetivo es ahorrarte tiempo y posibles frustraciones ayudándote a encontrar un broker que se ajuste a tus necesidades antes de comprometer tus fondos.",,Pendiente,
componentes/how-we-score-reviews,how-we-score-reviews,sections[0].closing,"Points are allocated depending on the breadth, speed, accessibility, and affordability of the broker's offering.","Los puntos se asignan en función de la amplitud, la velocidad, la accesibilidad y la asequibilidad de la oferta del broker.",,Pendiente,
componentes/how-we-score-reviews,how-we-score-reviews,sections[0].criteria[0].content,"Brokers offering multiple account types, including Islamic and demo accounts, with low or no minimum deposits score higher. Limited account types or high deposit requirements reduce the score.","Los brokers que ofrecen varios tipos de cuenta, incluidas cuentas islámicas y demo, con depósitos mínimos bajos o inexistentes obtienen puntuaciones más altas. Los tipos de cuenta limitados o requisitos de depósito elevados reducen la puntuación.",,Pendiente,
componentes/how-we-score-reviews,how-we-score-reviews,sections[0].criteria[0].title,Account Types & Minimum Deposit,Tipos de cuenta y depósito mínimo,,Pendiente,
componentes/how-we-score-reviews,how-we-score-reviews,sections[0].criteria[1].content,"Transparent brokers with low spreads, commissions, and swap rates, as well as minimal non-trading fees (inactivity, deposit, withdrawal) earn top marks. Higher or hidden costs lower the rating.","Los brokers transparentes con spreads, comisiones y tipos de swap bajos, así como comisiones mínimas no relacionadas con el trading (inactividad, depósito, retirada) obtienen las mejores calificaciones. Los costes más altos u ocultos reducen la valoración.",,Pendiente,
componentes/how-we-score-reviews,how-we-score-reviews,sections[0].criteria[1].title,Costs & Fees,Costes y comisiones,,Pendiente,
componentes/how-we-score-reviews,how-we-score-reviews,sections[0].criteria[2].content,"Points are awarded for accessible welcome offers, loyalty schemes, and achievable referral programs. A lack of promotions or unachievable terms will reduce scores.","Se otorgan puntos por ofertas de bienvenida accesibles, programas de fidelización y programas de referidos alcanzables. La falta de promociones o condiciones inalcanzables reducirá las puntuaciones.",,Pendiente,
componentes/how-we-score-reviews,how-we-score-reviews,sections[0].criteria[2].title,Bonuses & Promotions,Bonificaciones y promociones,,Pendiente,
componentes/how-we-score-reviews,how-we-score-reviews,sections[0].criteria[3].content,"Brokers that offer fast, diverse, low-cost funding and withdrawal methods in multiple currencies rate higher. Delays, restrictions, high fees, or limited options result in a lower score.","Los brokers que ofrecen métodos de financiación y retirada rápidos, diversos y de bajo coste en varias divisas obtienen puntuaciones más altas. Los retrasos, restricciones, comisiones elevadas u opciones limitadas resultan en una puntuación más baja.",,Pendiente,
componentes/how-we-score-reviews,how-we-score-reviews,sections[0].criteria[3].title,Depositing & Withdrawing Ease,Facilidad de depósitos y retiradas,,Pendiente,
componentes/how-we-score-reviews,how-we-score-reviews,sections[0].paragraphs[0],"We assess the cost, flexibility, and ease of setting up and funding an account. The less friction involved, the higher the score. Key criteria include:","Evaluamos el coste, la flexibilidad y la facilidad de abrir y financiar una cuenta. Cuanto menos fricción haya, mayor será la puntuación. Los criterios clave incluyen:",,Pendiente,
componentes/how-we-score-reviews,how-we-score-reviews,sections[0].title,Account Conditions,Condiciones de la cuenta,,Pendiente,
componentes/how-we-score-reviews,how-we-score-reviews,sections[1].closing,"Scores are determined based on range, flexibility, and real-time test performance.","Las puntuaciones se determinan en función del rango, la flexibilidad y el rendimiento de las pruebas en tiempo real.",,Pendiente,
componentes/how-we-score-reviews,how-we-score-reviews,sections[1].criteria[0].content,"A broader range of tradable markets (e.g., FX, indices, commodities, crypto, CFDs, futures, ETFs) and instruments available within them earn more points. A limited offering will reduce the score.","Una gama más amplia de mercados negociables (p. ej., FX, índices, materias primas, cripto, CFD, futuros, ETF) e instrumentos disponibles dentro de ellos otorgan más puntos. Una oferta limitada reducirá la puntuación.",,Pendiente,
componentes/how-we-score-reviews,how-we-score-reviews,sections[1].criteria[0].title,Asset & Instrument Variety,Variedad de activos e instrumentos,,Pendiente,
componentes/how-we-score-reviews,how-we-score-reviews,sections[1].criteria[1].content,"High but responsibly managed leverage, adjusted for regulatory regions, is rewarded. Minimal or no leverage options score lower.","Un apalancamiento alto pero gestionado de forma responsable, ajustado a las regiones regulatorias, es recompensado. Las opciones de apalancamiento mínimas o inexistentes obtienen puntuaciones más bajas.",,Pendiente,
componentes/how-we-score-reviews,how-we-score-reviews,sections[1].criteria[1].title,Leverage,Apalancamiento,,Pendiente,
componentes/how-we-score-reviews,how-we-score-reviews,sections[1].criteria[2].content,"We perform <strong>real account testing</strong> across multiple asset classes to evaluate how a broker handles trade execution in real conditions. This includes a detailed assessment of <strong>transparency, order types, execution speed, and performance.</strong>","Realizamos <strong>pruebas con cuentas reales</strong> en múltiples clases de activos para evaluar cómo gestiona un broker la ejecución de operaciones en condiciones reales. Esto incluye una evaluación detallada de la <strong>transparencia, los tipos de orden, la velocidad de ejecución y el rendimiento.</strong>",,Pendiente,
componentes/how-we-score-reviews,how-we-score-reviews,sections[1].criteria[2].followUp[0],"We test for <strong>slippage, order rejections, and spread consistency.</strong> Brokers using transparent ECN or DMA models with a wide range of advanced order types, such as trailing stops or bracket orders, are rated more favorably.","Probamos el <strong>deslizamiento, los rechazos de órdenes y la consistencia del spread.</strong> Los brokers que utilizan modelos ECN o DMA transparentes con una amplia gama de tipos de orden avanzados, como trailing stops u órdenes bracket, obtienen valoraciones más favorables.",,Pendiente,
componentes/how-we-score-reviews,how-we-score-reviews,sections[1].criteria[2].followUp[1],"We also examine whether trades are filled promptly and at the expected prices, particularly during <strong>high-volume sessions.</strong> Those that experience delays, <strong>poor fill accuracy, frequent requotes, or widening spreads</strong> during stable market conditions will see their scores impacted accordingly.","También examinamos si las operaciones se ejecutan con prontitud y a los precios esperados, especialmente durante <strong>sesiones de alto volumen.</strong> Aquellos que experimentan retrasos, <strong>mala precisión de ejecución, requotes frecuentes o ampliación de spreads</strong> en condiciones de mercado estables verán afectadas sus puntuaciones en consecuencia.",,Pendiente,
componentes/how-we-score-reviews,how-we-score-reviews,sections[1].criteria[2].followUp[2],This scoring is entirely experimental and based on actual trading experience.,Esta puntuación es enteramente experimental y se basa en la experiencia real de trading.,,Pendiente,
componentes/how-we-score-reviews,how-we-score-reviews,sections[1].criteria[2].title,Execution Quality,Calidad de ejecución,,Pendiente,
componentes/how-we-score-reviews,how-we-score-reviews,sections[1].criteria[3].content,"Brokers that allow hedging, scalping, and algorithmic trading earn additional points. Restrictions on these features may result in a lower score.","Los brokers que permiten cobertura, scalping y trading algorítmico obtienen puntos adicionales. Las restricciones en estas funciones pueden resultar en una puntuación más baja.",,Pendiente,
componentes/how-we-score-reviews,how-we-score-reviews,sections[1].criteria[3].title,Trading Conditions,Condiciones de trading,,Pendiente,
componentes/how-we-score-reviews,how-we-score-reviews,sections[1].paragraphs[0],"We review the broker's trading environment, flexibility, and execution performance:","Revisamos el entorno de trading del broker, su flexibilidad y el rendimiento de ejecución:",,Pendiente,
componentes/how-we-score-reviews,how-we-score-reviews,sections[1].title,Trading Settings,Configuración de trading,,Pendiente,
componentes/how-we-score-reviews,how-we-score-reviews,sections[2].closing,"Points are assigned based on variety, usefulness, and quality of available tools and content.","Los puntos se asignan según la variedad, la utilidad y la calidad de las herramientas y el contenido disponibles.",,Pendiente,
componentes/how-we-score-reviews,how-we-score-reviews,sections[2].criteria[0].content,"MT4/5, cTrader, TradingView, and in-house platforms are scored on customization, speed, and usability. Outdated or clunky platforms with limited features receive lower scores.","MT4/5, cTrader, TradingView y plataformas propias se puntúan según personalización, velocidad y usabilidad. Las plataformas obsoletas o poco ágiles con funciones limitadas reciben puntuaciones más bajas.",,Pendiente,
componentes/how-we-score-reviews,how-we-score-reviews,sections[2].criteria[0].title,Trading Platforms,Plataformas de trading,,Pendiente,
componentes/how-we-score-reviews,how-we-score-reviews,sections[2].criteria[1].content,"Tools that support copy trading and capital management, such as PAMM or MAM accounts, are evaluated based on their integration and management capabilities. Brokers offering proprietary or in-house solutions receive higher scores due to <strong>greater oversight and control</strong> of performance and risk.","Las herramientas que admiten copy trading y gestión de capital, como cuentas PAMM o MAM, se evalúan según su integración y capacidades de gestión. Los brokers que ofrecen soluciones propias o internas reciben puntuaciones más altas debido a una <strong>mayor supervisión y control</strong> del rendimiento y el riesgo.",,Pendiente,
componentes/how-we-score-reviews,how-we-score-reviews,sections[2].criteria[1].followUp[0],"Third-party integrations, while still valuable, typically score lower because the broker has limited influence over the quality of fund management. Brokers without these tools, or with poor integration, are rated lower.","Las integraciones de terceros, aunque valiosas, suelen puntuar más bajo porque el broker tiene influencia limitada sobre la calidad de la gestión de fondos. Los brokers sin estas herramientas, o con mala integración, obtienen valoraciones más bajas.",,Pendiente,
componentes/how-we-score-reviews,how-we-score-reviews,sections[2].criteria[1].title,Copy Trading & PAMM/MAM,Copy trading y PAMM/MAM,,Pendiente,
componentes/how-we-score-reviews,how-we-score-reviews,sections[2].criteria[2].content,"Regular webinars, in-depth tutorials, and comprehensive written guides are all positively rated. Limited, outdated, or low-quality content lowers the score.","Los webinars regulares, tutoriales en profundidad y guías escritas completas se valoran positivamente. El contenido limitado, obsoleto o de baja calidad reduce la puntuación.",,Pendiente,
componentes/how-we-score-reviews,how-we-score-reviews,sections[2].criteria[2].title,Education,Formación,,Pendiente,
componentes/how-we-score-reviews,how-we-score-reviews,sections[2].criteria[3].content,"Brokers offering calendars, sentiment indicators, calculators, VPS, and news feeds receive the highest scores. Missing tools or limited functionality result in reduced points.","Los brokers que ofrecen calendarios, indicadores de sentimiento, calculadoras, VPS y feeds de noticias reciben las puntuaciones más altas. La falta de herramientas o funcionalidad limitada resulta en puntos reducidos.",,Pendiente,
componentes/how-we-score-reviews,how-we-score-reviews,sections[2].criteria[3].title,Trader Tools,Herramientas para traders,,Pendiente,
componentes/how-we-score-reviews,how-we-score-reviews,sections[2].paragraphs[0],"We assess how well a broker supports a trader's journey with platforms, tools, and education:","Evaluamos qué tan bien apoya un broker el recorrido del trader con plataformas, herramientas y formación:",,Pendiente,
componentes/how-we-score-reviews,how-we-score-reviews,sections[2].title,Tools & Resources,Herramientas y recursos,,Pendiente,
componentes/how-we-score-reviews,how-we-score-reviews,sections[3].closing,"Points are allocated based on transparency, credibility, and investor safety.","Los puntos se asignan según la transparencia, la credibilidad y la seguridad del inversor.",,Pendiente,
componentes/how-we-score-reviews,how-we-score-reviews,sections[3].criteria[0].content[0],"Regulation is one of the most important signals of trust. We evaluate the quality and number of regulatory licenses a broker holds, placing the most emphasis on Tier 1 regulators such as those in the <strong>UK, US, EU, Australia, and Japan.</strong>","La regulación es una de las señales de confianza más importantes. Evaluamos la calidad y el número de licencias regulatorias que posee un broker, con mayor énfasis en reguladores de Nivel 1 como los del <strong>Reino Unido, EE. UU., UE, Australia y Japón.</strong>",,Pendiente,
componentes/how-we-score-reviews,how-we-score-reviews,sections[3].criteria[0].content[1],"Brokers licensed by multiple top-tier authorities score highest. Approval from only one major regulator can still be viewed positively, while regulation from emerging market jurisdictions earns moderate recognition. Brokers with minimal or no regulatory oversight receive lower trust scores","Los brokers autorizados por múltiples autoridades de primer nivel obtienen las puntuaciones más altas. La aprobación de un solo regulador importante aún puede valorarse positivamente, mientras que la regulación de jurisdicciones de mercados emergentes recibe un reconocimiento moderado. Los brokers con supervisión regulatoria mínima o inexistente reciben puntuaciones de confianza más bajas",,Pendiente,
componentes/how-we-score-reviews,how-we-score-reviews,sections[3].criteria[0].title,Regulatory Tiers,Niveles regulatorios,,Pendiente,
componentes/how-we-score-reviews,how-we-score-reviews,sections[3].criteria[1].content,Brokers with no warnings or unresolved issues score higher. Multiple or major unresolved alerts significantly lower scores.,Los brokers sin advertencias o problemas sin resolver obtienen puntuaciones más altas. Múltiples alertas importantes sin resolver reducen significativamente las puntuaciones.,,Pendiente,
componentes/how-we-score-reviews,how-we-score-reviews,sections[3].criteria[1].title,Regulatory Alerts,Alertas regulatorias,,Pendiente,
componentes/how-we-score-reviews,how-we-score-reviews,sections[3].criteria[2].content,"Negative balance protection, segregated funds, and compensation schemes all add points. The absence of these protections results in a lower score.","La protección de saldo negativo, los fondos segregados y los esquemas de compensación suman puntos. La ausencia de estas protecciones resulta en una puntuación más baja.",,Pendiente,
componentes/how-we-score-reviews,how-we-score-reviews,sections[3].criteria[2].title,Client Protections,Protecciones al cliente,,Pendiente,
componentes/how-we-score-reviews,how-we-score-reviews,sections[3].criteria[3].content[0],"This score reflects FXStreet's editorial opinion, alongside aggregated feedback from respected platforms such as ForexPeaceArmy, Trustpilot, and others. We consider the overall sentiment of user reviews, any unresolved regulatory complaints, and our own experience from the hands-on testing process.","Esta puntuación refleja la opinión editorial de FXStreet, junto con comentarios agregados de plataformas respetadas como ForexPeaceArmy, Trustpilot y otras. Consideramos el sentimiento general de las reseñas de usuarios, cualquier queja regulatoria sin resolver y nuestra propia experiencia del proceso de pruebas prácticas.",,Pendiente,
componentes/how-we-score-reviews,how-we-score-reviews,sections[3].criteria[3].content[1],"<strong>Consistent positive feedback and transparency are rewarded</strong>, while poor user experiences or unresolved issues result in a reduced score.","<strong>La retroalimentación positiva constante y la transparencia son recompensadas</strong>, mientras que las malas experiencias de usuario o problemas sin resolver resultan en una puntuación reducida.",,Pendiente,
componentes/how-we-score-reviews,how-we-score-reviews,sections[3].criteria[3].title,Reputation,Reputación,,Pendiente,
componentes/how-we-score-reviews,how-we-score-reviews,sections[3].criteria[4].content,"We assess a broker's long-term operational track record and consistency. Brokers with many years in business and a stable brand identity tend to inspire greater trust. A long history of uninterrupted operations and minimal name changes is viewed positively, as it signals <strong>reliability and resilience</strong>. Those with multiple name changes in a short period score lower.","Evaluamos el historial operativo a largo plazo y la consistencia de un broker. Los brokers con muchos años en el negocio y una identidad de marca estable tienden a inspirar mayor confianza. Un largo historial de operaciones ininterrumpidas y cambios mínimos de nombre se valora positivamente, ya que señala <strong>fiabilidad y resiliencia</strong>. Aquellos con múltiples cambios de nombre en un período corto obtienen puntuaciones más bajas.",,Pendiente,
componentes/how-we-score-reviews,how-we-score-reviews,sections[3].criteria[4].title,Stability,Estabilidad,,Pendiente,
componentes/how-we-score-reviews,how-we-score-reviews,sections[3].paragraphs[0],"This is our most heavily weighted category. We assess regulation, safety, and reputation:","Esta es nuestra categoría con mayor peso. Evaluamos la regulación, la seguridad y la reputación:",,Pendiente,
componentes/how-we-score-reviews,how-we-score-reviews,sections[3].title,Trust,Confianza,,Pendiente,
componentes/how-we-score-reviews,how-we-score-reviews,sections[4].closing,"Scoring is based on the breadth, accessibility, and effectiveness of customer service.","La puntuación se basa en la amplitud, la accesibilidad y la eficacia del servicio al cliente.",,Pendiente,
componentes/how-we-score-reviews,how-we-score-reviews,sections[4].criteria[0].content,"Brokers offering multilingual support score higher. Each supported language adds value, especially when handled by fluent human agents rather than automated translations. Higher marks are awarded for support in widely used languages such as English, Spanish, and Arabic as these reflect broader accessibility and global trader reach.","Los brokers que ofrecen soporte multilingüe obtienen puntuaciones más altas. Cada idioma admitido aporta valor, especialmente cuando es gestionado por agentes humanos fluidos en lugar de traducciones automatizadas. Se otorgan mejores calificaciones por soporte en idiomas ampliamente utilizados como inglés, español y árabe, ya que reflejan una mayor accesibilidad y alcance global del trader.",,Pendiente,
componentes/how-we-score-reviews,how-we-score-reviews,sections[4].criteria[0].title,Languages,Idiomas,,Pendiente,
componentes/how-we-score-reviews,how-we-score-reviews,sections[4].criteria[1].content,"A wider variety of contact methods, including live chat, email, phone, and social media, earns higher scores. Brokers with limited or outdated communication options score lower.","Una mayor variedad de métodos de contacto, incluidos chat en vivo, correo electrónico, teléfono y redes sociales, otorga puntuaciones más altas. Los brokers con opciones de comunicación limitadas u obsoletas obtienen puntuaciones más bajas.",,Pendiente,
componentes/how-we-score-reviews,how-we-score-reviews,sections[4].criteria[1].title,Support Channels,Canales de soporte,,Pendiente,
componentes/how-we-score-reviews,how-we-score-reviews,sections[4].criteria[2].content,Brokers offering 24/7 customer support are rated highest. Reduced scores are given when support is limited to business hours or doesn't align with major global trading sessions.,Los brokers que ofrecen atención al cliente 24/7 obtienen las puntuaciones más altas. Se otorgan puntuaciones reducidas cuando el soporte se limita al horario comercial o no se alinea con las principales sesiones globales de trading.,,Pendiente,
componentes/how-we-score-reviews,how-we-score-reviews,sections[4].criteria[2].title,Support Schedule,Horario de soporte,,Pendiente,
componentes/how-we-score-reviews,how-we-score-reviews,sections[4].criteria[3].content,"We submit real queries and time the responses. Fast replies, particularly within minutes, score highest, while delays of over a day result in lower scores.","Enviamos consultas reales y medimos los tiempos de respuesta. Las respuestas rápidas, especialmente en cuestión de minutos, obtienen las puntuaciones más altas, mientras que retrasos de más de un día resultan en puntuaciones más bajas.",,Pendiente,
componentes/how-we-score-reviews,how-we-score-reviews,sections[4].criteria[3].title,Response Times,Tiempos de respuesta,,Pendiente,
componentes/how-we-score-reviews,how-we-score-reviews,sections[4].criteria[4].content,"The quality of the support matters. Clear, helpful, and accurate responses that resolve the issue earn top marks. Generic, unhelpful, or incorrect answers reduce the score.","La calidad del soporte importa. Las respuestas claras, útiles y precisas que resuelven el problema obtienen las mejores calificaciones. Las respuestas genéricas, poco útiles o incorrectas reducen la puntuación.",,Pendiente,
componentes/how-we-score-reviews,how-we-score-reviews,sections[4].criteria[4].title,Usefulness,Utilidad,,Pendiente,
componentes/how-we-score-reviews,how-we-score-reviews,sections[4].paragraphs[0],"We evaluate the quality, reach, and responsiveness of the broker's support team:","Evaluamos la calidad, el alcance y la capacidad de respuesta del equipo de soporte del broker:",,Pendiente,
componentes/how-we-score-reviews,how-we-score-reviews,sections[4].title,Customer Support,Atención al cliente,,Pendiente,
componentes/how-we-score-reviews,how-we-score-reviews,sections[5].closing,"Scores are awarded based on user-friendliness, accessibility, and consistency across devices.","Las puntuaciones se otorgan según la facilidad de uso, la accesibilidad y la consistencia entre dispositivos.",,Pendiente,
componentes/how-we-score-reviews,how-we-score-reviews,sections[5].criteria[0].content,"Clean design, fast performance, and well-organized content. Slow or outdated websites reduce the score.","Diseño limpio, rendimiento rápido y contenido bien organizado. Los sitios web lentos u obsoletos reducen la puntuación.",,Pendiente,
componentes/how-we-score-reviews,how-we-score-reviews,sections[5].criteria[0].title,Website & Navigation,Sitio web y navegación,,Pendiente,
componentes/how-we-score-reviews,how-we-score-reviews,sections[5].criteria[1].content,"Fast, digital onboarding processes get higher marks. Complicated or manual processes reduce the score.",Los procesos de incorporación digitales y rápidos obtienen mejores calificaciones. Los procesos complicados o manuales reducen la puntuación.,,Pendiente,
componentes/how-we-score-reviews,how-we-score-reviews,sections[5].criteria[1].title,Account Opening,Apertura de cuenta,,Pendiente,
componentes/how-we-score-reviews,how-we-score-reviews,sections[5].criteria[2].content,"A well-structured, customisable platform earns more points. Poorly designed, inflexible platforms score lower.",Una plataforma bien estructurada y personalizable obtiene más puntos. Las plataformas mal diseñadas e inflexibles obtienen puntuaciones más bajas.,,Pendiente,
componentes/how-we-score-reviews,how-we-score-reviews,sections[5].criteria[2].title,Platform Interface,Interfaz de la plataforma,,Pendiente,
componentes/how-we-score-reviews,how-we-score-reviews,sections[5].criteria[3].content,"Apps that mirror the full platform experience are rewarded. Basic, slow, or unstable apps lose marks.","Las aplicaciones que replican la experiencia completa de la plataforma son recompensadas. Las aplicaciones básicas, lentas o inestables pierden puntos.",,Pendiente,
componentes/how-we-score-reviews,how-we-score-reviews,sections[5].criteria[3].title,Mobile App,Aplicación móvil,,Pendiente,
componentes/how-we-score-reviews,how-we-score-reviews,sections[5].paragraphs[0],We score how smooth and intuitive the overall experience is:,Puntuamos qué tan fluida e intuitiva es la experiencia general:,,Pendiente,
componentes/how-we-score-reviews,how-we-score-reviews,sections[5].title,User Experience,Experiencia de usuario,,Pendiente,
componentes/how-we-score-reviews,how-we-score-reviews,seo.description,FXStreet aims to provide an honest and impartial broker review. Here is how we analyze every aspect a trader might consider when selecting a broker.,FXStreet aspira a ofrecer una reseña de brokers honesta e imparcial. Aquí explicamos cómo analizamos cada aspecto que un trader puede considerar al seleccionar un broker.,,Pendiente,
componentes/how-we-score-reviews,how-we-score-reviews,seo.title,How does FXStreet review brokers,Cómo revisa FXStreet a los brokers,,Pendiente,
componentes/how-we-score-reviews,how-we-score-reviews,title,How does FXStreet review and score brokers?,¿Cómo revisa y califica FXStreet a los brokers?,,Pendiente,
componentes/premium-terms-and-conditions,premium-terms-and-conditions,availabilityOfOurServices.paragraphs[0],"Our Services may be interrupted, including for maintenance, upgrades, or network or equipment failures. We may discontinue some or all of our Services, including certain features and the support for certain devices and platforms, at any time.","Nuestros Servicios pueden interrumpirse, incluso por mantenimiento, actualizaciones o fallas en la red o el equipo. Podemos descontinuar algunos o todos nuestros Servicios, incluidas ciertas características y el soporte para ciertos dispositivos y plataformas, en cualquier momento.",,Pendiente,
componentes/premium-terms-and-conditions,premium-terms-and-conditions,availabilityOfOurServices.paragraphs[1],"We may modify, suspend, or terminate your access to or use of our Services anytime for any reason, such as if you violate the letter or spirit of our Terms or create harm, risk, or possible legal exposure for FXStreet Premium.","Podemos modificar, suspender o terminar su acceso o uso de nuestros Servicios en cualquier momento y por cualquier motivo, por ejemplo, si viola la letra o el espíritu de nuestros Términos o crea daño, riesgo o posible exposición legal para FXStreet Premium.",,Pendiente,
componentes/premium-terms-and-conditions,premium-terms-and-conditions,availabilityOfOurServices.title,Availability of Our Services,Disponibilidad de nuestros servicios,,Pendiente,
componentes/premium-terms-and-conditions,premium-terms-and-conditions,disclaimersAndLimitations.paragraphs[0],"<strong>Disclaimers.</strong>&nbsp;<span class='uppercase'>THE COMPANY DOES NOT WARRANT THAT ANY INFORMATION PROVIDED BY US IS ACCURATE, COMPLETE, OR USEFUL, THAT OUR SERVICES WILL BE OPERATIONAL, ERROR-FREE, SECURE, OR SAFE, OR THAT OUR SERVICES WILL FUNCTION WITHOUT DISRUPTIONS, DELAYS, OR IMPERFECTIONS. WE DO NOT CONTROL, AND ARE NOT RESPONSIBLE FOR, CONTROLLING HOW OR WHEN OUR USERS USE OUR SERVICES. WE ARE NOT RESPONSIBLE FOR THE ACTIONS OR INFORMATION (INCLUDING CONTENT) OF OUR USERS OR OTHER THIRD PARTIES.</span>","<strong>Descargos de responsabilidad.</strong>&nbsp;<span class='uppercase'>LA COMPAÑÍA NO GARANTIZA QUE CUALQUIER INFORMACIÓN PROPORCIONADA POR NOSOTROS SEA EXACTA, COMPLETA O ÚTIL, QUE NUESTROS SERVICIOS ESTÉN OPERATIVOS, LIBRES DE ERRORES, SEGUROS O A SALVO, O QUE NUESTROS SERVICIOS FUNCIONEN SIN INTERRUPCIONES, RETRASOS O IMPERFECCIONES. NO CONTROLAMOS, Y NO SOMOS RESPONSABLES DE CONTROLAR, CÓMO O CUÁNDO NUESTROS USUARIOS UTILIZAN NUESTROS SERVICIOS. NO SOMOS RESPONSABLES DE LAS ACCIONES O LA INFORMACIÓN (INCLUIDO EL CONTENIDO) DE NUESTROS USUARIOS U OTROS TERCEROS.</span>",,Pendiente,
componentes/premium-terms-and-conditions,premium-terms-and-conditions,disclaimersAndLimitations.paragraphs[1],"<strong>Limitation of liability.</strong>&nbsp;<span class='uppercase'>THE COMPANY WILL NOT BE LIABLE TO YOU FOR ANY LOST PROFITS OR CONSEQUENTIAL, SPECIAL, PUNITIVE, INDIRECT, OR INCIDENTAL DAMAGES RELATING TO, ARISING OUT OF, OR IN ANY WAY IN CONNECTION WITH OUR TERMS, US, OR OUR SERVICES, EVEN IF THE SIGNALS PARTIES HAVE BEEN ADVISED OF THE POSSIBILITY OF SUCH DAMAGES.</span>","<strong>Limitación de responsabilidad.</strong>&nbsp;<span class='uppercase'>LA COMPAÑÍA NO SERÁ RESPONSABLE ANTE USTED POR NINGÚN LUCRO CESANTE O DAÑOS CONSECUENTES, ESPECIALES, PUNITIVOS, INDIRECTOS O INCIDENTALES RELACIONADOS CON, QUE SURJAN DE O EN CUALQUIER FORMA EN CONEXIÓN CON NUESTROS TÉRMINOS, NOSOTROS O NUESTROS SERVICIOS, INCLUSO SI LAS PARTES DE LAS SEÑALES HAN SIDO ADVERTIDAS DE LA POSIBILIDAD DE TALES DAÑOS.</span>",,Pendiente,
componentes/premium-terms-and-conditions,premium-terms-and-conditions,disclaimersAndLimitations.title,Disclaimers and Limitations,Descargos de responsabilidad y limitaciones,,Pendiente,
componentes/premium-terms-and-conditions,premium-terms-and-conditions,generalTermsOfUse.paragraphs[0],By using FXStreet Premium you agree to the privacy policy and terms of use stated below.,"Al utilizar FXStreet Premium, usted acepta la política de privacidad y los términos de uso que se indican a continuación.",,Pendiente,
componentes/premium-terms-and-conditions,premium-terms-and-conditions,generalTermsOfUse.paragraphs[10],"We reserve the right, at any time and for any reason, to discontinue, redesign, modify, enhance, change, patch the software and/or the Services including without limitation, the structure, specifications, 'look and feel,' navigation, features and other elements of the Software and/or the Services or any part thereof. Furthermore, We are not obligated to update the information displayed on our website at any time and we will not be liable for the termination, interruption, delay or inaccuracy of any Market Information.","Nos reservamos el derecho, en cualquier momento y por cualquier motivo, de discontinuar, rediseñar, modificar, mejorar, cambiar o parchear el software y/o los Servicios, incluidos, entre otros, la estructura, especificaciones, el 'aspecto y sensación', la navegación, las características y otros elementos del Software y/o los Servicios o cualquier parte de los mismos. Además, no estamos obligados a actualizar la información mostrada en nuestro sitio web en ningún momento y no seremos responsables por la terminación, interrupción, demora o inexactitud de cualquier Información de Mercado.",,Pendiente,
componentes/premium-terms-and-conditions,premium-terms-and-conditions,generalTermsOfUse.paragraphs[11],"The financial information we post on our website is provided by us for the benefit or our users and as such you undertake not to enable deep linking or any other form of redistribution or reuse of the information, to any non-authorized users.","La información financiera que publicamos en nuestro sitio web la proporcionamos para el beneficio de nuestros usuarios y, como tal, usted se compromete a no habilitar enlaces profundos ni ninguna otra forma de redistribución o reutilización de la información a usuarios no autorizados.",,Pendiente,
componentes/premium-terms-and-conditions,premium-terms-and-conditions,generalTermsOfUse.paragraphs[1],"Please read this document carefully. It details the services which we will provide and it sets out the obligations and rights applying between you and ForexStreet S.L.U. If there is anything in this document that you do not understand or with which you do not agree, do not use our Services.","Por favor, lea este documento detenidamente. Detalla los servicios que brindaremos y establece las obligaciones y derechos que se aplican entre usted y ForexStreet S.L.U. Si hay algo en este documento que no entiende o con lo que no está de acuerdo, no utilice nuestros Servicios.",,Pendiente,
componentes/premium-terms-and-conditions,premium-terms-and-conditions,generalTermsOfUse.paragraphs[2],The Company uses a Discord server through which FXS Analysts do not offer financial advice or personal recommendations but rather their real-time market view and comments on potential upcoming scenarios. Their insights should be used as a complement to your own research.,"La Compañía utiliza un servidor de Discord a través del cual los Analistas de FXS no ofrecen asesoramiento financiero ni recomendaciones personales, sino su visión del mercado en tiempo real y comentarios sobre posibles escenarios futuros. Sus conocimientos deben utilizarse como complemento a su propia investigación.",,Pendiente,
componentes/premium-terms-and-conditions,premium-terms-and-conditions,generalTermsOfUse.paragraphs[3],The Company provides generic information to its subscribers and it is strongly advised that the client(s) should consult with a Financial Advisor before proceeding to copy the Company's trades.,La Compañía proporciona información genérica a sus suscriptores y se recomienda encarecidamente que los clientes consulten con un Asesor Financiero antes de proceder a copiar las operaciones de la Compañía.,,Pendiente,
componentes/premium-terms-and-conditions,premium-terms-and-conditions,generalTermsOfUse.paragraphs[4],"While all information posted is believed to come from reliable sources, the Company does not guarantee the accuracy, correctness, or completeness of information available from its service and therefore will not be liable for any loss incurred.","Si bien se cree que toda la información publicada proviene de fuentes confiables, la Compañía no garantiza la exactitud, corrección o integridad de la información disponible en su servicio y, por lo tanto, no será responsable de ninguna pérdida incurrida.",,Pendiente,
componentes/premium-terms-and-conditions,premium-terms-and-conditions,generalTermsOfUse.paragraphs[5],"FXStreet Premium Service does not provide investment advice, nor provide any personalized investment recommendations and/or advice in making a decision to trade.","El Servicio FXStreet Premium no proporciona asesoramiento de inversión, ni proporciona recomendaciones y/o asesoramiento de inversión personalizados para tomar una decisión sobre operar.",,Pendiente,
componentes/premium-terms-and-conditions,premium-terms-and-conditions,generalTermsOfUse.paragraphs[6],"No guarantee is made that any user of this service will or is likely to achieve results advised by the widget. There is often a large difference between theoretical performance and the actual results later reached by any trading platform. There are many influencing factors related to either the market, in general, or to the specific implementation of any signals which can affect actual trading buy/sell results.",No se garantiza que ningún usuario de este servicio logre o sea probable que logre los resultados recomendados por el widget. A menudo existe una gran diferencia entre el rendimiento teórico y los resultados reales alcanzados posteriormente por cualquier plataforma de negociación. Existen muchos factores influyentes relacionados con el mercado en general o con la implementación específica de cualquier señal que pueda afectar los resultados reales de compra/venta.,,Pendiente,
componentes/premium-terms-and-conditions,premium-terms-and-conditions,generalTermsOfUse.paragraphs[7],"Before you start trading, please make sure you have considered your entire financial situation, including financial commitments and you understand that trading is highly speculative and that you could sustain significant losses.","Antes de comenzar a operar, asegúrese de haber considerado toda su situación financiera, incluidos los compromisos financieros, y comprenda que operar es altamente especulativo y que podría sufrir pérdidas significativas.",,Pendiente,
componentes/premium-terms-and-conditions,premium-terms-and-conditions,generalTermsOfUse.paragraphs[8],"The Company will not be liable for the acts, omissions or with regards to delay or non-delivery of any means of notifications in regards to signals alerts or calendar event alerts. It should not be presumed that the methods, techniques, or indicators presented on this widget will result in profits or that they will not result in losses. The advice given on the service are for informative purposes only. These setups are not of any order to buy or sell. The Company takes no responsibility for your trading activity and results. Past results are not necessarily indicative of future results.","La Compañía no será responsable por los actos, omisiones o en relación con la demora o falta de entrega de cualquier medio de notificación en lo que respecta a alertas de señales o alertas de eventos del calendario. No se debe suponer que los métodos, técnicas o indicadores presentados en este widget darán como resultado ganancias o que no resultarán en pérdidas. Los consejos dados en el servicio son únicamente para fines informativos. Estas configuraciones no son de ninguna orden de compra o venta. La Compañía no asume ninguna responsabilidad por su actividad comercial y sus resultados. Los resultados pasados no son necesariamente indicativos de resultados futuros.",,Pendiente,
componentes/premium-terms-and-conditions,premium-terms-and-conditions,generalTermsOfUse.paragraphs[9],"This service may contain certain historical information. Historical information, necessarily, is not current and is provided for your reference only. We reserve the right to modify the contents of this information at any time, but we have no obligation to update any information on our service. You agree that it is your responsibility to monitor changes to our service.","Este servicio puede contener cierta información histórica. La información histórica, necesariamente, no está actualizada y se proporciona solo para su referencia. Nos reservamos el derecho de modificar el contenido de esta información en cualquier momento, pero no tenemos la obligación de actualizar ninguna información en nuestro servicio. Usted acepta que es su responsabilidad monitorear los cambios en nuestro servicio.",,Pendiente,
componentes/premium-terms-and-conditions,premium-terms-and-conditions,generalTermsOfUse.title,General Terms of Use,Términos Generales de Uso,,Pendiente,
componentes/premium-terms-and-conditions,premium-terms-and-conditions,noPrivateSolicitationPolicy.bulletPoints[0],We <strong>do not</strong> conduct private solicitations.,<strong>No</strong> realizamos solicitudes privadas.,,Pendiente,
componentes/premium-terms-and-conditions,premium-terms-and-conditions,noPrivateSolicitationPolicy.bulletPoints[1],"Any communication requesting money outside our official website (<strong><a target=""_new"" rel=""noopener"" class=""decoration-main-primary !text-body-md text-neutral-primary active:text-main-primary focus:text-main-primary hover:text-main-primary data-[disabled=true]:text-neutral-disabled data-[disabled=true]:decoration-main-disabled focus-visible:ring-border-main-focus inline-flex items-center gap-2 leading-5 underline decoration-solid decoration-[0.075rem] underline-offset-[4px] focus-visible:rounded-md focus-visible:p-2 focus-visible:ring-2"" href=""http://www.premium-checkout.com"">www.premium-checkout.com</a></strong>) is fraudulent.","Cualquier comunicación que solicite dinero fuera de nuestro sitio web oficial (<strong><a target=""_new"" rel=""noopener"" class=""decoration-main-primary !text-body-md text-neutral-primary active:text-main-primary focus:text-main-primary hover:text-main-primary data-[disabled=true]:text-neutral-disabled data-[disabled=true]:decoration-main-disabled focus-visible:ring-border-main-focus inline-flex items-center gap-2 leading-5 underline decoration-solid decoration-[0.075rem] underline-offset-[4px] focus-visible:rounded-md focus-visible:p-2 focus-visible:ring-2"" href=""http://www.premium-checkout.com"">www.premium-checkout.com</a></strong>) es fraudulenta.",,Pendiente,
componentes/premium-terms-and-conditions,premium-terms-and-conditions,noPrivateSolicitationPolicy.bulletPoints[2],"<strong>Do not engage</strong> with such messages — protect yourself and report any suspicious contact to <strong><a rel=""noopener"" class=""decoration-main-primary !text-body-md text-neutral-primary active:text-main-primary focus:text-main-primary hover:text-main-primary data-[disabled=true]:text-neutral-disabled data-[disabled=true]:decoration-main-disabled focus-visible:ring-border-main-focus inline-flex cursor-pointer items-center gap-2 leading-5 underline decoration-solid decoration-[0.075rem] underline-offset-[4px] focus-visible:rounded-md focus-visible:p-2 focus-visible:ring-2"" href=""mailto:admin@premium-checkout.com"">admin@premium-checkout.com</a></strong>.","<strong>No interactúe</strong> con tales mensajes — protéjase e informe de cualquier contacto sospechoso a <strong><a rel=""noopener"" class=""decoration-main-primary !text-body-md text-neutral-primary active:text-main-primary focus:text-main-primary hover:text-main-primary data-[disabled=true]:text-neutral-disabled data-[disabled=true]:decoration-main-disabled focus-visible:ring-border-main-focus inline-flex cursor-pointer items-center gap-2 leading-5 underline decoration-solid decoration-[0.075rem] underline-offset-[4px] focus-visible:rounded-md focus-visible:p-2 focus-visible:ring-2"" href=""mailto:admin@premium-checkout.com"">admin@premium-checkout.com</a></strong>.",,Pendiente,
componentes/premium-terms-and-conditions,premium-terms-and-conditions,noPrivateSolicitationPolicy.closing,Stay safe and always verify official communications.,Manténgase seguro y verifique siempre las comunicaciones oficiales.,,Pendiente,
componentes/premium-terms-and-conditions,premium-terms-and-conditions,noPrivateSolicitationPolicy.intro,"<strong>Beware of scams! </strong>Neither FXS Analysts nor any member of our team will <strong>ever privately message you</strong> (via Discord, email, social media, or any other platform) to request money, payment details, or offer any private service.","<strong>¡Cuidado con las estafas! </strong>Ni los analistas de FXS ni ningún miembro de nuestro equipo le enviarán <strong>nunca un mensaje privado</strong> (a través de Discord, correo electrónico, redes sociales o cualquier otra plataforma) para solicitar dinero, detalles de pago u ofrecer un servicio privado.",,Pendiente,
componentes/premium-terms-and-conditions,premium-terms-and-conditions,noPrivateSolicitationPolicy.title,NO PRIVATE SOLICITATION POLICY,POLÍTICA DE NO SOLICITUD PRIVADA,,Pendiente,
componentes/premium-terms-and-conditions,premium-terms-and-conditions,noticeToAppleAppUsers.paragraphs[0],"To the extent You are using the App on an iOS device, You acknowledge that these Terms and Conditions form an agreement between You and the Company, not with Apple Inc. (""Apple""), and that Apple is not responsible for the Services or the content thereof. Apple has no obligation to furnish any maintenance and support services with respect to the Services. If the Services fails to conform to any applicable warranty, You may notify Apple and Apple will refund any applicable purchase price for the mobile application to you; and, to the maximum extent permitted by applicable law, Apple has no other warranty obligation with respect to the Services. Apple is not responsible for addressing any claims by You or any third-party relating to the Services or your possession and/or use of the Services, including (a) product liability claims; (b) any claim that the Services fails to conform to any applicable legal or regulatory requirement; or (c) claims arising under consumer protection or similar legislation. Apple is not responsible for the investigation, defense, settlement and discharge of any third-party claim that the Services and/or your possession and use of the Services infringe a third-party's intellectual property rights. You agree to comply with any applicable third-party terms when using the Services. Apple and Apple's subsidiaries are third-party beneficiaries of these Terms and Conditions, and upon your acceptance these Terms and Conditions, Apple will have the right (and will be deemed to have accepted the right) to enforce them against You as a third-party beneficiary. You hereby represent and warrant that: (i) You are not located in a country that is subject to a U.S. Government embargo, or that has been designated by the U.S. Government as a ""terrorist supporting"" country; and (ii) You are not listed on any U.S. Government list of prohibited or restricted parties.","En la medida en que esté utilizando la Aplicación en un dispositivo iOS, reconoce que estos Términos y Condiciones forman un acuerdo entre Usted y la Compañía, no con Apple Inc. (""Apple""), y que Apple no es responsable de los Servicios ni de su contenido. Apple no tiene obligación alguna de proporcionar servicios de mantenimiento y soporte con respecto a los Servicios. Si los Servicios no cumplen con alguna garantía aplicable, puede notificar a Apple y Apple le reembolsará cualquier precio de compra aplicable por la aplicación móvil; y, en la máxima medida permitida por la ley aplicable, Apple no tiene ninguna otra obligación de garantía con respecto a los Servicios. Apple no es responsable de abordar ninguna reclamación por su parte o por parte de un tercero relacionada con los Servicios o su posesión y/o uso de los Servicios, incluyendo (a) reclamaciones de responsabilidad del producto; (b) cualquier reclamación de que los Servicios no cumplen con cualquier requisito legal o normativo aplicable; o (c) reclamaciones que surjan de la protección del consumidor o legislación similar. Apple no es responsable de la investigación, defensa, resolución y descargo de ninguna reclamación de terceros de que los Servicios y/o su posesión y uso de los Servicios infringen los derechos de propiedad intelectual de un tercero. Acepta cumplir con los términos aplicables de terceros al utilizar los Servicios. Apple y las filiales de Apple son terceros beneficiarios de estos Términos y Condiciones y, una vez que acepte estos Términos y Condiciones, Apple tendrá el derecho (y se considerará que ha aceptado el derecho) de hacerlos cumplir en su contra como tercer beneficiario. Por la presente, declara y garantiza que: (i) No se encuentra en un país sujeto a embargo por parte del gobierno de los EE. UU. o que el gobierno de los EE. UU. haya designado como un país ""que apoya el terrorismo""; y (ii) no figura en ninguna lista de partes prohibidas o restringidas del gobierno de los EE. UU.",,Pendiente,
componentes/premium-terms-and-conditions,premium-terms-and-conditions,noticeToAppleAppUsers.paragraphs[1],<strong>In Purchases:</strong>,<strong>Compras dentro de la aplicación:</strong>,,Pendiente,
componentes/premium-terms-and-conditions,premium-terms-and-conditions,noticeToAppleAppUsers.paragraphs[2],"When You make an In-App Purchase, payment will be charged to your Apple account at confirmation of the purchase.","Cuando realiza una compra dentro de la aplicación, el pago se cargará a su cuenta de Apple en la confirmación de la compra.",,Pendiente,
componentes/premium-terms-and-conditions,premium-terms-and-conditions,noticeToAppleAppUsers.paragraphs[3],In-App Purchases may take the form of a subscription. Any unused portion of a free trial period (if offered) will be forfeited when You purchase a subscription (where applicable).,Las compras dentro de la aplicación pueden tomar la forma de una suscripción. Cualquier parte no utilizada de un período de prueba gratuito (si se ofrece) se perderá cuando compre una suscripción (cuando corresponda).,,Pendiente,
componentes/premium-terms-and-conditions,premium-terms-and-conditions,noticeToAppleAppUsers.paragraphs[4],In-App Purchases may take the form of an auto-renewable subscription. These subscriptions automatically renew unless auto-renew is turned off at least 24-hours before the end of the current subscription period. Your Apple account will be charged for renewal within 24-hours prior to the end of the current subscription period. You may manage the subscriptions and turn off auto-renewal by going to your Apple account settings after purchase.,Las compras dentro de la aplicación pueden tomar la forma de una suscripción renovable automáticamente. Estas suscripciones se renuevan automáticamente a menos que la renovación automática se desactive al menos 24 horas antes del final del período de suscripción actual. Se cobrará la renovación a su cuenta de Apple dentro de las 24 horas anteriores al final del período de suscripción actual. Puede administrar las suscripciones y desactivar la renovación automática yendo a la configuración de su cuenta de Apple después de la compra.,,Pendiente,
componentes/premium-terms-and-conditions,premium-terms-and-conditions,noticeToAppleAppUsers.title,Notice to Apple App Users,Aviso para los usuarios de la aplicación Apple,,Pendiente,
componentes/premium-terms-and-conditions,premium-terms-and-conditions,ourTermsOfServiceAndPrivacyPolicy.paragraphs[0],"<strong>Our Terms and Policies. </strong>&nbsp;You must use FXStreet Premium according to our Terms and posted policies. If we disable your account for a violation of our Terms, you will not create another account without our permission.","<strong>Nuestros Términos y Políticas. </strong>&nbsp;Debe utilizar FXStreet Premium de acuerdo con nuestros Términos y políticas publicadas. Si deshabilitamos su cuenta por una violación de nuestros Términos, no creará otra cuenta sin nuestro permiso.",,Pendiente,
componentes/premium-terms-and-conditions,premium-terms-and-conditions,ourTermsOfServiceAndPrivacyPolicy.paragraphs[1],"<strong>Legal and Acceptable Use.</strong>&nbsp;You agree to use FXStreet Premium only for legal, authorized, and acceptable purposes. You will not use (or assist others in using) our Services in ways that violate or infringe the rights of FXStreet Premium, our users, or others, including privacy, publicity, intellectual property, or other proprietary rights.","<strong>Uso legal y aceptable.</strong>&nbsp;Usted acepta utilizar FXStreet Premium solo para fines legales, autorizados y aceptables. No utilizará (ni ayudará a otros a utilizar) nuestros Servicios de manera que viole o infrinja los derechos de FXStreet Premium, nuestros usuarios u otros, incluidos los derechos de privacidad, publicidad, propiedad intelectual u otros derechos de propiedad.",,Pendiente,
componentes/premium-terms-and-conditions,premium-terms-and-conditions,ourTermsOfServiceAndPrivacyPolicy.paragraphs[2],"<strong>Harm to FXStreet Premium.</strong>&nbsp;You must not (or assist others to) access, use, modify, distribute, transfer, or exploit our Services in unauthorized manners, or in ways that harm FXStreet Premium, our Services, or systems. For example, you must not (a) gain or try to gain unauthorized access to our Services or systems; (b) disrupt the integrity or performance of our Services; (c) create accounts for our Services through unauthorized or automated means; (d) collect information about our users in any unauthorized manner; or (e) sell, rent, or charge for our Services.","<strong>Daño a FXStreet Premium.</strong>&nbsp;No debe (ni ayudar a otros a) acceder, usar, modificar, distribuir, transferir o explotar nuestros Servicios de manera no autorizada, o de manera que dañe a FXStreet Premium, nuestros Servicios o sistemas. Por ejemplo, no debe (a) obtener o intentar obtener acceso no autorizado a nuestros Servicios o sistemas; (b) interrumpir la integridad o el rendimiento de nuestros Servicios; (c) crear cuentas para nuestros Servicios a través de medios no autorizados o automatizados; (d) recopilar información sobre nuestros usuarios de cualquier manera no autorizada; o (e) vender, alquilar o cobrar por nuestros Servicios.",,Pendiente,
componentes/premium-terms-and-conditions,premium-terms-and-conditions,ourTermsOfServiceAndPrivacyPolicy.paragraphs[3],"<strong>Third-party services.</strong>&nbsp;Our Services may allow you to access, use, or interact with third-party websites, apps, content, and other products and services. When you use third-party services, their terms and privacy policies govern your use of those services.","<strong>Servicios de terceros.</strong>&nbsp;Nuestros Servicios pueden permitirle acceder, usar o interactuar con sitios web, aplicaciones, contenido y otros productos y servicios de terceros. Cuando utiliza servicios de terceros, sus términos y políticas de privacidad rigen el uso de esos servicios.",,Pendiente,
componentes/premium-terms-and-conditions,premium-terms-and-conditions,ourTermsOfServiceAndPrivacyPolicy.paragraphs[4],"<strong>Information you provide / Account information / Privacy of user data.</strong>&nbsp;FXStreet Premium does not sell, rent or monetize your personal data or content in any way - ever. FXStreet Service notifications cannot be accessed by other third parties or us because they are always end-to-end encrypted, private, and secure. You register a phone number when you create an FXStreet Premium account. Phone numbers are used to provide our Services to you and other FXStreet Premium users. You may optionally add other information to your account, such as a profile name and profile picture. This information is end-to-end encrypted.","<strong>Información que proporciona / Información de la cuenta / Privacidad de los datos del usuario.</strong>&nbsp;FXStreet Premium no vende, alquila ni monetiza sus datos personales o contenido de ninguna manera, nunca. No podemos acceder a las notificaciones del Servicio FXStreet ni nosotros ni otros terceros porque siempre están encriptadas de extremo a extremo, son privadas y seguras. Usted registra un número de teléfono cuando crea una cuenta FXStreet Premium. Los números de teléfono se utilizan para prestarle nuestros Servicios a usted y a otros usuarios de FXStreet Premium. Opcionalmente, puede agregar otra información a su cuenta, como un nombre de perfil y una foto de perfil. Esta información está encriptada de extremo a extremo.",,Pendiente,
componentes/premium-terms-and-conditions,premium-terms-and-conditions,ourTermsOfServiceAndPrivacyPolicy.title,Our Terms of Service and Privacy Policy,Nuestros Términos de Servicio y Política de Privacidad,,Pendiente,
componentes/premium-terms-and-conditions,premium-terms-and-conditions,paymentRenewalFraudProtection.paragraphs[0],"<strong>Payment.</strong>&nbsp;You represent that you are at least the minimum age required to enter into a legal agreement. You agree to pay us for any Subscription Based Services you purchase from us, as well as all other charges incurred under your account, including applicable taxes and fees. You are responsible for all charges incurred under your account, including purchases made by you or anyone you allow to use your account or any sub-or linked accounts (including any person with implied, actual, or apparent authority) or anyone who gains access to your account as a result of your failure to safeguard your authentication credentials. You authorize and direct us to charge your designated payment method for these charges or, if it fails, to charge any other payment method you have on file with us, even if we received it in association with other Subscription Based Services. You are responsible for all charges even if your payment method fails or is denied. You authorize and direct us to retain all information about any payment method(s) associated with your account. We may import payment information you entered during a prior purchase and provide you the option to use that payment information during purchase of a new product. You permit us to obtain and use updated information from the issuer of your payment method in accordance with the policies and procedures of any applicable card brands. We may in some instances continue charging a payment method past its expiration date at our discretion and subject to the payment processors' or issuing bank's approval. Surcharges may apply if you use certain payment methods, such as payment from your checking or savings account. We may charge for Subscription Based Services in advance and on a daily, monthly, yearly, lump sum, or other basis in accordance with the stated terms, as long as your subscription remains active, even if you have not downloaded or used such Service or accessed your online account. We may (and you authorize us to) take steps to verify the validity of the credit card information you provide to us. You authorize us to do so for verification and anti-fraud purposes.","<strong>Pago.</strong>&nbsp;Usted declara que tiene al menos la edad mínima requerida para celebrar un acuerdo legal. Acepta pagarnos por cualquier Servicio basado en suscripción que nos compre, así como todos los demás cargos incurridos en su cuenta, incluidos los impuestos y tarifas aplicables. Usted es responsable de todos los cargos incurridos en su cuenta, incluidas las compras realizadas por usted o cualquier persona a la que permita usar su cuenta o cualquier subcuenta o cuenta vinculada (incluida cualquier persona con autoridad implícita, real o aparente) o cualquier persona que obtenga acceso a su cuenta como resultado de su falta de protección de sus credenciales de autenticación. Usted nos autoriza y ordena a cargar su método de pago designado por estos cargos o, si falla, a cargar cualquier otro método de pago que tengamos registrado para usted, incluso si lo recibimos en asociación con otros Servicios basados en suscripción. Usted es responsable de todos los cargos incluso si su método de pago falla o es denegado. Nos autoriza y ordena que conservemos toda la información sobre cualquier método(s) de pago asociado con su cuenta. Podemos importar la información de pago que ingresó durante una compra anterior y brindarle la opción de usar esa información de pago durante la compra de un nuevo producto. Usted nos permite obtener y utilizar información actualizada del emisor de su método de pago de acuerdo con las políticas y procedimientos de cualquier marca de tarjeta aplicable. En algunos casos, podemos continuar cobrando un método de pago después de su fecha de vencimiento a nuestra discreción y sujeto a la aprobación de los procesadores de pago o del banco emisor. Pueden aplicarse recargos si utiliza ciertos métodos de pago, como el pago de su cuenta corriente o de ahorros. Podemos cobrar los Servicios basados en suscripción por adelantado y de forma diaria, mensual, anual, en una suma global u otra forma de acuerdo con los términos establecidos, siempre que su suscripción permanezca activa, incluso si no ha descargado o utilizado dicho Servicio o no ha accedido a su cuenta en línea. Podemos tomar medidas para verificar la validez de la información de la tarjeta de crédito que nos proporciona. Usted nos autoriza a hacerlo con fines de verificación y antifraude.",,Pendiente,
componentes/premium-terms-and-conditions,premium-terms-and-conditions,paymentRenewalFraudProtection.paragraphs[1],"<strong>Renewal. </strong>&nbsp;We use auto-renewal for many of our Subscription Based Services. At the expiration of each subscription term for such Subscription Based Services, we will automatically renew your subscription and charge the credit card or other payment method you have provided to us, unless you cancel your subscription at least 24 hours before the end of the current subscription period. Unless otherwise stated herein, your subscription will be automatically renewed at the then-current price, excluding promotional and discount pricing. We may, in our sole discretion, post charges to your payment method individually or aggregate charges for some or all of your Subscription Based Services with us.","<strong>Renovación. </strong>&nbsp;Utilizamos la renovación automática para muchos de nuestros Servicios basados en suscripción. Al vencimiento de cada término de suscripción para dichos Servicios basados en suscripción, renovaremos automáticamente su suscripción y cargaremos la tarjeta de crédito u otro método de pago que nos haya proporcionado, a menos que cancele su suscripción al menos 24 horas antes del final del período de suscripción actual. A menos que se indique lo contrario en el presente, su suscripción se renovará automáticamente al precio vigente en ese momento, excluyendo los precios promocionales y de descuento. Podemos, a nuestra entera discreción, publicar cargos en su método de pago individualmente o agregar cargos para algunos o todos sus Servicios basados en suscripción con nosotros.",,Pendiente,
componentes/premium-terms-and-conditions,premium-terms-and-conditions,paymentRenewalFraudProtection.paragraphs[2],"<strong>Fraud Protection.</strong>&nbsp;We may take steps to verify the validity of the credit card information you provide to us, including debiting amounts less than $1.00 from your credit card and then immediately crediting it back. You authorize us to do so for verification and anti-fraud purposes.","<strong>Protección contra el fraude.</strong>&nbsp;Podemos tomar medidas para verificar la validez de la información de la tarjeta de crédito que nos proporciona, incluyendo el débito de montos inferiores a $1.00 de su tarjeta de crédito y luego acreditarlo inmediatamente de vuelta. Usted nos autoriza a hacerlo con fines de verificación y antifraude.",,Pendiente,
componentes/premium-terms-and-conditions,premium-terms-and-conditions,paymentRenewalFraudProtection.title,"FXStreet Payment, Renewal & Fraud Protection Policy for Premium Membership","Política de pago, renovación y protección contra el fraude de FXStreet para la membresía Premium",,Pendiente,
componentes/premium-terms-and-conditions,premium-terms-and-conditions,refundAndCancellationPolicy.paragraphs[0],"If you are not satisfied with the service that you have purchased, you can request a full refund in the first 10 days of your subscription, after those initial 10 days you will not be eligible for a refund of the subscription cost of the Premium service. Please note that this does not include third-party offers on our site.","Si no está satisfecho con el servicio que ha comprado, puede solicitar un reembolso completo en los primeros 10 días de su suscripción, después de esos 10 días iniciales no será elegible para un reembolso del costo de la suscripción del servicio Premium. Tenga en cuenta que esto no incluye ofertas de terceros en nuestro sitio.",,Pendiente,
componentes/premium-terms-and-conditions,premium-terms-and-conditions,refundAndCancellationPolicy.paragraphs[1],We encourage our customers to try the service in the initial days after their purchase to ensure it fits their needs.,Alentamos a nuestros clientes a probar el servicio en los días iniciales posteriores a su compra para asegurarse de que se ajusta a sus necesidades.,,Pendiente,
componentes/premium-terms-and-conditions,premium-terms-and-conditions,refundAndCancellationPolicy.paragraphs[2],"If you want to cancel your subscription/membership, you can do so from your user account page before your next payment is due. To request a refund or if you have any additional questions regarding this policy or the service, please contact us at: <a class=""decoration-main-primary !text-body-md text-neutral-primary active:text-main-primary focus:text-main-primary hover:text-main-primary data-[disabled=true]:text-neutral-disabled data-[disabled=true]:decoration-main-disabled focus-visible:ring-border-main-focus inline-flex items-center gap-2 leading-5 underline decoration-solid decoration-[0.075rem] underline-offset-[4px] focus-visible:rounded-md focus-visible:p-2 focus-visible:ring-2"" href=""mailto:premium@fxstreet.com"">contact@fxstreet.com</a>","Si desea cancelar su suscripción/membresía, puede hacerlo desde la página de su cuenta de usuario antes de que venza su próximo pago. Para solicitar un reembolso o si tiene alguna pregunta adicional con respecto a esta política o al servicio, contáctenos en: <a class=""decoration-main-primary !text-body-md text-neutral-primary active:text-main-primary focus:text-main-primary hover:text-main-primary data-[disabled=true]:text-neutral-disabled data-[disabled=true]:decoration-main-disabled focus-visible:ring-border-main-focus inline-flex items-center gap-2 leading-5 underline decoration-solid decoration-[0.075rem] underline-offset-[4px] focus-visible:rounded-md focus-visible:p-2 focus-visible:ring-2"" href=""mailto:premium@fxstreet.com"">contact@fxstreet.com</a>",,Pendiente,
componentes/premium-terms-and-conditions,premium-terms-and-conditions,refundAndCancellationPolicy.paragraphs[3],Please note that all refunds will be credited to the original card/account used for the subscription.,Tenga en cuenta que todos los reembolsos se abonarán en la tarjeta/cuenta original utilizada para la suscripción.,,Pendiente,
componentes/premium-terms-and-conditions,premium-terms-and-conditions,refundAndCancellationPolicy.title,FXStreet Refund & Cancellation Policy for Premium Membership,Política de reembolso y cancelación de FXStreet para la membresía Premium,,Pendiente,
componentes/premium-terms-and-conditions,premium-terms-and-conditions,title,Premium Terms and Conditions,Términos y condiciones de Premium,,Pendiente,
componentes/premium-terms-and-conditions,premium-terms-and-conditions,unlimitedAccessMembership.eligibility.content[0],Any user who creates an FXStreet Premium Account and purchases an Unlimited Access subscription during the promotional period may participate in the Lifetime deal.,Cualquier usuario que cree una cuenta FXStreet Premium y compre una suscripción de acceso ilimitado durante el período promocional puede participar en la oferta de por vida.,,Pendiente,
componentes/premium-terms-and-conditions,premium-terms-and-conditions,unlimitedAccessMembership.eligibility.title,<strong>ELIGIBILITY</strong>,<strong>ELEGIBILIDAD</strong>,,Pendiente,
componentes/premium-terms-and-conditions,premium-terms-and-conditions,unlimitedAccessMembership.intro[0],This section sets out the terms and conditions that apply to the FXStreet Premium Unlimited access Deal.,Esta sección establece los términos y condiciones que se aplican a la Oferta de acceso ilimitado de FXStreet Premium.,,Pendiente,
componentes/premium-terms-and-conditions,premium-terms-and-conditions,unlimitedAccessMembership.intro[1],"Under this deal, you may purchase an unlimited access subscription to use the FXStreet Premium so long as the FXStreet Premium service is running.","Bajo esta oferta, puede comprar una suscripción de acceso ilimitado para usar FXStreet Premium mientras el servicio FXStreet Premium esté en funcionamiento.",,Pendiente,
componentes/premium-terms-and-conditions,premium-terms-and-conditions,unlimitedAccessMembership.intro[2],"By creating an account with FXStreet Premium, you accept these terms, along with our <a class=""decoration-main-primary !text-body-md text-neutral-primary active:text-main-primary focus:text-main-primary hover:text-main-primary data-[disabled=true]:text-neutral-disabled data-[disabled=true]:decoration-main-disabled focus-visible:ring-border-main-focus inline-flex items-center gap-2 leading-5 underline decoration-solid decoration-[0.075rem] underline-offset-[4px] focus-visible:rounded-md focus-visible:p-2 focus-visible:ring-2"" href=""/info/terms-conditions"">FXStreet Terms of Service</a> and all other relevant terms and conditions. Do not participate in the FXStreet Premium if you do not wish to be bound by these terms.","Al crear una cuenta con FXStreet Premium, acepta estos términos, junto con nuestros <a class=""decoration-main-primary !text-body-md text-neutral-primary active:text-main-primary focus:text-main-primary hover:text-main-primary data-[disabled=true]:text-neutral-disabled data-[disabled=true]:decoration-main-disabled focus-visible:ring-border-main-focus inline-flex items-center gap-2 leading-5 underline decoration-solid decoration-[0.075rem] underline-offset-[4px] focus-visible:rounded-md focus-visible:p-2 focus-visible:ring-2"" href=""/info/terms-conditions"">Términos de servicio de FXStreet</a> y todos los demás términos y condiciones relevantes. No participe en FXStreet Premium si no desea estar sujeto a estos términos.",,Pendiente,
componentes/premium-terms-and-conditions,premium-terms-and-conditions,unlimitedAccessMembership.intro[3],Please read these FXStreet Premium and FXStreet Terms carefully and ensure you understand them.,"Por favor, lea estos Términos de FXStreet Premium y FXStreet detenidamente y asegúrese de comprenderlos.",,Pendiente,
componentes/premium-terms-and-conditions,premium-terms-and-conditions,unlimitedAccessMembership.scope.intro,The Unlimited access is subject to the following scope:,El acceso ilimitado está sujeto al siguiente alcance:,,Pendiente,
componentes/premium-terms-and-conditions,premium-terms-and-conditions,unlimitedAccessMembership.scope.items[0],The Promotional Period may end at any time subject to FXStreet's sole discretion.,El Período Promocional puede finalizar en cualquier momento sujeto a la entera discreción de FXStreet.,,Pendiente,
componentes/premium-terms-and-conditions,premium-terms-and-conditions,unlimitedAccessMembership.scope.items[1],Unlimited access shall be made to the holder of the FXStreet Account for the duration of that user's lifetime. Such right shall immediately terminate upon the user being declared deceased. Such right shall not be transferable.,El acceso ilimitado se otorgará al titular de la cuenta FXStreet durante la vida de ese usuario. Dicho derecho terminará inmediatamente después de que el usuario sea declarado fallecido. Dicho derecho no será transferible.,,Pendiente,
componentes/premium-terms-and-conditions,premium-terms-and-conditions,unlimitedAccessMembership.scope.items[2],Unlimited access shall be made available so long as the FXStreet Premium Service is available.,El acceso ilimitado estará disponible siempre que el Servicio FXStreet Premium esté disponible.,,Pendiente,
componentes/premium-terms-and-conditions,premium-terms-and-conditions,unlimitedAccessMembership.scope.items[3],The FXStreet Premium Service and its features may change anytime.,El Servicio FXStreet Premium y sus características pueden cambiar en cualquier momento.,,Pendiente,
componentes/premium-terms-and-conditions,premium-terms-and-conditions,unlimitedAccessMembership.scope.items[4],Unlimited access shall not continue where technological changes make the FXStreet Premium Service obsolete.,El acceso ilimitado no continuará cuando los cambios tecnológicos hagan que el Servicio FXStreet Premium se vuelva obsoleto.,,Pendiente,
componentes/premium-terms-and-conditions,premium-terms-and-conditions,unlimitedAccessMembership.scope.items[5],"Unlimited access shall not continue where FXStreet ceases to operate, suspends the FXStreet Premium Service, is declared bankrupt, or otherwise ceases to operate.","El acceso ilimitado no continuará cuando FXStreet deje de operar, suspenda el Servicio FXStreet Premium, se declare en quiebra o deje de operar de otro modo.",,Pendiente,
componentes/premium-terms-and-conditions,premium-terms-and-conditions,unlimitedAccessMembership.scope.items[6],"The products and features made available through the Unlimited access can be found <a class=""decoration-main-primary !text-body-md text-neutral-primary active:text-main-primary focus:text-main-primary hover:text-main-primary data-[disabled=true]:text-neutral-disabled data-[disabled=true]:decoration-main-disabled focus-visible:ring-border-main-focus inline-flex items-center gap-2 leading-5 underline decoration-solid decoration-[0.075rem] underline-offset-[4px] focus-visible:rounded-md focus-visible:p-2 focus-visible:ring-2"" href=""/info/premium"">here</a>","Los productos y características disponibles a través del acceso ilimitado se pueden encontrar <a class=""decoration-main-primary !text-body-md text-neutral-primary active:text-main-primary focus:text-main-primary hover:text-main-primary data-[disabled=true]:text-neutral-disabled data-[disabled=true]:decoration-main-disabled focus-visible:ring-border-main-focus inline-flex items-center gap-2 leading-5 underline decoration-solid decoration-[0.075rem] underline-offset-[4px] focus-visible:rounded-md focus-visible:p-2 focus-visible:ring-2"" href=""/info/premium"">aquí</a>",,Pendiente,
componentes/premium-terms-and-conditions,premium-terms-and-conditions,unlimitedAccessMembership.scope.title,<strong>UNLIMITED ACCESS SCOPE</strong>,<strong>ALCANCE DEL ACCESO ILIMITADO</strong>,,Pendiente,
componentes/premium-terms-and-conditions,premium-terms-and-conditions,unlimitedAccessMembership.termination.intro,The Unlimited access may be terminated in the following circumstances:,El acceso ilimitado puede cancelarse en las siguientes circunstancias:,,Pendiente,
componentes/premium-terms-and-conditions,premium-terms-and-conditions,unlimitedAccessMembership.termination.items[0],Where you are declared deceased;,Cuando sea declarado fallecido;,,Pendiente,
componentes/premium-terms-and-conditions,premium-terms-and-conditions,unlimitedAccessMembership.termination.items[1],Where you are in breach of these or any other FXStreet Premium Terms;,Cuando incumpla estos o cualquier otro Término de FXStreet Premium;,,Pendiente,
componentes/premium-terms-and-conditions,premium-terms-and-conditions,unlimitedAccessMembership.termination.items[2],When FXStreet decides to discontinue the service due to one of the reasons described in the Unlimited Access Scope section above.,Cuando FXStreet decida discontinuar el servicio debido a una de las razones descritas en la sección Alcance del Acceso Ilimitado anterior.,,Pendiente,
componentes/premium-terms-and-conditions,premium-terms-and-conditions,unlimitedAccessMembership.termination.title,<strong>TERMINATION</strong>,<strong>TERMINACIÓN</strong>,,Pendiente,
componentes/premium-terms-and-conditions,premium-terms-and-conditions,unlimitedAccessMembership.title,FXStreet Premium Unlimited access Membership,Membresía de acceso ilimitado FXStreet Premium,,Pendiente,
componentes/premium-terms-and-conditions,premium-terms-and-conditions,yourRightsAndLicense.paragraphs[0],<strong>Your Rights.</strong>&nbsp;You own the information you submit through our Services. You must have the right to the phone number you use to sign up for your FXStreet Premium account.,<strong>Sus derechos.</strong>&nbsp;Usted es propietario de la información que envía a través de nuestros Servicios. Debe tener derecho al número de teléfono que utiliza para registrarse en su cuenta FXStreet Premium.,,Pendiente,
componentes/premium-terms-and-conditions,premium-terms-and-conditions,yourRightsAndLicense.paragraphs[1],"<strong>FXStreet Premium's Rights.</strong>&nbsp;We own all copyrights, trademarks, domains, logos, trade dress, trade secrets, patents, and other intellectual property rights associated with our Services. You may not use our copyrights, trademarks, domains, logos, trade dress, patents, and other intellectual property rights unless you have our written permission.","<strong>Derechos de FXStreet Premium.</strong>&nbsp;Somos propietarios de todos los derechos de autor, marcas comerciales, dominios, logotipos, imagen de marca, secretos comerciales, patentes y otros derechos de propiedad intelectual asociados con nuestros Servicios. No puede utilizar nuestros derechos de autor, marcas comerciales, dominios, logotipos, imagen de marca, patentes y otros derechos de propiedad intelectual a menos que tenga nuestro permiso por escrito.",,Pendiente,
componentes/premium-terms-and-conditions,premium-terms-and-conditions,yourRightsAndLicense.paragraphs[2],"<strong>FXStreet Premium's License to You.</strong>&nbsp;FXStreet Premium grants you a limited, revocable, non-exclusive, and non-transferable license to use our Services in accordance with these Terms.","<strong>Licencia de FXStreet Premium para usted.</strong>&nbsp;FXStreet Premium le otorga una licencia limitada, revocable, no exclusiva y no transferible para utilizar nuestros Servicios de acuerdo con estos Términos.",,Pendiente,
componentes/premium-terms-and-conditions,premium-terms-and-conditions,yourRightsAndLicense.paragraphs[3],"If we decide to discontinue to provide the Service, we will inform you by providing at least a 3 (three) calendar days' notice (which may be provided by email, facsimile etc.); These Terms and Conditions shall be governed by and construed in accordance with the laws of Barcelona, Spain, notwithstanding any principles of conflicts of law. The competent courts in Barcelona Spain shall have sole and exclusive jurisdiction regarding any dispute or claim arising hereunder.","Si decidimos dejar de prestar el Servicio, se lo informaremos con un aviso de al menos 3 (tres) días naturales (que puede facilitarse por correo electrónico, fax, etc.); Estos Términos y Condiciones se regirán e interpretarán de acuerdo con las leyes de Barcelona, España, sin perjuicio de cualquier principio de conflicto de leyes. Los tribunales competentes de Barcelona España tendrán jurisdicción única y exclusiva con respecto a cualquier disputa o reclamación que surja en virtud del presente.",,Pendiente,
componentes/premium-terms-and-conditions,premium-terms-and-conditions,yourRightsAndLicense.paragraphs[4],You are welcome to contact us in any question and/or concern You may have in the following contact methods:,Le invitamos a ponerse en contacto con nosotros para cualquier pregunta y/o inquietud que pueda tener a través de los siguientes métodos de contacto:,,Pendiente,
componentes/premium-terms-and-conditions,premium-terms-and-conditions,yourRightsAndLicense.paragraphs[5],"<strong>Our Address:</strong>&nbsp;ForexStreet S.L.U. Portaferrissa 7 1º2ª 08002 Barcelona, Spain","<strong>Nuestra dirección:</strong>&nbsp;ForexStreet S.L.U. Portaferrissa 7 1º2ª 08002 Barcelona, Spain",,Pendiente,
componentes/premium-terms-and-conditions,premium-terms-and-conditions,yourRightsAndLicense.paragraphs[6],"For more information on how to file a complaint with us or about our complaint handling procedures, please write us here: <a class=""decoration-main-primary !text-body-md text-neutral-primary active:text-main-primary focus:text-main-primary hover:text-main-primary data-[disabled=true]:text-neutral-disabled data-[disabled=true]:decoration-main-disabled focus-visible:ring-border-main-focus inline-flex items-center gap-2 leading-5 underline decoration-solid decoration-[0.075rem] underline-offset-[4px] focus-visible:rounded-md focus-visible:p-2 focus-visible:ring-2"" href=""mailto:contact@fxstreet.com"">contact@fxstreet.com</a>","Para obtener más información sobre cómo presentar una queja ante nosotros o sobre nuestros procedimientos de manejo de quejas, escríbanos aquí: <a class=""decoration-main-primary !text-body-md text-neutral-primary active:text-main-primary focus:text-main-primary hover:text-main-primary data-[disabled=true]:text-neutral-disabled data-[disabled=true]:decoration-main-disabled focus-visible:ring-border-main-focus inline-flex items-center gap-2 leading-5 underline decoration-solid decoration-[0.075rem] underline-offset-[4px] focus-visible:rounded-md focus-visible:p-2 focus-visible:ring-2"" href=""mailto:contact@fxstreet.com"">contact@fxstreet.com</a>",,Pendiente,
componentes/premium-terms-and-conditions,premium-terms-and-conditions,yourRightsAndLicense.title,Your Rights and License with FXStreet Premium,Sus derechos y licencia con FXStreet Premium,,Pendiente,
componentes/prevention,prevention,closingBold,Stay safe and protected!,¡Manténgase a salvo y protegido!,,Pendiente,
componentes/prevention,prevention,closingRest,Your cooperation helps us take appropriate action.,Su colaboración nos ayuda a tomar las medidas adecuadas.,,Pendiente,
componentes/prevention,prevention,customerCareContactLink,Contact us,Contacto,,Pendiente,
componentes/prevention,prevention,reminderEmphasis,we never request payments in cryptocurrency.,nunca solicitamos pagos en criptomonedas.,,Pendiente,
componentes/prevention,prevention,reminderPrefix,"At FXStreet, we want to remind you that","En FXStreet, queremos recordarle que",,Pendiente,
componentes/prevention,prevention,secureTransactionsHeading,"For secure transactions, trust only:","Para transacciones seguras, confíe solo en:",,Pendiente,
componentes/prevention,prevention,tipContactPayment,No one from FXStreet will ever contact you to request a payment,Nadie de FXStreet se pondrá en contacto con usted para solicitarle un pago,,Pendiente,
componentes/prevention,prevention,tipCryptoCustomerCare,Please avoid making crypto payments and report any issues to our Customer Care team at:,"Por favor, evite realizar pagos en criptomonedas e informe de cualquier incidencia a nuestro equipo de Atención al Cliente en:",,Pendiente,
componentes/prevention,prevention,tipNotBrokers,We are not brokers or involved in managing third-party accounts,No somos brókers ni participamos en la gestión de cuentas de terceros,,Pendiente,
componentes/prevention,prevention,tipScamWarning,"If anyone asks you to pay, it's a scam!","Si alguien le pide que pague, ¡es una estafa!",,Pendiente,
componentes/prevention,prevention,tipSocialVerified,Always ensure the social media account is properly verified:,Compruebe siempre que la cuenta en redes sociales esté verificada:,,Pendiente,
componentes/prevention,prevention,tipsIntro,We want to share with you some tips:,Queremos compartir con usted algunos consejos:,,Pendiente,
componentes/prevention,prevention,title,How FXStreet prevents scam: your security matters to us!,Cómo FXStreet previene las estafas: ¡su seguridad nos importa!,,Pendiente,
componentes/prevention,prevention,trustLinkAndroid,Google Play,Google Play,,Pendiente,
componentes/prevention,prevention,trustLinkIos,App Store,App Store,,Pendiente,
componentes/prevention,prevention,trustLinkWebsite,Official website,Sitio web oficial,,Pendiente,
componentes/privacy-policy,privacy-policy,basicInfo.rows[0].content,"FOREXSTREET, S.L.","FOREXSTREET, S.L.",,Pendiente,
componentes/privacy-policy,privacy-policy,basicInfo.rows[0].label,COMPANY,EMPRESA,,Pendiente,
componentes/privacy-policy,privacy-policy,basicInfo.rows[1].content[0],Provide the information or services that you request.,Proporcionar la información o servicios que solicite.,,Pendiente,
componentes/privacy-policy,privacy-policy,basicInfo.rows[1].content[1],"To be able to send our newsletters and to carry out informative and advertising communications of our products and services, even by electronic means.","Para poder enviar nuestros boletines y realizar comunicaciones informativas y publicitarias de nuestros productos y servicios, incluso por medios electrónicos.",,Pendiente,
componentes/privacy-policy,privacy-policy,basicInfo.rows[1].label,PURPOSE,FINALIDAD,,Pendiente,
componentes/privacy-policy,privacy-policy,basicInfo.rows[2].content,Consent of the interested party.,Consentimiento del interesado.,,Pendiente,
componentes/privacy-policy,privacy-policy,basicInfo.rows[2].label,LEGITIMATION,LEGITIMACIÓN,,Pendiente,
componentes/privacy-policy,privacy-policy,basicInfo.rows[3].content,No data will be transferred to third parties except legal obligation.,No se cederán datos a terceros salvo obligación legal.,,Pendiente,
componentes/privacy-policy,privacy-policy,basicInfo.rows[3].label,RECIPIENTS,DESTINATARIOS,,Pendiente,
componentes/privacy-policy,privacy-policy,basicInfo.rows[4].content,"Access, rectify and delete data, as well as other rights, as explained in the following Privacy Policy.","Acceder, rectificar y suprimir los datos, así como otros derechos, como se explica en la siguiente Política de Privacidad.",,Pendiente,
componentes/privacy-policy,privacy-policy,basicInfo.rows[4].label,RIGHTS,DERECHOS,,Pendiente,
componentes/privacy-policy,privacy-policy,basicInfo.title,Basic Information,Información Básica,,Pendiente,
componentes/privacy-policy,privacy-policy,sections[0].paragraphs[0],"The controller for the processing of the personal data that the user provides when accessing and using the website is FOREXSTREET S.L.U., as the owner, whose registered office is located at Portaferrissa Street, No. 7, 1º 2ª, Barcelona, with CIF B62498233 and registered in the Commercial Register of Barcelona, Volume 33351, Folio 135, Sheet B230633, telephone number 933040495, fax 933040498, hereinafter referred to as FXStreet.","El responsable del tratamiento de los datos personales que el usuario facilita al acceder y utilizar el sitio web es FOREXSTREET S.L.U., como propietaria, cuyo domicilio social se encuentra en la calle Portaferrissa, nº 7, 1º 2ª, Barcelona, con CIF B62498233 e inscrita en el Registro Mercantil de Barcelona, Tomo 33351, Folio 135, Hoja B230633, número de teléfono 933040495, fax 933040498, en adelante FXStreet.",,Pendiente,
componentes/privacy-policy,privacy-policy,sections[0].paragraphs[1],FXStreet informs users of its website through this Privacy Policy about the processing and protection policies of personal data that may be collected during their navigation or contracting of services provided through this portal. The use of this website by the user implies full acceptance of this Privacy Policy.,FXStreet informa a los usuarios de su sitio web a través de esta Política de Privacidad sobre las políticas de tratamiento y protección de los datos personales que puedan ser recabados durante su navegación o contratación de servicios prestados a través de este portal. El uso de este sitio web por parte del usuario implica la aceptación plena de esta Política de Privacidad.,,Pendiente,
componentes/privacy-policy,privacy-policy,sections[0].paragraphs[2],"FXStreet adopts the necessary measures to ensure the security, integrity, and confidentiality of data in accordance with the provisions of Regulation (EU) 2016/679 of the European Parliament and of the Council of 27 April 2016 on the protection of natural persons with regard to the processing of personal data and on the free movement of such data, and in that which is not provided for by it, Organic Law 3/2018 of 5 December on the Protection of Personal Data and guarantee of digital rights, Royal Decree 1720/2007 of 21 December, which approves the Regulation implementing Organic Law on Data Protection, and Law 34/2002, of 11 July, on Services of the Information Society and Electronic Commerce.","FXStreet adopta las medidas necesarias para garantizar la seguridad, integridad y confidencialidad de los datos conforme a lo dispuesto en el Reglamento (UE) 2016/679 del Parlamento Europeo y del Consejo, de 27 de abril de 2016, relativo a la protección de las personas físicas en lo que respecta al tratamiento de datos personales y a la libre circulación de estos datos, y en aquello que no esté previsto por el mismo, la Ley Orgánica 3/2018 de 5 de diciembre de Protección de Datos Personales y garantía de los derechos digitales, el Real Decreto 1720/2007 de 21 de diciembre, por el que se aprueba el Reglamento de desarrollo de la Ley Orgánica de Protección de Datos, y la Ley 34/2002, de 11 de julio, de Servicios de la Sociedad de la Información y de Comercio Electrónico.",,Pendiente,
componentes/privacy-policy,privacy-policy,sections[0].paragraphs[3],"Personal data of each user necessary for the management and maintenance of some of the services provided are collected and processed through the registration forms on this website or by sending an email, among other services that may be offered by FXStreet, and such processing is governed by this Privacy Policy.","Los datos personales de cada usuario necesarios para la gestión y mantenimiento de algunos de los servicios prestados se recogen y tratan a través de los formularios de registro de este sitio web o mediante el envío de un correo electrónico, entre otros servicios que puedan ser ofrecidos por FXStreet, y dicho tratamiento se rige por esta Política de Privacidad.",,Pendiente,
componentes/privacy-policy,privacy-policy,sections[0].paragraphs[4],"FXStreet undertakes to apply the computer security measures provided for in the aforementioned regulations, with the aim of preventing unauthorized access or use of data, their manipulation, deterioration or loss.","FXStreet se compromete a aplicar las medidas de seguridad informática previstas en las normativas mencionadas, con el objetivo de evitar el acceso o uso no autorizado de los datos, su manipulación, deterioro o pérdida.",,Pendiente,
componentes/privacy-policy,privacy-policy,sections[0].title,1. PERSONAL DATA PROTECTION POLICIES,1. POLÍTICAS DE PROTECCIÓN DE DATOS PERSONALES,,Pendiente,
componentes/privacy-policy,privacy-policy,sections[10].paragraphs[0],"In the course of providing our services, we may transfer your personal data to our affiliates or third-party service providers located outside of the European Union (EU) or the European Economic Area (EEA), where data protection laws may not be as comprehensive as those within the EU or EEA. In such cases, we will ensure that the transfer is lawful and that appropriate safeguards are in place to protect your personal data, such as standard contractual clauses approved by the European Commission, binding corporate rules, or other adequate measures.","En el curso de la prestación de nuestros servicios, podemos transferir sus datos personales a nuestras filiales o proveedores de servicios de terceros ubicados fuera de la Unión Europea (UE) o del Espacio Económico Europeo (EEE), donde las leyes de protección de datos pueden no ser tan completas como las de la UE o el EEE. En tales casos, nos aseguraremos de que la transferencia sea legal y de que se implementen las salvaguardas apropiadas para proteger sus datos personales, como cláusulas contractuales estándar aprobadas por la Comisión Europea, normas corporativas vinculantes u otras medidas adecuadas.",,Pendiente,
componentes/privacy-policy,privacy-policy,sections[10].paragraphs[1],"Certain data may be transferred to the US. These transfers are carried out under the EU-U.S. Data Privacy Framework and/or Standard Contractual Clauses, ensuring a level of protection equivalent to European standards.","Ciertos datos pueden ser transferidos a EE. UU. Estas transferencias se llevan a cabo bajo el Marco de Privacidad de Datos UE-EE. UU. y/o Cláusulas Contractuales Estándar, garantizando un nivel de protección equivalente a los estándares europeos.",,Pendiente,
componentes/privacy-policy,privacy-policy,sections[10].paragraphs[2],"By using our services, you consent to the transfer of your personal data outside of the EU or EEA, as described in this clause. If you have any questions or concerns about this data transfer, please contact us at contact@fxstreet.com. We will take all reasonable steps to address your concerns and ensure that your personal data is adequately protected.","Al usar nuestros servicios, usted consiente la transferencia de sus datos personales fuera de la UE o el EEE, como se describe en esta cláusula. Si tiene alguna pregunta o inquietud sobre esta transferencia de datos, póngase en contacto con nosotros en contact@fxstreet.com. Tomaremos todas las medidas razonables para abordar sus inquietudes y garantizar que sus datos personales estén adecuadamente protegidos.",,Pendiente,
componentes/privacy-policy,privacy-policy,sections[10].subsections[0].paragraphs[0],"As part of our use of cookies and similar technologies, certain personal data collected through our website may be transferred to and processed outside the European Economic Area (EEA), specifically to the United States and Spain. This includes data transfers to service providers such as Hotjar, Google Analytics, LinkedIn, Azure, Cloudflare, DoubleClick, YouTube, and Typeform.","Como parte de nuestro uso de cookies y tecnologías similares, ciertos datos personales recopilados a través de nuestro sitio web pueden ser transferidos y procesados fuera del Espacio Económico Europeo (EEE), específicamente a los Estados Unidos y España. Esto incluye transferencias de datos a proveedores de servicios como Hotjar, Google Analytics, LinkedIn, Azure, Cloudflare, DoubleClick, YouTube y Typeform.",,Pendiente,
componentes/privacy-policy,privacy-policy,sections[10].subsections[0].paragraphs[1],"<strong>Data Recipients and Involved Countries:</strong> The data may be accessed by our service providers listed above, primarily located in the United States, a country that does not offer an equivalent level of data protection as the EEA. However, transfers to Typeform are carried out within Spain, ensuring adequate protection under GDPR regulations.","<strong>Destinatarios de Datos y Países Involucrados:</strong> Los datos pueden ser accedidos por nuestros proveedores de servicios mencionados anteriormente, ubicados principalmente en los Estados Unidos, un país que no ofrece un nivel equivalente de protección de datos como el EEE. Sin embargo, las transferencias a Typeform se realizan dentro de España, garantizando una protección adecuada bajo las regulaciones del RGPD.",,Pendiente,
componentes/privacy-policy,privacy-policy,sections[10].subsections[0].paragraphs[2],"<strong>Legal Basis for Transfer:</strong> The transfer of personal data to third countries is based on provisions established by each of the service providers, who must ensure appropriate protection measures and compliance with the standards required by GDPR. These measures include, among others, standard contractual clauses approved by the European Commission.","<strong>Base Legal para la Transferencia:</strong> La transferencia de datos personales a terceros países se basa en disposiciones establecidas por cada uno de los proveedores de servicios, quienes deben garantizar medidas de protección apropiadas y el cumplimiento de los estándares requeridos por el RGPD. Estas medidas incluyen, entre otras, cláusulas contractuales estándar aprobadas por la Comisión Europea.",,Pendiente,
componentes/privacy-policy,privacy-policy,sections[10].subsections[0].paragraphs[3],"<strong>Nature of the Transferred Data:</strong> The types of personal data transferred include browsing history, data related to security, and enhancement of the browsing speed of our website.","<strong>Naturaleza de los Datos Transferidos:</strong> Los tipos de datos personales transferidos incluyen historial de navegación, datos relacionados con la seguridad y mejora de la velocidad de navegación de nuestro sitio web.",,Pendiente,
componentes/privacy-policy,privacy-policy,sections[10].subsections[0].paragraphs[4],"<strong>Purpose of the Transfer:</strong> The transfers are made with the objective of facilitating essential operations and functionalities of our website, including analysis and improvements to the user experience, optimization of security and loading speed, and provision of interactive features.","<strong>Propósito de la Transferencia:</strong> Las transferencias se realizan con el objetivo de facilitar operaciones y funcionalidades esenciales de nuestro sitio web, incluyendo análisis y mejoras en la experiencia del usuario, optimización de la seguridad y velocidad de carga, y provisión de características interactivas.",,Pendiente,
componentes/privacy-policy,privacy-policy,sections[10].subsections[0].paragraphs[5],<strong>Data Protection Measures:</strong> Each of our service providers is responsible for implementing appropriate measures to protect personal data as stipulated by current data protection regulations. We recommend our users review the privacy policies of these providers to understand the specific measures adopted.,<strong>Medidas de Protección de Datos:</strong> Cada uno de nuestros proveedores de servicios es responsable de implementar medidas apropiadas para proteger los datos personales según lo estipulado por las regulaciones actuales de protección de datos. Recomendamos a nuestros usuarios revisar las políticas de privacidad de estos proveedores para comprender las medidas específicas adoptadas.,,Pendiente,
componentes/privacy-policy,privacy-policy,sections[10].subsections[0].title,International Data Transfers,Transferencias Internacionales de Datos,,Pendiente,
componentes/privacy-policy,privacy-policy,sections[10].title,11. DATA TRANSFER OUTSIDE EU,11. TRANSFERENCIA DE DATOS FUERA DE LA UE,,Pendiente,
componentes/privacy-policy,privacy-policy,sections[1].list[0],name,nombre,,Pendiente,
componentes/privacy-policy,privacy-policy,sections[1].list[1],address,dirección,,Pendiente,
componentes/privacy-policy,privacy-policy,sections[1].list[2],gender,género,,Pendiente,
componentes/privacy-policy,privacy-policy,sections[1].list[3],age,edad,,Pendiente,
componentes/privacy-policy,privacy-policy,sections[1].list[4],email address,dirección de correo electrónico,,Pendiente,
componentes/privacy-policy,privacy-policy,sections[1].list[5],phone number,número de teléfono,,Pendiente,
componentes/privacy-policy,privacy-policy,sections[1].list[6],financial and statistical information,información financiera y estadística,,Pendiente,
componentes/privacy-policy,privacy-policy,sections[1].list[7],data from your identity document or passport,datos de su documento de identidad o pasaporte,,Pendiente,
componentes/privacy-policy,privacy-policy,sections[1].paragraphs[0],"We collect the information you provide us when, for example, the data provided when you create or modify your account, register to use our Site, purchase products or services through our platform, request information, communicate with customer service, or communicate with us in general. Such information may include, among others:","Recopilamos la información que nos proporciona cuando, por ejemplo, los datos proporcionados al crear o modificar su cuenta, registrarse para usar nuestro Sitio, comprar productos o servicios a través de nuestra plataforma, solicitar información, comunicarse con el servicio de atención al cliente o comunicarse con nosotros en general. Dicha información puede incluir, entre otros:",,Pendiente,
componentes/privacy-policy,privacy-policy,sections[1].title,2. INFORMATION WE COLLECT,2. INFORMACIÓN QUE RECOPILAMOS,,Pendiente,
componentes/privacy-policy,privacy-policy,sections[2].paragraphs[0],"As the responsible party for the processing, FXStreet undertakes to store and manage the personal data and information collected through this website with due confidentiality for as long as the professional relationship continues and the interested party does not request its deletion, and in accordance with the periods indicated below:","Como responsable del tratamiento, FXStreet se compromete a almacenar y gestionar los datos personales e información recabada a través de este sitio web con la debida confidencialidad durante el tiempo que continúe la relación profesional y el interesado no solicite su supresión, y de acuerdo con los periodos indicados a continuación:",,Pendiente,
componentes/privacy-policy,privacy-policy,sections[2].paragraphs[1],"The data for managing the relationship with the user and billing and collection of services will be kept for the entire duration of the contract. Once this relationship has ended, if applicable, the data may be kept for the time required by applicable legislation and until any liabilities' time limits arising from the contract have expired.","Los datos para la gestión de la relación con el usuario y facturación y cobro de servicios se conservarán durante toda la duración del contrato. Una vez finalizada esta relación, en su caso, los datos podrán conservarse durante el tiempo exigido por la legislación aplicable y hasta que prescriban los plazos de responsabilidades derivadas del contrato.",,Pendiente,
componentes/privacy-policy,privacy-policy,sections[2].paragraphs[2],"Data for managing inquiries and requests will be kept for the time necessary to respond to them, and once they have been answered, for a maximum period of one year.","Los datos para la gestión de consultas y solicitudes se conservarán durante el tiempo necesario para responderlas, y una vez contestadas, durante un periodo máximo de un año.",,Pendiente,
componentes/privacy-policy,privacy-policy,sections[2].paragraphs[3],Data related to comments on our products will be kept during the validity and advertising of the products or services to which they refer unless you express your desire for them to be deleted at any time.,Los datos relacionados con comentarios sobre nuestros productos se conservarán durante la vigencia y publicidad de los productos o servicios a los que se refieren salvo que manifieste su deseo de que sean eliminados en cualquier momento.,,Pendiente,
componentes/privacy-policy,privacy-policy,sections[2].paragraphs[4],"Data for sending commercial communications and creating commercial profiles of our products or services will be kept indefinitely until, if applicable, you express your desire to have them deleted.","Los datos para el envío de comunicaciones comerciales y la creación de perfiles comerciales de nuestros productos o servicios se conservarán de forma indefinida hasta que, en su caso, manifieste su deseo de que sean eliminados.",,Pendiente,
componentes/privacy-policy,privacy-policy,sections[2].paragraphs[5],Curriculum Vitae data for selection processes will be kept for one year.,Los datos de Curriculum Vitae para procesos de selección se conservarán durante un año.,,Pendiente,
componentes/privacy-policy,privacy-policy,sections[2].paragraphs[6],"Notwithstanding the foregoing, the data controller may keep, duly blocked, the data to attend to possible administrative or jurisdictional responsibilities during the periods required by applicable regulations.","Sin perjuicio de lo anterior, el responsable del tratamiento podrá conservar, debidamente bloqueados, los datos para atender a posibles responsabilidades administrativas o jurisdiccionales durante los plazos exigidos por la normativa aplicable.",,Pendiente,
componentes/privacy-policy,privacy-policy,sections[2].paragraphs[7],"Likewise, FXStreet may proceed after the maximum data storage period to anonymize and group the data for subsequent statistical and profiling analyses. These analyses will not allow the re-identification of the affected subjects.","Asimismo, FXStreet podrá proceder tras el periodo máximo de conservación de datos a anonimizar y agrupar los datos para posteriores análisis estadísticos y de perfilado. Estos análisis no permitirán la reidentificación de los sujetos afectados.",,Pendiente,
componentes/privacy-policy,privacy-policy,sections[2].title,3. DURATION OF DATA STORAGE,3. DURACIÓN DEL ALMACENAMIENTO DE DATOS,,Pendiente,
componentes/privacy-policy,privacy-policy,sections[3].paragraphs[0],"The operations, management, and technical procedures, whether performed in an automated or non-automated manner, that enable the collection, storage, modification, transfer, and other actions on personal data are considered to be the processing of personal data.","Se considera tratamiento de datos personales las operaciones, gestiones y procedimientos técnicos, sean realizados de manera automatizada o no, que posibiliten la recogida, el almacenamiento, la modificación, la transferencia y otras acciones sobre datos de carácter personal.",,Pendiente,
componentes/privacy-policy,privacy-policy,sections[3].paragraphs[10],"<strong>Selection:</strong> Evaluate and manage, where appropriate, your Curriculum Vitae for selection processes that fit your professional profile and carry out the necessary actions for the selection and hiring of personnel.","<strong>Selección:</strong> Evaluar y gestionar, en su caso, su Curriculum Vitae para procesos de selección que se ajusten a su perfil profesional y llevar a cabo las acciones necesarias para la selección y contratación de personal.",,Pendiente,
componentes/privacy-policy,privacy-policy,sections[3].paragraphs[11],"Likewise, said data will be processed for subsequent anonymization and grouping for the purpose of statistically analyzing trends and profiling groups to improve the services offered by FXStreet.","Asimismo, dichos datos serán tratados para su posterior anonimización y agrupación con el fin de analizar estadísticamente tendencias y perfilar grupos para mejorar los servicios ofrecidos por FXStreet.",,Pendiente,
componentes/privacy-policy,privacy-policy,sections[3].paragraphs[12],"All fields in the forms must be completed for FXStreet to fulfill the purposes mentioned above. In the case of optional fields in a form, they will be expressly indicated.","Todos los campos de los formularios deben ser completados para que FXStreet pueda cumplir con las finalidades mencionadas anteriormente. En el caso de campos opcionales en un formulario, se indicarán expresamente.",,Pendiente,
componentes/privacy-policy,privacy-policy,sections[3].paragraphs[13],"The user may object to the sending of commercial communications at any time by sending an email to the address indicated above, or through the corresponding section in the user profile of the platform offered by FXStreet.","El usuario podrá oponerse al envío de comunicaciones comerciales en cualquier momento mediante el envío de un correo electrónico a la dirección indicada anteriormente, o a través de la sección correspondiente en el perfil de usuario de la plataforma ofrecida por FXStreet.",,Pendiente,
componentes/privacy-policy,privacy-policy,sections[3].paragraphs[14],"In addition to specific treatments according to the service you request, FXStreet may store the IP address of users' devices, only for technical and security reasons, and therefore, based on the legitimate interest of safeguarding the integrity and security of the service.","Además de tratamientos específicos según el servicio que solicite, FXStreet podrá almacenar la dirección IP de los dispositivos de los usuarios, únicamente por razones técnicas y de seguridad, y por tanto, en base al interés legítimo de salvaguardar la integridad y seguridad del servicio.",,Pendiente,
componentes/privacy-policy,privacy-policy,sections[3].paragraphs[1],"At FXStreet, we process the personal data that the user provides to us for the provision of services offered by the platform, including among others the following:","En FXStreet tratamos los datos personales que el usuario nos facilita para la prestación de servicios ofrecidos por la plataforma, incluyendo entre otros los siguientes:",,Pendiente,
componentes/privacy-policy,privacy-policy,sections[3].paragraphs[2],"<strong>Service provision:</strong> The data of registered users will be processed in order to provide the service, obtain payments, issue invoices, as well as load and send documents that may be necessary, and to verify subscription to the service. Likewise, such data may be affected by internal auditing functions of the service.","<strong>Prestación del servicio:</strong> Los datos de los usuarios registrados serán tratados con el fin de prestar el servicio, obtener los pagos, emitir las facturas, así como cargar y enviar documentos que puedan ser necesarios, y verificar la suscripción al servicio. Asimismo, dichos datos podrán verse afectados por funciones de auditoría interna del servicio.",,Pendiente,
componentes/privacy-policy,privacy-policy,sections[3].paragraphs[3],"<strong>Profiling:</strong> The data provided by the user, as well as their actions on the platform, may be used to create a profile that FXStreet can use to offer personalized content, products, and services.","<strong>Perfilado:</strong> Los datos proporcionados por el usuario, así como sus acciones en la plataforma, podrán ser utilizados para crear un perfil que FXStreet pueda usar para ofrecer contenido, productos y servicios personalizados.",,Pendiente,
componentes/privacy-policy,privacy-policy,sections[3].paragraphs[4],"<strong>Contact with the user and/or support:</strong> User data will be used to provide the service and resolve reported incidents. Requesting technical support may require accessing other data related to the notifying user, depending on the nature of the incident.","<strong>Contacto con el usuario y/o soporte:</strong> Los datos del usuario serán utilizados para prestar el servicio y resolver incidencias reportadas. La solicitud de soporte técnico puede requerir acceder a otros datos relacionados con el usuario notificante, dependiendo de la naturaleza de la incidencia.",,Pendiente,
componentes/privacy-policy,privacy-policy,sections[3].paragraphs[5],"<strong>Sending commercial information and promotions:</strong> User data may be used to notify new functions incorporated into the system, as well as commercial information about the services offered by FXStreet, including, among others, discounts and other offers.","<strong>Envío de información comercial y promociones:</strong> Los datos del usuario podrán ser utilizados para notificar nuevas funciones incorporadas al sistema, así como información comercial sobre los servicios ofrecidos por FXStreet, incluyendo, entre otros, descuentos y otras ofertas.",,Pendiente,
componentes/privacy-policy,privacy-policy,sections[3].paragraphs[6],"<strong>Security audits:</strong> Data on the use of FXStreet services may be internally analyzed to detect potential fraud and violations of the service's Terms and Conditions, as well as to carry out treatments required by law.","<strong>Auditorías de seguridad:</strong> Los datos sobre el uso de los servicios de FXStreet podrán ser analizados internamente para detectar posibles fraudes y violaciones de los Términos y Condiciones del servicio, así como para llevar a cabo tratamientos exigidos por ley.",,Pendiente,
componentes/privacy-policy,privacy-policy,sections[3].paragraphs[7],"<strong>Statistics:</strong> Usage profiles may be analyzed by FXStreet to study behavior and preferences, with the aim of improving the user experience and its services.","<strong>Estadísticas:</strong> Los perfiles de uso podrán ser analizados por FXStreet para estudiar comportamientos y preferencias, con el objetivo de mejorar la experiencia del usuario y sus servicios.",,Pendiente,
componentes/privacy-policy,privacy-policy,sections[3].paragraphs[8],"<strong>Integration with third-party services:</strong> FXStreet may process data from its users to provide access to applications integrated with the service, such as automated and/or direct sending of data incorporated into the platform to third-party applications.","<strong>Integración con servicios de terceros:</strong> FXStreet podrá tratar datos de sus usuarios para proporcionar acceso a aplicaciones integradas con el servicio, como el envío automatizado y/o directo de datos incorporados en la plataforma a aplicaciones de terceros.",,Pendiente,
componentes/privacy-policy,privacy-policy,sections[3].paragraphs[9],"<strong>Other purposes:</strong> FXStreet's use of the user's personal data for purposes other than those indicated in this privacy policy will require informing the user and, if applicable, obtaining their consent.","<strong>Otras finalidades:</strong> El uso por parte de FXStreet de los datos personales del usuario para finalidades distintas a las indicadas en esta política de privacidad requerirá informar al usuario y, en su caso, obtener su consentimiento.",,Pendiente,
componentes/privacy-policy,privacy-policy,sections[3].title,4. PURPOSE OF DATA PROCESSING,4. FINALIDAD DEL TRATAMIENTO DE DATOS,,Pendiente,
componentes/privacy-policy,privacy-policy,sections[4].paragraphs[0],The processing of personal data provided by the user is based on the following legal bases that legitimize it:,El tratamiento de los datos personales facilitados por el usuario se basa en las siguientes bases legales que lo legitiman:,,Pendiente,
componentes/privacy-policy,privacy-policy,sections[4].paragraphs[1],"Through the completion of forms on the Web, participation in selection procedures, or by sending emails or any other type of information request sent to FXStreet, the interested party provides their express consent for the processing of their personal data. Likewise, with regard to the provision of the service indicated in the previous section, FXStreet will process your personal data for the execution of the subscription contract for the service.","Mediante la cumplimentación de formularios en la Web, participación en procedimientos de selección, o mediante el envío de correos electrónicos o cualquier otro tipo de solicitud de información enviada a FXStreet, el interesado presta su consentimiento expreso para el tratamiento de sus datos personales. Asimismo, en lo que respecta a la prestación del servicio indicado en el apartado anterior, FXStreet tratará sus datos personales para la ejecución del contrato de suscripción del servicio.",,Pendiente,
componentes/privacy-policy,privacy-policy,sections[4].paragraphs[2],"Likewise, your data may be used based on the legitimate interest in promoting our services and disseminating our brand through marketing actions, provided that such interest does not prevail over fundamental rights and freedoms that require the protection of personal data.","Asimismo, sus datos podrán ser utilizados en base al interés legítimo de promocionar nuestros servicios y difundir nuestra marca a través de acciones de marketing, siempre que dicho interés no prevalezca sobre derechos y libertades fundamentales que requieran la protección de datos personales.",,Pendiente,
componentes/privacy-policy,privacy-policy,sections[4].paragraphs[3],"When a user joins Telegram groups managed by FXStreet, the interested party provides their express consent for the processing of their personal data, including their use for marketing activities, in this case, limited to receiving publications made in the channel they have joined, without being used individually for personalization of the received advertising, or the use of private messages to send such content, without prejudice to the identification of promoted third-party services.","Cuando un usuario se une a grupos de Telegram gestionados por FXStreet, el interesado presta su consentimiento expreso para el tratamiento de sus datos personales, incluyendo su uso para actividades de marketing, en este caso, limitado a recibir publicaciones realizadas en el canal al que se ha unido, sin ser utilizados individualmente para personalización de la publicidad recibida, o el uso de mensajes privados para enviar dicho contenido, sin perjuicio de la identificación de servicios de terceros promocionados.",,Pendiente,
componentes/privacy-policy,privacy-policy,sections[4].paragraphs[4],"This consent will be understood as free, specific, informed, and unequivocal since, after reading this Privacy Policy, the user is informed and, if they agree, can accept it through a declaration or a clear affirmative action, such as marking a checkbox provided for this purpose or joining groups in instant messaging applications from the client installed on their chosen device.","Este consentimiento se entenderá como libre, específico, informado e inequívoco ya que, tras la lectura de esta Política de Privacidad, el usuario está informado y, si está de acuerdo, puede aceptarla mediante una declaración o una acción afirmativa clara, como marcar una casilla de verificación proporcionada para este propósito o unirse a grupos en aplicaciones de mensajería instantánea desde el cliente instalado en su dispositivo elegido.",,Pendiente,
componentes/privacy-policy,privacy-policy,sections[4].paragraphs[5],"In no case will FXStreet use the personal data of interested parties for purposes other than those mentioned above, and undertakes to keep due professional secrecy and to establish the necessary technical and organizational measures to safeguard the information provided by its users.","En ningún caso FXStreet utilizará los datos personales de los interesados para finalidades distintas a las mencionadas anteriormente, y se compromete a guardar el debido secreto profesional y a establecer las medidas técnicas y organizativas necesarias para salvaguardar la información proporcionada por sus usuarios.",,Pendiente,
componentes/privacy-policy,privacy-policy,sections[4].title,5. LEGAL BASIS FOR DATA PROCESSING,5. BASE LEGAL PARA EL TRATAMIENTO DE DATOS,,Pendiente,
componentes/privacy-policy,privacy-policy,sections[5].paragraphs[0],"In the processing of the personal data of its users, FXStreet will apply the following principles that comply with the requirements of the new European data protection regulation:","En el tratamiento de los datos personales de sus usuarios, FXStreet aplicará los siguientes principios que cumplen con los requisitos del nuevo reglamento europeo de protección de datos:",,Pendiente,
componentes/privacy-policy,privacy-policy,sections[5].paragraphs[1],"<strong>Principle of lawfulness, fairness, and transparency:</strong> Your consent will always be required for the processing of personal data, specifying one or more purposes that will be previously informed with absolute transparency.","<strong>Principio de licitud, lealtad y transparencia:</strong> Siempre se requerirá su consentimiento para el tratamiento de datos personales, especificando uno o más fines que serán informados previamente con absoluta transparencia.",,Pendiente,
componentes/privacy-policy,privacy-policy,sections[5].paragraphs[2],"<strong>Principle of data minimization:</strong> Only the strictly necessary data for the purposes required will be requested. Likewise, in the case of optional additional data that may allow for greater personalization of the service, their optional nature will be expressly indicated.","<strong>Principio de minimización de datos:</strong> Solo se solicitarán los datos estrictamente necesarios para los fines requeridos. Asimismo, en el caso de datos adicionales opcionales que puedan permitir una mayor personalización del servicio, se indicará expresamente su carácter opcional.",,Pendiente,
componentes/privacy-policy,privacy-policy,sections[5].paragraphs[3],<strong>Principle of limitation of storage period:</strong> Data will be stored for no longer than necessary for the purposes of the processing.,<strong>Principio de limitación del plazo de conservación:</strong> Los datos se almacenarán durante no más tiempo del necesario para los fines del tratamiento.,,Pendiente,
componentes/privacy-policy,privacy-policy,sections[5].paragraphs[4],<strong>Principle of integrity and confidentiality:</strong> Your data will be processed in a way that ensures adequate security and guarantees confidentiality.,<strong>Principio de integridad y confidencialidad:</strong> Sus datos serán tratados de manera que se garantice una seguridad adecuada y se garantice la confidencialidad.,,Pendiente,
componentes/privacy-policy,privacy-policy,sections[5].title,6. APPLICABLE PRINCIPLES FOR DATA PROCESSING,6. PRINCIPIOS APLICABLES PARA EL TRATAMIENTO DE DATOS,,Pendiente,
componentes/privacy-policy,privacy-policy,sections[6].paragraphs[0],"In general, FXStreet will not communicate this personal data to third parties, except when providing a service requires a contractual relationship with a data processor and it is strictly necessary to manage and maintain the relationship between the user and said company, such as financial entities through which payment management is carried out. This will only be done for the time necessary to enable the execution of the processing contract, and under the same conditions and with the same responsibilities required of the controller.","En general, FXStreet no comunicará estos datos personales a terceros, excepto cuando la prestación de un servicio requiera una relación contractual con un encargado del tratamiento y sea estrictamente necesario para gestionar y mantener la relación entre el usuario y dicha empresa, como entidades financieras a través de las cuales se realiza la gestión de pagos. Esto solo se realizará durante el tiempo necesario para permitir la ejecución del contrato de tratamiento, y bajo las mismas condiciones y con las mismas responsabilidades requeridas del responsable.",,Pendiente,
componentes/privacy-policy,privacy-policy,sections[6].paragraphs[1],"On the other hand, third parties who have a legal or contractual obligation with FXStreet to provide access to this personal data will have the right to access it, including, for example, the Ombudsman and Judges and Courts interested in related proceedings with submitted claims, as well as other competent Public Administrations, in cases provided by law and for the purposes defined therein.","Por otro lado, terceros que tengan una obligación legal o contractual con FXStreet para proporcionar acceso a estos datos personales tendrán derecho a acceder a ellos, incluyendo, por ejemplo, el Defensor del Pueblo y Jueces y Tribunales interesados en procedimientos relacionados con reclamaciones presentadas, así como otras Administraciones Públicas competentes, en casos previstos por ley y para los fines definidos en ella.",,Pendiente,
componentes/privacy-policy,privacy-policy,sections[6].title,7. DATA COMMUNICATION,7. COMUNICACIÓN DE DATOS,,Pendiente,
componentes/privacy-policy,privacy-policy,sections[7].paragraphs[0],"The user may exercise at any time, under the terms established by current legislation, the rights to access, rectify or deletion of data, request the restriction of processing of their personal data, object to it, request the portability of their data, as well as revoke the consent given, rights recognized in the aforementioned Regulation (EU). The user may exercise these rights by contacting FXStreet at the address of its registered office indicated above; by sending an email to the following address privacy@fxstreet.com or to the postal address c/Portaferrisa 7 08002 Barcelona, Spain.","El usuario podrá ejercer en cualquier momento, en los términos establecidos por la legislación vigente, los derechos de acceso, rectificación o supresión de datos, solicitar la restricción del tratamiento de sus datos personales, oponerse al mismo, solicitar la portabilidad de sus datos, así como revocar el consentimiento prestado, derechos reconocidos en el mencionado Reglamento (UE). El usuario podrá ejercer estos derechos contactando con FXStreet en la dirección de su domicilio social indicada anteriormente; mediante el envío de un correo electrónico a la siguiente dirección privacy@fxstreet.com o a la dirección postal c/Portaferrisa 7 08002 Barcelona, España.",,Pendiente,
componentes/privacy-policy,privacy-policy,sections[7].paragraphs[10],"Likewise, the user may file a complaint with the Spanish Data Protection Agency (the competent supervisory authority in this matter), especially when they have not obtained satisfaction in the exercise of their rights, by sending a letter to the following address: C/Jorge Juan, nº 6, 28001 - Madrid, or through the website: https://www.agpd.es","Asimismo, el usuario podrá presentar una reclamación ante la Agencia Española de Protección de Datos (la autoridad de control competente en esta materia), especialmente cuando no haya obtenido satisfacción en el ejercicio de sus derechos, mediante el envío de una carta a la siguiente dirección: C/Jorge Juan, nº 6, 28001 - Madrid, o a través del sitio web: https://www.agpd.es",,Pendiente,
componentes/privacy-policy,privacy-policy,sections[7].paragraphs[1],"Interested parties may access their personal data, obtain confirmation as to whether or not personal data concerning them is being processed, as well as request the rectification of inaccurate data or, where appropriate, request its deletion when, among other reasons, the data is no longer necessary for the purposes for which it was collected. Under certain circumstances, interested parties may request the restriction of the processing of their data, in which case it will only be kept for the exercise or defense of claims that may arise.","Los interesados podrán acceder a sus datos personales, obtener confirmación sobre si se están tratando o no datos personales que les conciernen, así como solicitar la rectificación de datos inexactos o, en su caso, solicitar su supresión cuando, entre otros motivos, los datos ya no sean necesarios para los fines para los que fueron recogidos. En determinadas circunstancias, los interesados podrán solicitar la restricción del tratamiento de sus datos, en cuyo caso solo se conservarán para el ejercicio o la defensa de reclamaciones que puedan surgir.",,Pendiente,
componentes/privacy-policy,privacy-policy,sections[7].paragraphs[2],"Interested parties may also object to the processing of their data. In this case, FXStreet will stop processing the data, except for compelling legitimate reasons, or the exercise or defense of possible claims.","Los interesados también podrán oponerse al tratamiento de sus datos. En este caso, FXStreet dejará de tratar los datos, salvo por motivos legítimos imperiosos, o el ejercicio o la defensa de posibles reclamaciones.",,Pendiente,
componentes/privacy-policy,privacy-policy,sections[7].paragraphs[3],"As an interested party, you have the right to receive the personal data that concerns you, in a structured, commonly used, and machine-readable format, and to transmit them to another data controller when:","Como interesado, tiene derecho a recibir los datos personales que le conciernen, en un formato estructurado, de uso común y lectura mecánica, y a transmitirlos a otro responsable del tratamiento cuando:",,Pendiente,
componentes/privacy-policy,privacy-policy,sections[7].paragraphs[4],The processing is based on consent.,El tratamiento esté basado en el consentimiento.,,Pendiente,
componentes/privacy-policy,privacy-policy,sections[7].paragraphs[5],The data has been provided by the interested party.,Los datos hayan sido proporcionados por el interesado.,,Pendiente,
componentes/privacy-policy,privacy-policy,sections[7].paragraphs[6],The processing is carried out by automated means.,El tratamiento se efectúe por medios automatizados.,,Pendiente,
componentes/privacy-policy,privacy-policy,sections[7].paragraphs[7],"When exercising your right to data portability, you will have the right to have personal data transmitted directly from one controller to another, where technically feasible.","Al ejercer su derecho a la portabilidad de datos, tendrá derecho a que los datos personales se transmitan directamente de un responsable a otro, cuando sea técnicamente posible.",,Pendiente,
componentes/privacy-policy,privacy-policy,sections[7].paragraphs[8],"Regarding treatments based on user consent, you can withdraw such consent at any time. However, withdrawing your consent will not affect the lawfulness of the processing carried out under your consent before its withdrawal, and will not affect the lawfulness of the processing we continue to carry out under any other legal basis.","En relación con tratamientos basados en el consentimiento del usuario, puede retirar dicho consentimiento en cualquier momento. Sin embargo, la retirada de su consentimiento no afectará a la licitud del tratamiento efectuado bajo su consentimiento antes de su retirada, y no afectará a la licitud del tratamiento que continuemos realizando bajo cualquier otra base legal.",,Pendiente,
componentes/privacy-policy,privacy-policy,sections[7].paragraphs[9],"For the effective exercise of these rights, the user must prove their identity by providing their name and surname, a photocopy of their ID or equivalent identifying document that proves their identity, a request that specifies the request, an address for notifications, and the date and signature of the requester.","Para el ejercicio efectivo de estos derechos, el usuario deberá acreditar su identidad proporcionando su nombre y apellidos, una fotocopia de su DNI o documento identificativo equivalente que acredite su identidad, una solicitud que especifique la petición, una dirección para notificaciones, y la fecha y firma del solicitante.",,Pendiente,
componentes/privacy-policy,privacy-policy,sections[7].title,8. RIGHTS OF THE INTERESTED PARTIES,8. DERECHOS DE LOS INTERESADOS,,Pendiente,
componentes/privacy-policy,privacy-policy,sections[8].paragraphs[0],"By using this website, you acknowledge and agree that you have the right to request that your personal data be erased or forgotten in accordance with applicable data protection laws. If you wish to exercise this right, please contact us using the contact information provided on our website.","Al usar este sitio web, usted reconoce y acepta que tiene derecho a solicitar que sus datos personales sean borrados u olvidados de acuerdo con las leyes de protección de datos aplicables. Si desea ejercer este derecho, póngase en contacto con nosotros utilizando la información de contacto proporcionada en nuestro sitio web.",,Pendiente,
componentes/privacy-policy,privacy-policy,sections[8].paragraphs[1],"We will consider all requests for erasure or forgotten data in accordance with applicable laws and regulations. In some cases, we may be required to retain certain data for legal or regulatory reasons. If we are unable to comply with your request for erasure or forgotten data, we will inform you of the reasons for our inability to do so.","Consideraremos todas las solicitudes de borrado u olvido de datos de acuerdo con las leyes y regulaciones aplicables. En algunos casos, es posible que estemos obligados a conservar ciertos datos por razones legales o regulatorias. Si no podemos cumplir con su solicitud de borrado u olvido de datos, le informaremos de las razones de nuestra incapacidad para hacerlo.",,Pendiente,
componentes/privacy-policy,privacy-policy,sections[8].paragraphs[2],"Please note that the right to be forgotten is not an absolute right, and may be limited in certain circumstances. For example, we may be required to retain certain data for legal or regulatory reasons, or to exercise or defend legal claims. Additionally, erasure or forgotten data may not be possible if it is necessary for the performance of a contract or service that you have requested.","Tenga en cuenta que el derecho al olvido no es un derecho absoluto y puede estar limitado en ciertas circunstancias. Por ejemplo, es posible que estemos obligados a conservar ciertos datos por razones legales o regulatorias, o para ejercer o defender reclamaciones legales. Además, el borrado u olvido de datos puede no ser posible si es necesario para el cumplimiento de un contrato o servicio que haya solicitado.",,Pendiente,
componentes/privacy-policy,privacy-policy,sections[8].paragraphs[3],We will make reasonable efforts to ensure that any personal data that is retained is accurate and up-to-date. You have the right to request that any inaccurate data be corrected or updated.,Haremos esfuerzos razonables para garantizar que cualquier dato personal que se conserve sea preciso y esté actualizado. Tiene derecho a solicitar que cualquier dato inexacto sea corregido o actualizado.,,Pendiente,
componentes/privacy-policy,privacy-policy,sections[8].paragraphs[4],"We may update these terms and conditions from time to time. Any changes will be posted on our website, and your continued use of our website will be deemed acceptance of any updated terms and conditions.","Podemos actualizar estos términos y condiciones de vez en cuando. Cualquier cambio se publicará en nuestro sitio web, y su uso continuado de nuestro sitio web se considerará como aceptación de cualquier término y condición actualizado.",,Pendiente,
componentes/privacy-policy,privacy-policy,sections[8].paragraphs[5],"By using our website, you agree to the terms and conditions set out in this section on the right to be forgotten.","Al usar nuestro sitio web, acepta los términos y condiciones establecidos en esta sección sobre el derecho al olvido.",,Pendiente,
componentes/privacy-policy,privacy-policy,sections[8].title,9. RIGHT TO BE FORGOTTEN,9. DERECHO AL OLVIDO,,Pendiente,
componentes/privacy-policy,privacy-policy,sections[9].paragraphs[0],"We take the security of your personal information very seriously and have implemented measures to protect against unauthorized access, alteration, or disclosure. In the event of a data breach, we will take appropriate steps to notify affected users and authorities as required by law.","Nos tomamos muy en serio la seguridad de su información personal y hemos implementado medidas para proteger contra el acceso, alteración o divulgación no autorizados. En caso de una violación de datos, tomaremos las medidas apropiadas para notificar a los usuarios afectados y a las autoridades según lo requiera la ley.",,Pendiente,
componentes/privacy-policy,privacy-policy,sections[9].paragraphs[1],"If we become aware of a data breach that compromises the security of your personal information, we will take steps to investigate the breach and mitigate any harm. This may include notifying affected users, updating our security measures, and cooperating with law enforcement agencies.","Si nos enteramos de una violación de datos que comprometa la seguridad de su información personal, tomaremos medidas para investigar la violación y mitigar cualquier daño. Esto puede incluir notificar a los usuarios afectados, actualizar nuestras medidas de seguridad y cooperar con las agencias de aplicación de la ley.",,Pendiente,
componentes/privacy-policy,privacy-policy,sections[9].paragraphs[2],"We are not responsible for any harm or damages resulting from a data breach that is beyond our control, including but not limited to attacks by malicious third parties or natural disasters. However, we will take all reasonable measures to prevent and mitigate any potential breaches.","No somos responsables de ningún daño o perjuicio resultante de una violación de datos que esté fuera de nuestro control, incluyendo pero no limitado a ataques de terceros maliciosos o desastres naturales. Sin embargo, tomaremos todas las medidas razonables para prevenir y mitigar cualquier violación potencial.",,Pendiente,
componentes/privacy-policy,privacy-policy,sections[9].paragraphs[3],"By using our services, you acknowledge that no method of transmission over the internet or electronic storage is 100% secure, and you agree to assume any risk associated with the security of your personal information.","Al usar nuestros servicios, reconoce que ningún método de transmisión por Internet o almacenamiento electrónico es 100% seguro, y acepta asumir cualquier riesgo asociado con la seguridad de su información personal.",,Pendiente,
componentes/privacy-policy,privacy-policy,sections[9].title,10. DATA BREACHES,10. VIOLACIONES DE DATOS,,Pendiente,
componentes/privacy-policy,privacy-policy,title,Privacy Policy,Política de Privacidad,,Pendiente,
componentes/terms-conditions,terms-conditions,sections[0].paragraphs[0],"These terms of use (the ""Terms of Use"") govern the access and use of the websites, hosted under the domain name www.fxstreet.com and www.forex.es (the ""Websites"") and under any of the subdomains or dependent web pages, as well as the contents and services that the owner of the Websites makes available to its users (the ""Users"") and establish together with the Privacy and Cookies Policy, relating to the management of personal data of Users, the terms and conditions governing said Websites (the ""Terms and Conditions"").","Estos términos de uso (los ""Términos de Uso"") rigen el acceso y uso de los sitios web, alojados bajo el nombre de dominio www.fxstreet.com y www.forex.es (los ""Sitios Web"") y bajo cualquiera de los subdominios o páginas web dependientes, así como los contenidos y servicios que el propietario de los Sitios Web pone a disposición de sus usuarios (los ""Usuarios"") y establecen junto con la Política de Privacidad y Cookies, relativa a la gestión de datos personales de los Usuarios, los términos y condiciones que rigen dichos Sitios Web (los ""Términos y Condiciones"").",,Pendiente,
componentes/terms-conditions,terms-conditions,sections[0].paragraphs[1],"In compliance with article 10 of Law 34/2002, of July 11, involving Information Society Services and Electronic Commerce, the following identification data of the owner of the aforementioned Websites are provided:","En cumplimiento del artículo 10 de la Ley 34/2002, de 11 de julio, de Servicios de la Sociedad de la Información y de Comercio Electrónico, se facilitan los siguientes datos identificativos del propietario de los citados Sitios Web:",,Pendiente,
componentes/terms-conditions,terms-conditions,sections[0].paragraphs[2],"FOREXSTREET, S.L.U. is a commercial company whose registered office is located in Barcelona, Calle Portaferrissa, number 7, 1º 2ª, provided with CIF B62498233 and registered in the Mercantile Registry of Barcelona, Volume 33351, Folio 135, Page B230633","FOREXSTREET, S.L.U. es una sociedad mercantil cuyo domicilio social se encuentra en Barcelona, Calle Portaferrissa, número 7, 1º 2ª, provista de CIF B62498233 e inscrita en el Registro Mercantil de Barcelona, Tomo 33351, Folio 135, Hoja B230633",,Pendiente,
componentes/terms-conditions,terms-conditions,sections[0].paragraphs[3],"Access to the Websites or their use by the User necessarily implies, without reservation, knowledge, and acceptance of the Terms and Conditions. Therefore, it is recommended that the User read them carefully each time they wish to access the aforementioned Websites. If the User does not accept the clauses established in these Terms of Use, they must refrain from accessing and/or using the services and/or content made available on the Websites and proceed to leave them.","El acceso a los Sitios Web o su uso por parte del Usuario implica necesariamente, sin reserva alguna, el conocimiento y aceptación de los Términos y Condiciones. Por lo tanto, se recomienda al Usuario que los lea detenidamente cada vez que desee acceder a los citados Sitios Web. Si el Usuario no acepta las cláusulas establecidas en estos Términos de Uso, deberá abstenerse de acceder y/o utilizar los servicios y/o contenidos puestos a disposición en los Sitios Web y proceder a abandonarlos.",,Pendiente,
componentes/terms-conditions,terms-conditions,sections[0].paragraphs[4],"FOREXSTREET, S.L.U. has created the Websites as a way to share the latest news and updates from international experts in the foreign exchange market, including expert commentary, economic calendars, and relevant information related to this market, thus offering its Users up-to-date information on the most representative events related to the foreign exchange market.","FOREXSTREET, S.L.U. ha creado los Sitios Web como una forma de compartir las últimas noticias y actualizaciones de expertos internacionales en el mercado de divisas, incluyendo comentarios de expertos, calendarios económicos e información relevante relacionada con este mercado, ofreciendo así a sus Usuarios información actualizada sobre los eventos más representativos relacionados con el mercado de divisas.",,Pendiente,
componentes/terms-conditions,terms-conditions,sections[0].paragraphs[5],"In order to use the Services offered on the Websites, it is a necessary condition that Users are of legal age. Therefore, by accepting the following Terms and Conditions, the User declares that they are of legal age and have the necessary capacity to contract the Services offered on the Websites.","Para poder utilizar los Servicios ofrecidos en los Sitios Web, es condición necesaria que los Usuarios sean mayores de edad. Por lo tanto, al aceptar los siguientes Términos y Condiciones, el Usuario declara que es mayor de edad y tiene la capacidad necesaria para contratar los Servicios ofrecidos en los Sitios Web.",,Pendiente,
componentes/terms-conditions,terms-conditions,sections[0].paragraphs[6],"In relation to the above, the User will, in any case, be responsible for the accuracy and truthfulness of the data provided to FOREXSTREET, S.L.U. through the registration form.","En relación con lo anterior, el Usuario será, en cualquier caso, responsable de la exactitud y veracidad de los datos proporcionados a FOREXSTREET, S.L.U. a través del formulario de registro.",,Pendiente,
componentes/terms-conditions,terms-conditions,sections[0].title,1. GENERAL INFORMATION,1. INFORMACIÓN GENERAL,,Pendiente,
componentes/terms-conditions,terms-conditions,sections[1].paragraphs[0],"The user agrees not to use the Websites for activities contrary to the laws, morality, public order, and, in general, to make use in accordance with the conditions established in these Terms of Use. They also agree not to engage in advertising or commercial exploitation activities by sending messages using a false identity.","El usuario se compromete a no utilizar los Sitios Web para actividades contrarias a las leyes, la moral, el orden público y, en general, a hacer uso de acuerdo con las condiciones establecidas en estos Términos de Uso. También se compromete a no realizar actividades publicitarias o de explotación comercial mediante el envío de mensajes utilizando una identidad falsa.",,Pendiente,
componentes/terms-conditions,terms-conditions,sections[1].paragraphs[1],"The Company acts exclusively as the responsible party for the Websites in its capacity as a provider of an information service, not being responsible for the content that, in contravention of these general conditions, users may send or publish, the user being solely responsible for the truthfulness and legality of the same.","La Compañía actúa exclusivamente como responsable de los Sitios Web en su calidad de proveedor de un servicio de información, no siendo responsable del contenido que, en contravención de estas condiciones generales, los usuarios puedan enviar o publicar, siendo el usuario el único responsable de la veracidad y legalidad del mismo.",,Pendiente,
componentes/terms-conditions,terms-conditions,sections[1].paragraphs[2],The Company may interrupt the service of the Websites being used by the user and immediately terminate the relationship with the user if it detects a use of the Websites or any of the services offered therein that may be considered contrary to what is expressed in these Terms of Use.,La Compañía podrá interrumpir el servicio de los Sitios Web que esté utilizando el usuario y dar por terminada inmediatamente la relación con el usuario si detecta un uso de los Sitios Web o de cualquiera de los servicios ofrecidos en los mismos que pueda considerarse contrario a lo expresado en estos Términos de Uso.,,Pendiente,
componentes/terms-conditions,terms-conditions,sections[1].paragraphs[3],"The Company reserves the right to decide, at any time, on the continuity of the information society services it provides through its Websites.","La Compañía se reserva el derecho de decidir, en cualquier momento, sobre la continuidad de los servicios de la sociedad de la información que presta a través de sus Sitios Web.",,Pendiente,
componentes/terms-conditions,terms-conditions,sections[1].paragraphs[4],"Furthermore, the User assumes that the Company, if necessary, may inform administrative or judicial authorities of any facts that may constitute illegal activity, without the need to notify the User beforehand.","Además, el Usuario asume que la Compañía, si es necesario, podrá informar a las autoridades administrativas o judiciales de cualquier hecho que pueda constituir una actividad ilegal, sin necesidad de notificar previamente al Usuario.",,Pendiente,
componentes/terms-conditions,terms-conditions,sections[1].title,2. USE OF THE SITE,2. USO DEL SITIO,,Pendiente,
componentes/terms-conditions,terms-conditions,sections[2].list[0],Use updated versions of browsers.,Utilizar versiones actualizadas de navegadores.,,Pendiente,
componentes/terms-conditions,terms-conditions,sections[2].list[1],"In accessing the restricted access area, verify that access is being made to the correct page and use encryption protocols to ensure the integrity and confidentiality of the provided information.","Al acceder al área de acceso restringido, verificar que se está accediendo a la página correcta y utilizar protocolos de cifrado para garantizar la integridad y confidencialidad de la información proporcionada.",,Pendiente,
componentes/terms-conditions,terms-conditions,sections[2].list[2],Browse well-known websites.,Navegar por sitios web conocidos.,,Pendiente,
componentes/terms-conditions,terms-conditions,sections[2].list[3],"Do not accept the execution of programs whose download occurs automatically, if you do not trust the sources that originate your download.","No aceptar la ejecución de programas cuya descarga se produzca automáticamente, si no confía en las fuentes que originan su descarga.",,Pendiente,
componentes/terms-conditions,terms-conditions,sections[2].list[4],"If using public or shared computers with third parties, confirm that the automatic password reminder option is not activated.","Si utiliza ordenadores públicos o compartidos con terceros, confirme que la opción de recordatorio automático de contraseña no está activada.",,Pendiente,
componentes/terms-conditions,terms-conditions,sections[2].paragraphs[0],"When connecting to the Internet it is convenient that, in addition to taking care of the basic aspects of computer protection, the following precautionary measures are taken into account:","Al conectarse a Internet es conveniente que, además de cuidar los aspectos básicos de protección informática, se tengan en cuenta las siguientes medidas de precaución:",,Pendiente,
componentes/terms-conditions,terms-conditions,sections[2].subsections[0].paragraphs[0],"Passwords provided are strictly confidential, so it is the user's responsibility to make good use of them, observing a duty of diligence in their custody and use. In this regard, passwords should not be written on paper or in computer documents. You can change your password periodically. In this case, it is recommended that the chosen password be difficult to deduce, avoiding, for example, matching your birthday, birth, phone number, etc. For security reasons, access to the Services of the Websites may be blocked if the access key is entered incorrectly a certain number of times.","Las contraseñas proporcionadas son estrictamente confidenciales, por lo que es responsabilidad del usuario hacer un buen uso de ellas, observando un deber de diligencia en su custodia y uso. En este sentido, las contraseñas no deben escribirse en papel ni en documentos informáticos. Puede cambiar su contraseña periódicamente. En este caso, se recomienda que la contraseña elegida sea difícil de deducir, evitando, por ejemplo, que coincida con su cumpleaños, nacimiento, número de teléfono, etc. Por razones de seguridad, el acceso a los Servicios de los Sitios Web puede bloquearse si la clave de acceso se introduce incorrectamente un determinado número de veces.",,Pendiente,
componentes/terms-conditions,terms-conditions,sections[2].subsections[0].title,a) Password protection,a) Protección de contraseñas,,Pendiente,
componentes/terms-conditions,terms-conditions,sections[2].subsections[1].list[0],"Have up-to-date antivirus software, so you should consult the manufacturer's instructions to keep the automatic update active.","Tener un software antivirus actualizado, por lo que debe consultar las instrucciones del fabricante para mantener activa la actualización automática.",,Pendiente,
componentes/terms-conditions,terms-conditions,sections[2].subsections[1].list[1],"Analyze documents received electronically or from external sources, such as portable devices, with antivirus software.","Analizar documentos recibidos electrónicamente o de fuentes externas, como dispositivos portátiles, con software antivirus.",,Pendiente,
componentes/terms-conditions,terms-conditions,sections[2].subsections[1].list[2],Install programs from secure sources that do not infringe intellectual property rights.,Instalar programas de fuentes seguras que no infrinjan los derechos de propiedad intelectual.,,Pendiente,
componentes/terms-conditions,terms-conditions,sections[2].subsections[1].list[3],"It is advisable to install an anti-spyware system to prevent spyware programs, better known by the English term spyware. It is also recommended to set up a spam filter system to limit the sending of unwanted mass emails.","Es aconsejable instalar un sistema anti-spyware para prevenir programas espía, mejor conocidos por el término inglés spyware. También se recomienda configurar un sistema de filtro de spam para limitar el envío de correos electrónicos masivos no deseados.",,Pendiente,
componentes/terms-conditions,terms-conditions,sections[2].subsections[1].list[4],"If you receive unsolicited emails, it is advisable to confirm the sending with the sender or delete the message directly. It should never be opened even if it comes from a known sender.","Si recibe correos electrónicos no solicitados, es aconsejable confirmar el envío con el remitente o eliminar el mensaje directamente. Nunca debe abrirse aunque provenga de un remitente conocido.",,Pendiente,
componentes/terms-conditions,terms-conditions,sections[2].subsections[1].list[5],Do not participate in chain emails or forward emails indiscriminately.,No participar en cadenas de correos electrónicos ni reenviar correos electrónicos indiscriminadamente.,,Pendiente,
componentes/terms-conditions,terms-conditions,sections[2].subsections[1].list[6],Do not run attached files directly; it is much safer to extract them first to a directory on the computer.,No ejecutar archivos adjuntos directamente; es mucho más seguro extraerlos primero a un directorio del ordenador.,,Pendiente,
componentes/terms-conditions,terms-conditions,sections[2].subsections[1].note,"Having antivirus software does not ensure complete protection of the user's equipment, mainly due to two reasons: that the virus is so new that it is detected by the virus library of the program or that there is a ""false positive"", i.e., a program has programming code sequences similar to a virus.","Tener software antivirus no garantiza la protección completa del equipo del usuario, principalmente por dos razones: que el virus sea tan nuevo que sea detectado por la biblioteca de virus del programa o que haya un ""falso positivo"", es decir, un programa tiene secuencias de código de programación similares a un virus.",,Pendiente,
componentes/terms-conditions,terms-conditions,sections[2].subsections[1].paragraphs[0],"Viruses are programs that install on the computer, usually hidden from the owner, with harmful purposes for the user's equipment (for example, destroying files or the disk, spreading to other computers, or causing a malfunction of the computer).","Los virus son programas que se instalan en el ordenador, generalmente ocultos del propietario, con fines perjudiciales para el equipo del usuario (por ejemplo, destruir archivos o el disco, propagarse a otros ordenadores o causar un mal funcionamiento del ordenador).",,Pendiente,
componentes/terms-conditions,terms-conditions,sections[2].subsections[1].paragraphs[1],"To avoid possible virus infections, it is advisable to:","Para evitar posibles infecciones de virus, es aconsejable:",,Pendiente,
componentes/terms-conditions,terms-conditions,sections[2].subsections[1].title,b) Protection against viruses,b) Protección contra virus,,Pendiente,
componentes/terms-conditions,terms-conditions,sections[2].title,3. NAVIGATION PROTECTION,3. PROTECCIÓN DE NAVEGACIÓN,,Pendiente,
componentes/terms-conditions,terms-conditions,sections[3].paragraphs[0],"The entirety of the Websites: text, images, trademarks, graphics, logos, buttons, software files, color combinations, as well as the structure, selection, arrangement, and presentation of their contents, are protected by Intellectual and Industrial Property laws and belong to FOREXSTREET, S.L.U. as the author of collective work, with the reproduction, distribution, public communication, and transformation being prohibited, except for personal and private use.","La totalidad de los Sitios Web: textos, imágenes, marcas, gráficos, logotipos, botones, archivos de software, combinaciones de colores, así como la estructura, selección, ordenación y presentación de sus contenidos, están protegidos por las leyes de Propiedad Intelectual e Industrial y pertenecen a FOREXSTREET, S.L.U. como autor de obra colectiva, quedando prohibida la reproducción, distribución, comunicación pública y transformación, salvo para uso personal y privado.",,Pendiente,
componentes/terms-conditions,terms-conditions,sections[3].paragraphs[1],The Company does not guarantee that the contents are accurate or error-free or that the user's free use of them will not infringe upon the rights of third parties. The proper or improper use of this page and its contents is the responsibility of the user.,La Compañía no garantiza que los contenidos sean exactos o estén libres de errores o que el uso libre de los mismos por parte del usuario no infrinja los derechos de terceros. El uso adecuado o inadecuado de esta página y sus contenidos es responsabilidad del usuario.,,Pendiente,
componentes/terms-conditions,terms-conditions,sections[3].paragraphs[2],"Likewise, the reproduction, retransmission, copying, transfer, or redistribution, in whole or in part, of the information contained on the Page, regardless of its purpose and the means used for it, is prohibited without prior authorization from the Company.","Asimismo, queda prohibida la reproducción, retransmisión, copia, cesión o redistribución, total o parcial, de la información contenida en la Página, independientemente de su finalidad y de los medios utilizados para ello, sin autorización previa de la Compañía.",,Pendiente,
componentes/terms-conditions,terms-conditions,sections[3].title,4. INTELECTUAL AND INDUSTRIAL PROPERTY,4. PROPIEDAD INTELECTUAL E INDUSTRIAL,,Pendiente,
componentes/terms-conditions,terms-conditions,sections[4].paragraphs[0],"The Website may include links to third-party sites. Pages belonging to third parties have not been reviewed nor are they subject to controls by the Company. In any case, the Company cannot be held responsible for the content of these websites or for the measures taken regarding their privacy or the processing of their personal data.","El Sitio Web puede incluir enlaces a sitios de terceros. Las páginas pertenecientes a terceros no han sido revisadas ni están sujetas a controles por parte de la Compañía. En cualquier caso, la Compañía no puede ser considerada responsable del contenido de estos sitios web ni de las medidas adoptadas respecto a su privacidad o el tratamiento de sus datos personales.",,Pendiente,
componentes/terms-conditions,terms-conditions,sections[4].paragraphs[1],The Company recommends carefully reading the terms of use and privacy policies of these sites.,La Compañía recomienda leer detenidamente los términos de uso y las políticas de privacidad de estos sitios.,,Pendiente,
componentes/terms-conditions,terms-conditions,sections[4].paragraphs[2],"If you are interested in activating a link to any of the Company's pages, you must communicate it, obtaining express consent to create the link. The Company reserves the right to oppose the activation of links to its website.","Si está interesado en activar un enlace a cualquiera de las páginas de la Compañía, debe comunicarlo, obteniendo el consentimiento expreso para crear el enlace. La Compañía se reserva el derecho de oponerse a la activación de enlaces a su sitio web.",,Pendiente,
componentes/terms-conditions,terms-conditions,sections[4].title,5. LINKS,5. ENLACES,,Pendiente,
componentes/terms-conditions,terms-conditions,sections[5].list[0],"The content entered by them, especially the data and information entered and sent to the Company through the Websites.","El contenido introducido por ellos, especialmente los datos e información introducidos y enviados a la Compañía a través de los Sitios Web.",,Pendiente,
componentes/terms-conditions,terms-conditions,sections[5].list[1],"Carrying out any type of unlawful action, harmful to rights, harmful, and/or detrimental.","Llevar a cabo cualquier tipo de acción ilegal, perjudicial para los derechos, dañina y/o perjudicial.",,Pendiente,
componentes/terms-conditions,terms-conditions,sections[5].list[2],"The custody of their username and password, not communicating it to third parties, in order to avoid identity impersonation or providing false or incorrect data.","La custodia de su nombre de usuario y contraseña, no comunicándola a terceros, con el fin de evitar la suplantación de identidad o el suministro de datos falsos o incorrectos.",,Pendiente,
componentes/terms-conditions,terms-conditions,sections[5].paragraphs[0],The Company shall not be directly or indirectly responsible for:,La Compañía no será directa ni indirectamente responsable de:,,Pendiente,
componentes/terms-conditions,terms-conditions,sections[5].paragraphs[1],"The quality of the service, access speed, proper functioning, availability, and continuity of operation of the Page.","La calidad del servicio, velocidad de acceso, funcionamiento adecuado, disponibilidad y continuidad de funcionamiento de la Página.",,Pendiente,
componentes/terms-conditions,terms-conditions,sections[5].paragraphs[2],Any damage that may be caused to the user's equipment by the use of the Page.,Cualquier daño que pueda causarse al equipo del usuario por el uso de la Página.,,Pendiente,
componentes/terms-conditions,terms-conditions,sections[5].paragraphs[3],"Cases in which a third party, breaching the established security measures, accesses messages or uses them to send computer viruses.","Casos en los que un tercero, incumpliendo las medidas de seguridad establecidas, acceda a mensajes o los utilice para enviar virus informáticos.",,Pendiente,
componentes/terms-conditions,terms-conditions,sections[5].paragraphs[4],"Vices and defects of all kinds in the content transmitted, disseminated, stored, or made available.","Vicios y defectos de todo tipo en el contenido transmitido, difundido, almacenado o puesto a disposición.",,Pendiente,
componentes/terms-conditions,terms-conditions,sections[5].paragraphs[5],"The legality, reliability, and usefulness of the content that users transmit through the use of the page or the services offered on it, as well as its truthfulness or accuracy. The Company does not control the use that users make of the Page, nor does it guarantee that they do so in accordance with the provisions of this Legal Notice.","La legalidad, fiabilidad y utilidad del contenido que los usuarios transmiten a través del uso de la página o los servicios ofrecidos en ella, así como su veracidad o exactitud. La Compañía no controla el uso que los usuarios hacen de la Página, ni garantiza que lo hagan de acuerdo con lo dispuesto en este Aviso Legal.",,Pendiente,
componentes/terms-conditions,terms-conditions,sections[5].paragraphs[6],The updating of the content offered in the news sections.,La actualización del contenido ofrecido en las secciones de noticias.,,Pendiente,
componentes/terms-conditions,terms-conditions,sections[5].paragraphs[7],"By way of illustration and without limitation, the user shall be responsible for:","A título ilustrativo y sin limitación, el usuario será responsable de:",,Pendiente,
componentes/terms-conditions,terms-conditions,sections[5].title,6. LIABILITIES,6. RESPONSABILIDADES,,Pendiente,
componentes/terms-conditions,terms-conditions,sections[6].paragraphs[0],"For any type of controversy arising from the use of the services offered or the content of the Websites, the parties, by accepting the clauses established in these Terms of Use, shall submit to the competent Courts and Tribunals of Barcelona.","Para cualquier tipo de controversia derivada del uso de los servicios ofrecidos o del contenido de los Sitios Web, las partes, al aceptar las cláusulas establecidas en estos Términos de Uso, se someterán a los Juzgados y Tribunales competentes de Barcelona.",,Pendiente,
componentes/terms-conditions,terms-conditions,sections[6].title,7. JURISDICTION,7. JURISDICCIÓN,,Pendiente,
componentes/terms-conditions,terms-conditions,sections[7].paragraphs[0],"Please note that the Terms and Conditions outlined here apply only to our standard products and services. If you have purchased our Premium product, please refer to the Premium Terms and Conditions available at <a href=""/info/premium-terms-and-conditions"" class=""text-main-primary hover:underline"">https://www.fxstreet.com/info/premium-terms-and-conditions</a>. These terms and conditions contain additional information regarding the features and benefits of our Premium product, as well as any specific requirements or limitations associated with its use. By purchasing the Premium product, you agree to abide by these terms and conditions in addition to those outlined here for our standard products and services. If you have any questions or concerns regarding our Premium product or its associated terms and conditions, please do not hesitate to contact us.","Tenga en cuenta que los Términos y Condiciones aquí descritos se aplican únicamente a nuestros productos y servicios estándar. Si ha adquirido nuestro producto Premium, consulte los Términos y Condiciones Premium disponibles en <a href=""/info/premium-terms-and-conditions"" class=""text-main-primary hover:underline"">https://www.fxstreet.es/info/premium-terms-and-conditions</a>. Estos términos y condiciones contienen información adicional sobre las características y beneficios de nuestro producto Premium, así como cualquier requisito o limitación específica asociada con su uso. Al adquirir el producto Premium, usted acepta cumplir con estos términos y condiciones además de los aquí descritos para nuestros productos y servicios estándar. Si tiene alguna pregunta o inquietud sobre nuestro producto Premium o sus términos y condiciones asociados, no dude en contactarnos.",,Pendiente,
componentes/terms-conditions,terms-conditions,sections[7].title,8. PREMIUM PRODUCT,8. PRODUCTO PREMIUM,,Pendiente,
componentes/terms-conditions,terms-conditions,title,Terms and Conditions,Términos y Condiciones,,Pendiente,
